Year,Lag1,Lag2,Lag3,Lag4,Lag5,Volume,Today,Direction
2015,-0.0117,0.0068,0.0106,-0.0228,-0.0205,3075100,-0.0186,DOWN
2015,-0.0186,-0.0117,0.0068,0.0106,-0.0228,10065100,0.0114,UP
2015,0.0114,-0.0186,-0.0117,0.0068,0.0106,5362600,-0.005,DOWN
2015,-0.005,0.0114,-0.0186,-0.0117,0.0068,4496400,-0.0216,DOWN
2015,-0.0216,-0.005,0.0114,-0.0186,-0.0117,3169700,0.0132,UP
2015,0.0132,-0.0216,-0.005,0.0114,-0.0186,2920300,-0.0045,DOWN
2015,-0.0045,0.0132,-0.0216,-0.005,0.0114,3063800,0.027,UP
2015,0.027,-0.0045,0.0132,-0.0216,-0.005,8656600,0.044,UP
2015,0.044,0.027,-0.0045,0.0132,-0.0216,23856100,0.0067,UP
2015,0.0067,0.044,0.027,-0.0045,0.0132,10231900,-0.0087,DOWN
2015,-0.0087,0.0067,0.044,0.027,-0.0045,6212600,-0.0094,DOWN
2015,-0.0094,-0.0087,0.0067,0.044,0.027,4169900,-0.0093,DOWN
2015,-0.0093,-0.0094,-0.0087,0.0067,0.044,7247600,0.0259,UP
2015,0.0259,-0.0093,-0.0094,-0.0087,0.0067,3892400,0.1371,UP
2015,0.1371,0.0259,-0.0093,-0.0094,-0.0087,2724600,0.028,UP
2015,0.028,0.1371,0.0259,-0.0093,-0.0094,2287200,-0.0025,DOWN
2015,-0.0025,0.028,0.1371,0.0259,-0.0093,2786500,0.0033,UP
2015,0.0033,-0.0025,0.028,0.1371,0.0259,2791100,0.0251,UP
2015,0.0251,0.0033,-0.0025,0.028,0.1371,3475100,0.001,UP
2015,0.001,0.0251,0.0033,-0.0025,0.028,3673200,-0.0099,DOWN
2015,-0.0099,0.001,0.0251,0.0033,-0.0025,2650600,0.0066,UP
2015,0.0066,-0.0099,0.001,0.0251,0.0033,2953800,0.0057,UP
2015,0.0057,0.0066,-0.0099,0.001,0.0251,3258000,0.0054,UP
2015,0.0054,0.0057,0.0066,-0.0099,0.001,2177000,0.0124,UP
2015,0.0124,0.0054,0.0057,0.0066,-0.0099,1920800,-0.0168,DOWN
2015,-0.0168,0.0124,0.0054,0.0057,0.0066,3174500,-0.0055,DOWN
2015,-0.0055,-0.0168,0.0124,0.0054,0.0057,2687100,0.0151,UP
2015,0.0151,-0.0055,-0.0168,0.0124,0.0054,2532300,0.0123,UP
2015,0.0123,0.0151,-0.0055,-0.0168,0.0124,2139200,-0.0092,DOWN
2015,-0.0092,0.0123,0.0151,-0.0055,-0.0168,1946500,-0.0041,DOWN
2015,-0.0041,-0.0092,0.0123,0.0151,-0.0055,2259100,0.0179,UP
2015,0.0179,-0.0041,-0.0092,0.0123,0.0151,2693500,-0.0015,DOWN
2015,-0.0015,0.0179,-0.0041,-0.0092,0.0123,2627000,-0.0121,DOWN
2015,-0.0121,-0.0015,0.0179,-0.0041,-0.0092,2311400,0.0145,UP
2015,0.0145,-0.0121,-0.0015,0.0179,-0.0041,3121000,-0.0027,DOWN
2015,-0.0027,0.0145,-0.0121,-0.0015,0.0179,2495100,-0.0049,DOWN
2015,-0.0049,-0.0027,0.0145,-0.0121,-0.0015,2810000,0.0134,UP
2015,0.0134,-0.0049,-0.0027,0.0145,-0.0121,2611700,-0.02,DOWN
2015,-0.02,0.0134,-0.0049,-0.0027,0.0145,2354100,-0.004,DOWN
2015,-0.004,-0.02,0.0134,-0.0049,-0.0027,2037000,-0.0239,DOWN
2015,-0.0239,-0.004,-0.02,0.0134,-0.0049,2654100,-0.0085,DOWN
2015,-0.0085,-0.0239,-0.004,-0.02,0.0134,1915700,0.0215,UP
2015,0.0215,-0.0085,-0.0239,-0.004,-0.02,3763600,-0.0098,DOWN
2015,-0.0098,0.0215,-0.0085,-0.0239,-0.004,2239300,0.0075,UP
2015,0.0075,-0.0098,0.0215,-0.0085,-0.0239,2228200,-0.0038,DOWN
2015,-0.0038,0.0075,-0.0098,0.0215,-0.0085,3429500,0.0087,UP
2015,0.0087,-0.0038,0.0075,-0.0098,0.0215,2930000,-0.0051,DOWN
2015,-0.0051,0.0087,-0.0038,0.0075,-0.0098,2609800,0.0141,UP
2015,0.0141,-0.0051,0.0087,-0.0038,0.0075,1820900,-0.0089,DOWN
2015,-0.0089,0.0141,-0.0051,0.0087,-0.0038,2506100,-0.0027,DOWN
2015,-0.0027,-0.0089,0.0141,-0.0051,0.0087,2458100,-0.0084,DOWN
2015,-0.0084,-0.0027,-0.0089,0.0141,-0.0051,1875300,-0.0097,DOWN
2015,-0.0097,-0.0084,-0.0027,-0.0089,0.0141,3050700,0.0087,UP
2015,0.0087,-0.0097,-0.0084,-0.0027,-0.0089,1954900,0.0109,UP
2015,0.0109,0.0087,-0.0097,-0.0084,-0.0027,2636400,-0.0066,DOWN
2015,-0.0066,0.0109,0.0087,-0.0097,-0.0084,2392300,-0.0049,DOWN
2015,-0.0049,-0.0066,0.0109,0.0087,-0.0097,2573500,0.0054,UP
2015,0.0054,-0.0049,-0.0066,0.0109,0.0087,1894500,0.0129,UP
2015,0.0129,0.0054,-0.0049,-0.0066,0.0109,2583600,-0.007,DOWN
2015,-0.007,0.0129,0.0054,-0.0049,-0.0066,1933200,0.0181,UP
2015,0.0181,-0.007,0.0129,0.0054,-0.0049,2080400,0.0061,UP
2015,0.0061,0.0181,-0.007,0.0129,0.0054,3839700,-0.0023,DOWN
2015,-0.0023,0.0061,0.0181,-0.007,0.0129,5016100,-0.0008,DOWN
2015,-0.0008,-0.0023,0.0061,0.0181,-0.007,4643500,0.0072,UP
2015,0.0072,-0.0008,-0.0023,0.0061,0.0181,3474700,-0.0043,DOWN
2015,-0.0043,0.0072,-0.0008,-0.0023,0.0061,7980000,0.0068,UP
2015,0.0068,-0.0043,0.0072,-0.0008,-0.0023,17176900,-0.0271,DOWN
2015,-0.0271,0.0068,-0.0043,0.0072,-0.0008,5430900,0.0371,UP
2015,0.0371,-0.0271,0.0068,-0.0043,0.0072,4140500,0.0043,UP
2015,0.0043,0.0371,-0.0271,0.0068,-0.0043,3621700,-0.0035,DOWN
2015,-0.0035,0.0043,0.0371,-0.0271,0.0068,3647900,0.0005,UP
2015,0.0005,-0.0035,0.0043,0.0371,-0.0271,3565800,0.1413,UP
2015,0.1413,0.0005,-0.0035,0.0043,0.0371,2270400,-0.0147,DOWN
2015,-0.0147,0.1413,0.0005,-0.0035,0.0043,2856400,-0.0211,DOWN
2015,-0.0211,-0.0147,0.1413,0.0005,-0.0035,2552500,0.0001,UP
2015,0.0001,-0.0211,-0.0147,0.1413,0.0005,2766100,-0.0177,DOWN
2015,-0.0177,0.0001,-0.0211,-0.0147,0.1413,2908800,0.0026,UP
2015,0.0026,-0.0177,0.0001,-0.0211,-0.0147,2393700,0.0004,UP
2015,0.0004,0.0026,-0.0177,0.0001,-0.0211,1947800,-0.0044,DOWN
2015,-0.0044,0.0004,0.0026,-0.0177,0.0001,1996300,-0.005,DOWN
2015,-0.005,-0.0044,0.0004,0.0026,-0.0177,1888500,0.0186,UP
2015,0.0186,-0.005,-0.0044,0.0004,0.0026,4240300,0.016,UP
2015,0.016,0.0186,-0.005,-0.0044,0.0004,2390200,-0.0019,DOWN
2015,-0.0019,0.016,0.0186,-0.005,-0.0044,2464200,-0.0042,DOWN
2015,-0.0042,-0.0019,0.016,0.0186,-0.005,2196200,-0.0096,DOWN
2015,-0.0096,-0.0042,-0.0019,0.016,0.0186,4121400,0.0127,UP
2015,0.0127,-0.0096,-0.0042,-0.0019,0.016,2020600,-0.0145,DOWN
2015,-0.0145,0.0127,-0.0096,-0.0042,-0.0019,2244200,-0.0018,DOWN
2015,-0.0018,-0.0145,0.0127,-0.0096,-0.0042,2231100,-0.0083,DOWN
2015,-0.0083,-0.0018,-0.0145,0.0127,-0.0096,1912400,0.0051,UP
2015,0.0051,-0.0083,-0.0018,-0.0145,0.0127,3016100,0.0183,UP
2015,0.0183,0.0051,-0.0083,-0.0018,-0.0145,2253300,-0.0093,DOWN
2015,-0.0093,0.0183,0.0051,-0.0083,-0.0018,1668900,-0.0051,DOWN
2015,-0.0051,-0.0093,0.0183,0.0051,-0.0083,2727900,0.014,UP
2015,0.014,-0.0051,-0.0093,0.0183,0.0051,2510800,-0.0112,DOWN
2015,-0.0112,0.014,-0.0051,-0.0093,0.0183,1907900,0.0062,UP
2015,0.0062,-0.0112,0.014,-0.0051,-0.0093,2172500,0.0039,UP
2015,0.0039,0.0062,-0.0112,0.014,-0.0051,2288700,0.0002,UP
2015,0.0002,0.0039,0.0062,-0.0112,0.014,2172300,0.013,UP
2015,0.013,0.0002,0.0039,0.0062,-0.0112,2922500,-0.0133,DOWN
2015,-0.0133,0.013,0.0002,0.0039,0.0062,2054400,-0.0089,DOWN
2015,-0.0089,-0.0133,0.013,0.0002,0.0039,2051000,-0.0081,DOWN
2015,-0.0081,-0.0089,-0.0133,0.013,0.0002,2296400,0.0047,UP
2015,0.0047,-0.0081,-0.0089,-0.0133,0.013,2185900,0.0124,UP
2015,0.0124,0.0047,-0.0081,-0.0089,-0.0133,3378400,0.0051,UP
2015,0.0051,0.0124,0.0047,-0.0081,-0.0089,4495100,-0.007,DOWN
2015,-0.007,0.0051,0.0124,0.0047,-0.0081,1823600,-0.0145,DOWN
2015,-0.0145,-0.007,0.0051,0.0124,0.0047,3245000,0.0085,UP
2015,0.0085,-0.0145,-0.007,0.0051,0.0124,2620800,0.0013,UP
2015,0.0013,0.0085,-0.0145,-0.007,0.0051,2237500,0.0271,UP
2015,0.0271,0.0013,0.0085,-0.0145,-0.007,2624500,-0.0102,DOWN
2015,-0.0102,0.0271,0.0013,0.0085,-0.0145,2753200,0.0031,UP
2015,0.0031,-0.0102,0.0271,0.0013,0.0085,2596900,0.0222,UP
2015,0.0222,0.0031,-0.0102,0.0271,0.0013,1987100,-0.0115,DOWN
2015,-0.0115,0.0222,0.0031,-0.0102,0.0271,1343400,-0.0017,DOWN
2015,-0.0017,-0.0115,0.0222,0.0031,-0.0102,1903200,-0.0045,DOWN
2015,-0.0045,-0.0017,-0.0115,0.0222,0.0031,3454200,-0.0188,DOWN
2015,-0.0188,-0.0045,-0.0017,-0.0115,0.0222,2383100,0.0098,UP
2015,0.0098,-0.0188,-0.0045,-0.0017,-0.0115,2271400,0.0076,UP
2015,0.0076,0.0098,-0.0188,-0.0045,-0.0017,2401000,0.0007,UP
2015,0.0007,0.0076,0.0098,-0.0188,-0.0045,3956800,-0.0038,DOWN
2015,-0.0038,0.0007,0.0076,0.0098,-0.0188,4736200,0.0016,UP
2015,0.0016,-0.0038,0.0007,0.0076,0.0098,2987400,-0.0161,DOWN
2015,-0.0161,0.0016,-0.0038,0.0007,0.0076,4095600,0.0109,UP
2015,0.0109,-0.0161,0.0016,-0.0038,0.0007,4932200,0.021,UP
2015,0.021,0.0109,-0.0161,0.0016,-0.0038,4752500,0.0272,UP
2015,0.0272,0.021,0.0109,-0.0161,0.0016,3181800,0.022,UP
2015,0.022,0.0272,0.021,0.0109,-0.0161,3114900,-0.0094,DOWN
2015,-0.0094,0.022,0.0272,0.021,0.0109,9374400,0.031,UP
2015,0.031,-0.0094,0.022,0.0272,0.021,21909400,0.0158,UP
2015,0.0158,0.031,-0.0094,0.022,0.0272,7491000,0.0105,UP
2015,0.0105,0.0158,0.031,-0.0094,0.022,5273100,-0.0002,DOWN
2015,-0.0002,0.0105,0.0158,0.031,-0.0094,3752600,0.0006,UP
2015,0.0006,-0.0002,0.0105,0.0158,0.031,3743100,-0.0125,DOWN
2015,-0.0125,0.0006,-0.0002,0.0105,0.0158,3025600,0.098,UP
2015,0.098,-0.0125,0.0006,-0.0002,0.0105,3014200,0.0038,UP
2015,0.0038,0.098,-0.0125,0.0006,-0.0002,2934600,-0.0101,DOWN
2015,-0.0101,0.0038,0.098,-0.0125,0.0006,2889400,0.0056,UP
2015,0.0056,-0.0101,0.0038,0.098,-0.0125,3820500,0.0147,UP
2015,0.0147,0.0056,-0.0101,0.0038,0.098,3969200,-0.0011,DOWN
2015,-0.0011,0.0147,0.0056,-0.0101,0.0038,2615900,-0.0021,DOWN
2015,-0.0021,-0.0011,0.0147,0.0056,-0.0101,2676600,-0.0059,DOWN
2015,-0.0059,-0.0021,-0.0011,0.0147,0.0056,3962300,0.0096,UP
2015,0.0096,-0.0059,-0.0021,-0.0011,0.0147,2895200,-0.0141,DOWN
2015,-0.0141,0.0096,-0.0059,-0.0021,-0.0011,1994800,-0.0129,DOWN
2015,-0.0129,-0.0141,0.0096,-0.0059,-0.0021,2581700,0.0026,UP
2015,0.0026,-0.0129,-0.0141,0.0096,-0.0059,2071300,0.0066,UP
2015,0.0066,0.0026,-0.0129,-0.0141,0.0096,2324000,-0.0029,DOWN
2015,-0.0029,0.0066,0.0026,-0.0129,-0.0141,4408000,0.0071,UP
2015,0.0071,-0.0029,0.0066,0.0026,-0.0129,6706500,0.0035,UP
2015,0.0035,0.0071,-0.0029,0.0066,0.0026,10097600,0.007,UP
2015,0.007,0.0035,0.0071,-0.0029,0.0066,5679300,-0.0004,DOWN
2015,-0.0004,0.007,0.0035,0.0071,-0.0029,6358600,-0.0039,DOWN
2015,-0.0039,-0.0004,0.007,0.0035,0.0071,6114500,-0.0322,DOWN
2015,-0.0322,-0.0039,-0.0004,0.007,0.0035,2746700,-0.0413,DOWN
2015,-0.0413,-0.0322,-0.0039,-0.0004,0.007,3002300,-0.0629,DOWN
2015,-0.0629,-0.0413,-0.0322,-0.0039,-0.0004,3864500,0.0065,UP
2015,0.0065,-0.0629,-0.0413,-0.0322,-0.0039,3707100,0.0738,UP
2015,0.0738,0.0065,-0.0629,-0.0413,-0.0322,3149700,0.0351,UP
2015,0.0351,0.0738,0.0065,-0.0629,-0.0413,2692500,-0.0007,DOWN
2015,-0.0007,0.0351,0.0738,0.0065,-0.0629,3810700,-0.0099,DOWN
2015,-0.0099,-0.0007,0.0351,0.0738,0.0065,4370700,-0.0319,DOWN
2015,-0.0319,-0.0099,-0.0007,0.0351,0.0738,2576000,0.0282,UP
2015,0.0282,-0.0319,-0.0099,-0.0007,0.0351,3227900,-0.0114,DOWN
2015,-0.0114,0.0282,-0.0319,-0.0099,-0.0007,3130200,-0.0113,DOWN
2015,-0.0113,-0.0114,0.0282,-0.0319,-0.0099,2865900,0.0372,UP
2015,0.0372,-0.0113,-0.0114,0.0282,-0.0319,2252800,-0.0013,DOWN
2015,-0.0013,0.0372,-0.0113,-0.0114,0.0282,4169500,0.0104,UP
2015,0.0104,-0.0013,0.0372,-0.0113,-0.0114,6160100,0.0138,UP
2015,0.0138,0.0104,-0.0013,0.0372,-0.0113,3283300,-0.0152,DOWN
2015,-0.0152,0.0138,0.0104,-0.0013,0.0372,3841700,0.0019,UP
2015,0.0019,-0.0152,0.0138,0.0104,-0.0013,2237600,0.0096,UP
2015,0.0096,0.0019,-0.0152,0.0138,0.0104,3501000,0.0218,UP
2015,0.0218,0.0096,0.0019,-0.0152,0.0138,4031000,0.0026,UP
2015,0.0026,0.0218,0.0096,0.0019,-0.0152,5434500,0.015,UP
2015,0.015,0.0026,0.0218,0.0096,0.0019,4457500,-0.0182,DOWN
2015,-0.0182,0.015,0.0026,0.0218,0.0096,4004700,-0.0043,DOWN
2015,-0.0043,-0.0182,0.015,0.0026,0.0218,3768500,-0.0043,DOWN
2015,-0.0043,-0.0043,-0.0182,0.015,0.0026,4597800,-0.0178,DOWN
2015,-0.0178,-0.0043,-0.0043,-0.0182,0.015,3391400,-0.0385,DOWN
2015,-0.0385,-0.0178,-0.0043,-0.0043,-0.0182,4502800,-0.0159,DOWN
2015,-0.0159,-0.0385,-0.0178,-0.0043,-0.0043,3812100,0.0319,UP
2015,0.0319,-0.0159,-0.0385,-0.0178,-0.0043,4676400,0.0172,UP
2015,0.0172,0.0319,-0.0159,-0.0385,-0.0178,3537400,0.0227,UP
2015,0.0227,0.0172,0.0319,-0.0159,-0.0385,2776100,0.0209,UP
2015,0.0209,0.0227,0.0172,0.0319,-0.0159,2938000,-0.0114,DOWN
2015,-0.0114,0.0209,0.0227,0.0172,0.0319,3582100,0.0083,UP
2015,0.0083,-0.0114,0.0209,0.0227,0.0172,4937000,-0.0162,DOWN
2015,-0.0162,0.0083,-0.0114,0.0209,0.0227,4315800,0.0125,UP
2015,0.0125,-0.0162,0.0083,-0.0114,0.0209,4375400,0.0192,UP
2015,0.0192,0.0125,-0.0162,0.0083,-0.0114,4346200,-0.0023,DOWN
2015,-0.0023,0.0192,0.0125,-0.0162,0.0083,3343600,-0.0074,DOWN
2015,-0.0074,-0.0023,0.0192,0.0125,-0.0162,7779400,0.0323,UP
2015,0.0323,-0.0074,-0.0023,0.0192,0.0125,10692700,0.0148,UP
2015,0.0148,0.0323,-0.0074,-0.0023,0.0192,4269700,0.0042,UP
2015,0.0042,0.0148,0.0323,-0.0074,-0.0023,3787100,-0.0214,DOWN
2015,-0.0214,0.0042,0.0148,0.0323,-0.0074,3926200,-0.0091,DOWN
2015,-0.0091,-0.0214,0.0042,0.0148,0.0323,3896000,0.0146,UP
2015,0.0146,-0.0091,-0.0214,0.0042,0.0148,3874400,0.0623,UP
2015,0.0623,0.0146,-0.0091,-0.0214,0.0042,2816500,0.016,UP
2015,0.016,0.0623,0.0146,-0.0091,-0.0214,3246900,0.0039,UP
2015,0.0039,0.016,0.0623,0.0146,-0.0091,4840500,0.01,UP
2015,0.01,0.0039,0.016,0.0623,0.0146,4723800,0.0153,UP
2015,0.0153,0.01,0.0039,0.016,0.0623,4092200,-0.001,DOWN
2015,-0.001,0.0153,0.01,0.0039,0.016,4048800,0.0039,UP
2015,0.0039,-0.001,0.0153,0.01,0.0039,3489500,-0.0048,DOWN
2015,-0.0048,0.0039,-0.001,0.0153,0.01,5387300,0.025,UP
2015,0.025,-0.0048,0.0039,-0.001,0.0153,4284700,0.0229,UP
2015,0.0229,0.025,-0.0048,0.0039,-0.001,6261100,0.0057,UP
2015,0.0057,0.0229,0.025,-0.0048,0.0039,7435900,-0.0059,DOWN
2015,-0.0059,0.0057,0.0229,0.025,-0.0048,4320200,0.0064,UP
2015,0.0064,-0.0059,0.0057,0.0229,0.025,4469800,0.0206,UP
2015,0.0206,0.0064,-0.0059,0.0057,0.0229,4705200,-0.0114,DOWN
2015,-0.0114,0.0206,0.0064,-0.0059,0.0057,3896100,-0.0349,DOWN
2015,-0.0349,-0.0114,0.0206,0.0064,-0.0059,4385100,0.0085,UP
2015,0.0085,-0.0349,-0.0114,0.0206,0.0064,4543400,-0.007,DOWN
2015,-0.007,0.0085,-0.0349,-0.0114,0.0206,2697900,0.0315,UP
2015,0.0315,-0.007,0.0085,-0.0349,-0.0114,1966800,-0.0034,DOWN
2015,-0.0034,0.0315,-0.007,0.0085,-0.0349,5693200,0.0109,UP
2015,0.0109,-0.0034,0.0315,-0.007,0.0085,4751200,0.0158,UP
2015,0.0158,0.0109,-0.0034,0.0315,-0.007,4273500,-0.0115,DOWN
2015,-0.0115,0.0158,0.0109,-0.0034,0.0315,5064700,0.0062,UP
2015,0.0062,-0.0115,0.0158,0.0109,-0.0034,4534800,-0.0031,DOWN
2015,-0.0031,0.0062,-0.0115,0.0158,0.0109,3732800,-0.0126,DOWN
2015,-0.0126,-0.0031,0.0062,-0.0115,0.0158,3651900,0.0215,UP
2015,0.0215,-0.0126,-0.0031,0.0062,-0.0115,5158200,-0.0045,DOWN
2015,-0.0045,0.0215,-0.0126,-0.0031,0.0062,3455500,-0.0144,DOWN
2015,-0.0144,-0.0045,0.0215,-0.0126,-0.0031,5474400,0.0096,UP
2015,0.0096,-0.0144,-0.0045,0.0215,-0.0126,4329700,-0.0042,DOWN
2015,-0.0042,0.0096,-0.0144,-0.0045,0.0215,4753400,0.0112,UP
2015,0.0112,-0.0042,0.0096,-0.0144,-0.0045,3964500,-0.0185,DOWN
2015,-0.0185,0.0112,-0.0042,0.0096,-0.0144,3681600,-0.0037,DOWN
2015,-0.0037,-0.0185,0.0112,-0.0042,0.0096,6841300,-0.0335,DOWN
2015,-0.0335,-0.0037,-0.0185,0.0112,-0.0042,3250900,0.0277,UP
2015,0.0277,-0.0335,-0.0037,-0.0185,0.0112,2667800,0.0011,UP
2015,0.0011,0.0277,-0.0335,-0.0037,-0.0185,2722900,0.026,UP
2015,0.026,0.0011,0.0277,-0.0335,-0.0037,1091200,-0.0076,DOWN
2015,-0.0076,0.026,0.0011,0.0277,-0.0335,3783600,-0.0097,DOWN
2015,-0.0097,-0.0076,0.026,0.0011,0.0277,5735000,0.0006,UP
2015,0.0006,-0.0097,-0.0076,0.026,0.0011,3519000,-0.002,DOWN
2015,-0.002,0.0006,-0.0097,-0.0076,0.026,3749600,0.0008,UP
2015,0.0008,-0.002,0.0006,-0.0097,-0.0076,9314500,-0.0014,DOWN
2015,-0.0014,0.0008,-0.002,0.0006,-0.0097,5822600,0.0187,UP
2015,0.0187,-0.0014,0.0008,-0.002,0.0006,5329200,0.0278,UP
2015,0.0278,0.0187,-0.0014,0.0008,-0.002,7074900,-0.0071,DOWN
2015,-0.0071,0.0278,0.0187,-0.0014,0.0008,5512900,-0.0191,DOWN
2016,-0.0191,-0.0071,0.0278,0.0187,-0.0014,4891600,-0.0576,DOWN
2016,-0.0576,-0.0191,-0.0071,0.0278,0.0187,4724100,-0.005,DOWN
2016,-0.005,-0.0576,-0.0191,-0.0071,0.0278,7655200,-0.0018,DOWN
2016,-0.0018,-0.005,-0.0576,-0.0191,-0.0071,7238000,-0.0391,DOWN
2016,-0.0391,-0.0018,-0.005,-0.0576,-0.0191,7784500,-0.0015,DOWN
2016,-0.0015,-0.0391,-0.0018,-0.005,-0.0576,4807200,0.0176,UP
2016,0.0176,-0.0015,-0.0391,-0.0018,-0.005,7966400,0.0002,UP
2016,0.0002,0.0176,-0.0015,-0.0391,-0.0018,4952200,-0.0584,DOWN
2016,-0.0584,0.0002,0.0176,-0.0015,-0.0391,5120100,0.0192,UP
2016,0.0192,-0.0584,0.0002,0.0176,-0.0015,4396100,-0.0385,DOWN
2016,-0.0385,0.0192,-0.0584,0.0002,0.0176,3765700,0.0075,UP
2016,0.0075,-0.0385,0.0192,-0.0584,0.0002,5152900,-0.0047,DOWN
2016,-0.0047,0.0075,-0.0385,0.0192,-0.0584,14015200,0.0057,UP
2016,0.0057,-0.0047,0.0075,-0.0385,0.0192,14677600,0.0371,UP
2016,0.0371,0.0057,-0.0047,0.0075,-0.0385,6355100,0.0003,UP
2016,0.0003,0.0371,0.0057,-0.0047,0.0075,6312000,0.0079,UP
2016,0.0079,0.0003,0.0371,0.0057,-0.0047,10048700,-0.0298,DOWN
2016,-0.0298,0.0079,0.0003,0.0371,0.0057,6199100,0.0891,UP
2016,0.0891,-0.0298,0.0079,0.0003,0.0371,9708900,-0.0761,DOWN
2016,-0.0761,0.0891,-0.0298,0.0079,0.0003,9825500,-0.0208,DOWN
2016,-0.0208,-0.0761,0.0891,-0.0298,0.0079,7077900,-0.0395,DOWN
2016,-0.0395,-0.0208,-0.0761,0.0891,-0.0298,6786200,-0.0381,DOWN
2016,-0.0381,-0.0395,-0.0208,-0.0761,0.0891,7397400,0.0098,UP
2016,0.0098,-0.0381,-0.0395,-0.0208,-0.0761,5384800,-0.0636,DOWN
2016,-0.0636,0.0098,-0.0381,-0.0395,-0.0208,5118500,-0.0279,DOWN
2016,-0.0279,-0.0636,0.0098,-0.0381,-0.0395,4824000,-0.0124,DOWN
2016,-0.0124,-0.0279,-0.0636,0.0098,-0.0381,4735000,0.0174,UP
2016,0.0174,-0.0124,-0.0279,-0.0636,0.0098,4974700,0.0272,UP
2016,0.0272,0.0174,-0.0124,-0.0279,-0.0636,5566600,0.0065,UP
2016,0.0065,0.0272,0.0174,-0.0124,-0.0279,4050800,0.0276,UP
2016,0.0276,0.0065,0.0272,0.0174,-0.0124,6231700,0.0249,UP
2016,0.0249,0.0276,0.0065,0.0272,0.0174,4525500,-0.017,DOWN
2016,-0.017,0.0249,0.0276,0.0065,0.0272,4877000,0.0189,UP
2016,0.0189,-0.017,0.0249,0.0276,0.0065,4145400,0.046,UP
2016,0.046,0.0189,-0.017,0.0249,0.0276,5038500,-0.0117,DOWN
2016,-0.0117,0.046,0.0189,-0.017,0.0249,4582200,0.002,UP
2016,0.002,-0.0117,0.046,0.0189,-0.017,2741300,0.002,UP
2016,0.002,0.002,-0.0117,0.046,0.0189,3416500,0.0001,UP
2016,0.0001,0.002,0.002,-0.0117,0.046,4926900,-0.0049,DOWN
2016,-0.0049,0.0001,0.002,0.002,-0.0117,4730000,0.048,UP
2016,0.048,-0.0049,0.0001,0.002,0.002,4377300,0.002,UP
2016,0.002,0.048,-0.0049,0.0001,0.002,3919900,-0.0047,DOWN
2016,-0.0047,0.002,0.048,-0.0049,0.0001,3771300,-0.0041,DOWN
2016,-0.0041,-0.0047,0.002,0.048,-0.0049,3454200,-0.0215,DOWN
2016,-0.0215,-0.0041,-0.0047,0.002,0.048,3876800,-0.0045,DOWN
2016,-0.0045,-0.0215,-0.0041,-0.0047,0.002,3537700,-0.0014,DOWN
2016,-0.0014,-0.0045,-0.0215,-0.0041,-0.0047,5928100,-0.001,DOWN
2016,-0.001,-0.0014,-0.0045,-0.0215,-0.0041,7296900,0.0191,UP
2016,0.0191,-0.001,-0.0014,-0.0045,-0.0215,5155700,0.0066,UP
2016,0.0066,0.0191,-0.001,-0.0014,-0.0045,4000600,0.0064,UP
2016,0.0064,0.0066,0.0191,-0.001,-0.0014,3983700,-0.0048,DOWN
2016,-0.0048,0.0064,0.0066,0.0191,-0.001,5185500,-0.0258,DOWN
2016,-0.0258,-0.0048,0.0064,0.0066,0.0191,3121500,-0.0132,DOWN
2016,-0.0132,-0.0258,-0.0048,0.0064,0.0066,4392600,0.0034,UP
2016,0.0034,-0.0132,-0.0258,-0.0048,0.0064,3890500,0.0117,UP
2016,0.0117,0.0034,-0.0132,-0.0258,-0.0048,2681800,0.0163,UP
2016,0.0163,0.0117,0.0034,-0.0132,-0.0258,2917400,0.0234,UP
2016,0.0234,0.0163,0.0117,0.0034,-0.0132,2470800,-0.0053,DOWN
2016,-0.0053,0.0234,0.0163,0.0117,0.0034,2308900,0.0241,UP
2016,0.0241,-0.0053,0.0234,0.0163,0.0117,2849900,0.0081,UP
2016,0.0081,0.0241,-0.0053,0.0234,0.0163,3189000,-0.0084,DOWN
2016,-0.0084,0.0081,0.0241,-0.0053,0.0234,2591900,0.0082,UP
2016,0.0082,-0.0084,0.0081,0.0241,-0.0053,2704300,-0.0089,DOWN
2016,-0.0089,0.0082,-0.0084,0.0081,0.0241,2641100,-0.0119,DOWN
2016,-0.0119,-0.0089,0.0082,-0.0084,0.0081,4228300,0.0272,UP
2016,0.0272,-0.0119,-0.0089,0.0082,-0.0084,3512100,-0.0177,DOWN
2016,-0.0177,0.0272,-0.0119,-0.0089,0.0082,2887700,0.0054,UP
2016,0.0054,-0.0177,0.0272,-0.0119,-0.0089,4360900,0.0022,UP
2016,0.0022,0.0054,-0.0177,0.0272,-0.0119,4055900,0.0121,UP
2016,0.0121,0.0022,0.0054,-0.0177,0.0272,2609400,0.0193,UP
2016,0.0193,0.0121,0.0022,0.0054,-0.0177,2596300,0.0096,UP
2016,0.0096,0.0193,0.0121,0.0022,0.0054,5083900,0.0083,UP
2016,0.0083,0.0096,0.0193,0.0121,0.0022,2682900,0.0151,UP
2016,0.0151,0.0083,0.0096,0.0193,0.0121,2521400,-0.0117,DOWN
2016,-0.0117,0.0151,0.0083,0.0096,0.0193,4068800,0.0081,UP
2016,0.0081,-0.0117,0.0151,0.0083,0.0096,7872600,-0.0031,DOWN
2016,-0.0031,0.0081,-0.0117,0.0151,0.0083,10310700,-0.0166,DOWN
2016,-0.0166,-0.0031,0.0081,-0.0117,0.0151,6578500,0.0092,UP
2016,0.0092,-0.0166,-0.0031,0.0081,-0.0117,4923400,-0.0149,DOWN
2016,-0.0149,0.0092,-0.0166,-0.0031,0.0081,4635500,-0.0167,DOWN
2016,-0.0167,-0.0149,0.0092,-0.0166,-0.0031,4884100,-0.0075,DOWN
2016,-0.0075,-0.0167,-0.0149,0.0092,-0.0166,4365300,0.0957,UP
2016,0.0957,-0.0075,-0.0167,-0.0149,0.0092,3982200,0.0368,UP
2016,0.0368,0.0957,-0.0075,-0.0167,-0.0149,6105600,-0.0183,DOWN
2016,-0.0183,0.0368,0.0957,-0.0075,-0.0167,7338200,-0.0006,DOWN
2016,-0.0006,-0.0183,0.0368,0.0957,-0.0075,5048200,-0.0176,DOWN
2016,-0.0176,-0.0006,-0.0183,0.0368,0.0957,4763400,0.0225,UP
2016,0.0225,-0.0176,-0.0006,-0.0183,0.0368,5432900,0.0086,UP
2016,0.0086,0.0225,-0.0176,-0.0006,-0.0183,5121400,0.0343,UP
2016,0.0343,0.0086,0.0225,-0.0176,-0.0006,4283200,0.0145,UP
2016,0.0145,0.0343,0.0086,0.0225,-0.0176,3025600,0.0066,UP
2016,0.0066,0.0145,0.0343,0.0086,0.0225,2916200,-0.0112,DOWN
2016,-0.0112,0.0066,0.0145,0.0343,0.0086,2595100,0.001,UP
2016,0.001,-0.0112,0.0066,0.0145,0.0343,3033800,-0.0217,DOWN
2016,-0.0217,0.001,-0.0112,0.0066,0.0145,3267700,0.0031,UP
2016,0.0031,-0.0217,0.001,-0.0112,0.0066,2446700,0.0015,UP
2016,0.0015,0.0031,-0.0217,0.001,-0.0112,2249200,0.0061,UP
2016,0.0061,0.0015,0.0031,-0.0217,0.001,3618300,-0.0086,DOWN
2016,-0.0086,0.0061,0.0015,0.0031,-0.0217,3263100,0.0107,UP
2016,0.0107,-0.0086,0.0061,0.0015,0.0031,3026600,0.0059,UP
2016,0.0059,0.0107,-0.0086,0.0061,0.0015,3367300,0.0093,UP
2016,0.0093,0.0059,0.0107,-0.0086,0.0061,2704800,-0.0037,DOWN
2016,-0.0037,0.0093,0.0059,0.0107,-0.0086,2732500,0.0148,UP
2016,0.0148,-0.0037,0.0093,0.0059,0.0107,2223400,-0.0046,DOWN
2016,-0.0046,0.0148,-0.0037,0.0093,0.0059,2170300,0.0122,UP
2016,0.0122,-0.0046,0.0148,-0.0037,0.0093,3425700,-0.0037,DOWN
2016,-0.0037,0.0122,-0.0046,0.0148,-0.0037,3352200,0.0016,UP
2016,0.0016,-0.0037,0.0122,-0.0046,0.0148,2506900,-0.0041,DOWN
2016,-0.0041,0.0016,-0.0037,0.0122,-0.0046,2709400,0.004,UP
2016,0.004,-0.0041,0.0016,-0.0037,0.0122,3098000,0.0014,UP
2016,0.0014,0.004,-0.0041,0.0016,-0.0037,5897800,-0.0134,DOWN
2016,-0.0134,0.0014,0.004,-0.0041,0.0016,3677200,-0.0037,DOWN
2016,-0.0037,-0.0134,0.0014,0.004,-0.0041,2137500,0.0057,UP
2016,0.0057,-0.0037,-0.0134,0.0014,0.004,2260500,-0.007,DOWN
2016,-0.007,0.0057,-0.0037,-0.0134,0.0014,2825000,0.0046,UP
2016,0.0046,-0.007,0.0057,-0.0037,-0.0134,7632500,-0.0155,DOWN
2016,-0.0155,0.0046,-0.007,0.0057,-0.0037,5568000,0.0108,UP
2016,0.0108,-0.0155,0.0046,-0.007,0.0057,4037000,0.0025,UP
2016,0.0025,0.0108,-0.0155,0.0046,-0.007,3070100,-0.0073,DOWN
2016,-0.0073,0.0025,0.0108,-0.0155,0.0046,2855100,0.0162,UP
2016,0.0162,-0.0073,0.0025,0.0108,-0.0155,2920400,-0.032,DOWN
2016,-0.032,0.0162,-0.0073,0.0025,0.0108,2431400,-0.0109,DOWN
2016,-0.0109,-0.032,0.0162,-0.0073,0.0025,3938200,0.024,UP
2016,0.024,-0.0109,-0.032,0.0162,-0.0073,2945800,0.0108,UP
2016,0.0108,0.024,-0.0109,-0.032,0.0162,3429200,0,UP
2016,0,0.0108,0.024,-0.0109,-0.032,3195300,0.0141,UP
2016,0.0141,0,0.0108,0.024,-0.0109,5623700,0.0033,UP
2016,0.0033,0.0141,0,0.0108,0.024,4142300,0.0131,UP
2016,0.0131,0.0033,0.0141,0,0.0108,2390500,-0.0014,DOWN
2016,-0.0014,0.0131,0.0033,0.0141,0,3121400,0.0125,UP
2016,0.0125,-0.0014,0.0131,0.0033,0.0141,2954900,0.0107,UP
2016,0.0107,0.0125,-0.0014,0.0131,0.0033,2216800,-0.0074,DOWN
2016,-0.0074,0.0107,0.0125,-0.0014,0.0131,2214000,-0.0075,DOWN
2016,-0.0075,-0.0074,0.0107,0.0125,-0.0014,2317100,-0.0019,DOWN
2016,-0.0019,-0.0075,-0.0074,0.0107,0.0125,2277700,-0.0078,DOWN
2016,-0.0078,-0.0019,-0.0075,-0.0074,0.0107,2679300,0.0009,UP
2016,0.0009,-0.0078,-0.0019,-0.0075,-0.0074,2529700,0.0053,UP
2016,0.0053,0.0009,-0.0078,-0.0019,-0.0075,2913100,0.0078,UP
2016,0.0078,0.0053,0.0009,-0.0078,-0.0019,7617600,-0.0017,DOWN
2016,-0.0017,0.0078,0.0053,0.0009,-0.0078,6777100,0.0006,UP
2016,0.0006,-0.0017,0.0078,0.0053,0.0009,3578200,-0.007,DOWN
2016,-0.007,0.0006,-0.0017,0.0078,0.0053,3603300,-0.0054,DOWN
2016,-0.0054,-0.007,0.0006,-0.0017,0.0078,3581500,0.0015,UP
2016,0.0015,-0.0054,-0.007,0.0006,-0.0017,3178200,0.0216,UP
2016,0.0216,0.0015,-0.0054,-0.007,0.0006,2704400,0.0082,UP
2016,0.0082,0.0216,0.0015,-0.0054,-0.007,1986300,0.0118,UP
2016,0.0118,0.0082,0.0216,0.0015,-0.0054,1876100,-0.0093,DOWN
2016,-0.0093,0.0118,0.0082,0.0216,0.0015,1604300,-0.0078,DOWN
2016,-0.0078,-0.0093,0.0118,0.0082,0.0216,2019700,0.0081,UP
2016,0.0081,-0.0078,-0.0093,0.0118,0.0082,1563300,0.0068,UP
2016,0.0068,0.0081,-0.0078,-0.0093,0.0118,2118500,0.0008,UP
2016,0.0008,0.0068,0.0081,-0.0078,-0.0093,1604600,0.0023,UP
2016,0.0023,0.0008,0.0068,0.0081,-0.0078,1891100,0.0003,UP
2016,0.0003,0.0023,0.0008,0.0068,0.0081,1458800,0.0035,UP
2016,0.0035,0.0003,0.0023,0.0008,0.0068,2343200,0.0017,UP
2016,0.0017,0.0035,0.0003,0.0023,0.0008,1679300,-0.0053,DOWN
2016,-0.0053,0.0017,0.0035,0.0003,0.0023,1524100,-0.0058,DOWN
2016,-0.0058,-0.0053,0.0017,0.0035,0.0003,1744100,0.0008,UP
2016,0.0008,-0.0058,-0.0053,0.0017,0.0035,1623000,-0.0002,DOWN
2016,-0.0002,0.0008,-0.0058,-0.0053,0.0017,2776800,-0.0094,DOWN
2016,-0.0094,-0.0002,0.0008,-0.0058,-0.0053,2198600,0.0029,UP
2016,0.0029,-0.0094,-0.0002,0.0008,-0.0058,1709200,0.0039,UP
2016,0.0039,0.0029,-0.0094,-0.0002,0.0008,1633800,-0.0068,DOWN
2016,-0.0068,0.0039,0.0029,-0.0094,-0.0002,1792300,0.0026,UP
2016,0.0026,-0.0068,0.0039,0.0029,-0.0094,2181800,0.0129,UP
2016,0.0129,0.0026,-0.0068,0.0039,0.0029,3719800,0.003,UP
2016,0.003,0.0129,0.0026,-0.0068,0.0039,2424600,-0.0048,DOWN
2016,-0.0048,0.003,0.0129,0.0026,-0.0068,2030500,0.0021,UP
2016,0.0021,-0.0048,0.003,0.0129,0.0026,4257300,0.0019,UP
2016,0.0019,0.0021,-0.0048,0.003,0.0129,3124700,0.0024,UP
2016,0.0024,0.0019,0.0021,-0.0048,0.003,3117200,0.0213,UP
2016,0.0213,0.0024,0.0019,0.0021,-0.0048,2523000,-0.0056,DOWN
2016,-0.0056,0.0213,0.0024,0.0019,0.0021,3034000,-0.0005,DOWN
2016,-0.0005,-0.0056,0.0213,0.0024,0.0019,5499200,-0.0305,DOWN
2016,-0.0305,-0.0005,-0.0056,0.0213,0.0024,2297200,0.0149,UP
2016,0.0149,-0.0305,-0.0005,-0.0056,0.0213,1937200,-0.0136,DOWN
2016,-0.0136,0.0149,-0.0305,-0.0005,-0.0056,2718600,0.0001,UP
2016,0.0001,-0.0136,0.0149,-0.0305,-0.0005,4078900,0.0113,UP
2016,0.0113,0.0001,-0.0136,0.0149,-0.0305,2353500,0.0115,UP
2016,0.0115,0.0113,0.0001,-0.0136,0.0149,2651400,-0.0044,DOWN
2016,-0.0044,0.0115,0.0113,0.0001,-0.0136,3819600,0.0066,UP
2016,0.0066,-0.0044,0.0115,0.0113,0.0001,4422100,0.0122,UP
2016,0.0122,0.0066,-0.0044,0.0115,0.0113,4922200,0.0189,UP
2016,0.0189,0.0122,0.0066,-0.0044,0.0115,4430600,0.0013,UP
2016,0.0013,0.0189,0.0122,0.0066,-0.0044,2769400,-0.0082,DOWN
2016,-0.0082,0.0013,0.0189,0.0122,0.0066,2950300,0.0212,UP
2016,0.0212,-0.0082,0.0013,0.0189,0.0122,3469100,0.0155,UP
2016,0.0155,0.0212,-0.0082,0.0013,0.0189,2684000,0.0004,UP
2016,0.0004,0.0155,0.0212,-0.0082,0.0013,2426200,0.01,UP
2016,0.01,0.0004,0.0155,0.0212,-0.0082,1827100,-0.0007,DOWN
2016,-0.0007,0.01,0.0004,0.0155,0.0212,3588200,-0.0032,DOWN
2016,-0.0032,-0.0007,0.01,0.0004,0.0155,2380400,0.0124,UP
2016,0.0124,-0.0032,-0.0007,0.01,0.0004,3091400,-0.0032,DOWN
2016,-0.0032,0.0124,-0.0032,-0.0007,0.01,2999800,-0.0026,DOWN
2016,-0.0026,-0.0032,0.0124,-0.0032,-0.0007,3361500,0.0027,UP
2016,0.0027,-0.0026,-0.0032,0.0124,-0.0032,2512500,-0.0127,DOWN
2016,-0.0127,0.0027,-0.0026,-0.0032,0.0124,2090700,0.0037,UP
2016,0.0037,-0.0127,0.0027,-0.0026,-0.0032,3152000,-0.0058,DOWN
2016,-0.0058,0.0037,-0.0127,0.0027,-0.0026,2793000,-0.0076,DOWN
2016,-0.0076,-0.0058,0.0037,-0.0127,0.0027,4060900,-0.0122,DOWN
2016,-0.0122,-0.0076,-0.0058,0.0037,-0.0127,3248400,0.0058,UP
2016,0.0058,-0.0122,-0.0076,-0.0058,0.0037,3998100,0,UP
2016,0,0.0058,-0.0122,-0.0076,-0.0058,7406400,-0.009,DOWN
2016,-0.009,0,0.0058,-0.0122,-0.0076,10841100,0.0107,UP
2016,0.0107,-0.009,0,0.0058,-0.0122,5413300,0.0233,UP
2016,0.0233,0.0107,-0.009,0,0.0058,5305400,-0.0035,DOWN
2016,-0.0035,0.0233,0.0107,-0.009,0,5026500,-0.0151,DOWN
2016,-0.0151,-0.0035,0.0233,0.0107,-0.009,3872500,-0.0051,DOWN
2016,-0.0051,-0.0151,-0.0035,0.0233,0.0107,5122100,-0.0514,DOWN
2016,-0.0514,-0.0051,-0.0151,-0.0035,0.0233,5984400,0.0174,UP
2016,0.0174,-0.0514,-0.0051,-0.0151,-0.0035,3412600,-0.0056,DOWN
2016,-0.0056,0.0174,-0.0514,-0.0051,-0.0151,8562900,-0.0253,DOWN
2016,-0.0253,-0.0056,0.0174,-0.0514,-0.0051,12747000,0.0019,UP
2016,0.0019,-0.0253,-0.0056,0.0174,-0.0514,6622800,-0.0156,DOWN
2016,-0.0156,0.0019,-0.0253,-0.0056,0.0174,7321300,0.0396,UP
2016,0.0396,-0.0156,0.0019,-0.0253,-0.0056,6755800,0.0036,UP
2016,0.0036,0.0396,-0.0156,0.0019,-0.0253,3648800,-0.0201,DOWN
2016,-0.0201,0.0036,0.0396,-0.0156,0.0019,3690100,-0.0382,DOWN
2016,-0.0382,-0.0201,0.0036,0.0396,-0.0156,4373400,-0.0045,DOWN
2016,-0.0045,-0.0382,-0.0201,0.0036,0.0396,4614600,-0.027,DOWN
2016,-0.027,-0.0045,-0.0382,-0.0201,0.0036,5311300,0.0336,UP
2016,0.0336,-0.027,-0.0045,-0.0382,-0.0201,3540300,0.0044,UP
2016,0.0044,0.0336,-0.027,-0.0045,-0.0382,1837100,0.0133,UP
2016,0.0133,0.0044,0.0336,-0.027,-0.0045,4438800,0.005,UP
2016,0.005,0.0133,0.0044,0.0336,-0.027,3272300,0.0261,UP
2016,0.0261,0.005,0.0133,0.0044,0.0336,4625900,0.0068,UP
2016,0.0068,0.0261,0.005,0.0133,0.0044,4666000,-0.0066,DOWN
2016,-0.0066,0.0068,0.0261,0.005,0.0133,3561300,0.0003,UP
2016,0.0003,-0.0066,0.0068,0.0261,0.005,4314700,-0.0174,DOWN
2016,-0.0174,0.0003,-0.0066,0.0068,0.0261,3794700,-0.0055,DOWN
2016,-0.0055,-0.0174,0.0003,-0.0066,0.0068,3684900,-0.0157,DOWN
2016,-0.0157,-0.0055,-0.0174,0.0003,-0.0066,3189600,-0.0092,DOWN
2016,-0.0092,-0.0157,-0.0055,-0.0174,0.0003,2470900,-0.0045,DOWN
2016,-0.0045,-0.0092,-0.0157,-0.0055,-0.0174,2963900,0.0257,UP
2016,0.0257,-0.0045,-0.0092,-0.0157,-0.0055,5285300,0.0071,UP
2016,0.0071,0.0257,-0.0045,-0.0092,-0.0157,5454800,0.0075,UP
2016,0.0075,0.0071,0.0257,-0.0045,-0.0092,3801900,-0.004,DOWN
2016,-0.004,0.0075,0.0071,0.0257,-0.0045,4848200,0.0017,UP
2016,0.0017,-0.004,0.0075,0.0071,0.0257,3113200,-0.0111,DOWN
2016,-0.0111,0.0017,-0.004,0.0075,0.0071,2703600,0.0187,UP
2016,0.0187,-0.0111,0.0017,-0.004,0.0075,2044600,-0.0071,DOWN
2016,-0.0071,0.0187,-0.0111,0.0017,-0.004,2543600,-0.0102,DOWN
2016,-0.0102,-0.0071,0.0187,-0.0111,0.0017,1981600,-0.0042,DOWN
2016,-0.0042,-0.0102,-0.0071,0.0187,-0.0111,2638700,0.0109,UP
2016,0.0109,-0.0042,-0.0102,-0.0071,0.0187,3301000,0.0068,UP
2016,0.0068,0.0109,-0.0042,-0.0102,-0.0071,3158300,-0.0008,DOWN
2016,-0.0008,0.0068,0.0109,-0.0042,-0.0102,4139400,-0.0055,DOWN
2016,-0.0055,-0.0008,0.0068,0.0109,-0.0042,3521100,-0.0075,DOWN
2016,-0.0075,-0.0055,-0.0008,0.0068,0.0109,2510500,0.0142,UP
2016,0.0142,-0.0075,-0.0055,-0.0008,0.0068,5830100,0.0009,UP
2016,0.0009,0.0142,-0.0075,-0.0055,-0.0008,5986200,-0.009,DOWN
2016,-0.009,0.0009,0.0142,-0.0075,-0.0055,3446100,-0.02,DOWN
2017,-0.02,-0.009,0.0009,0.0142,-0.0075,2558400,0.0051,UP
2017,0.0051,-0.02,-0.009,0.0009,0.0142,2992800,0.0047,UP
2017,0.0047,0.0051,-0.02,-0.009,0.0009,4873900,0.0307,UP
2017,0.0307,0.0047,0.0051,-0.02,-0.009,3791900,0.0199,UP
2017,0.0199,0.0307,0.0047,0.0051,-0.02,3670500,0.0012,UP
2017,0.0012,0.0199,0.0307,0.0047,0.0051,2354200,-0.0013,DOWN
2017,-0.0013,0.0012,0.0199,0.0307,0.0047,2540800,0.0039,UP
2017,0.0039,-0.0013,0.0012,0.0199,0.0307,3376200,0.0183,UP
2017,0.0183,0.0039,-0.0013,0.0012,0.0199,2797500,0.0043,UP
2017,0.0043,0.0183,0.0039,-0.0013,0.0012,2971700,-0.0091,DOWN
2017,-0.0091,0.0043,0.0183,0.0039,-0.0013,3922600,-0.0028,DOWN
2017,-0.0028,-0.0091,0.0043,0.0183,0.0039,3586300,0.0019,UP
2017,0.0019,-0.0028,-0.0091,0.0043,0.0183,2998700,-0.0009,DOWN
2017,-0.0009,0.0019,-0.0028,-0.0091,0.0043,3747300,0.0118,UP
2017,0.0118,-0.0009,0.0019,-0.0028,-0.0091,3137200,0.0056,UP
2017,0.0056,0.0118,-0.0009,0.0019,-0.0028,3850200,0.0171,UP
2017,0.0171,0.0056,0.0118,-0.0009,0.0019,7350500,0.0031,UP
2017,0.0031,0.0171,0.0056,0.0118,-0.0009,10868800,-0.004,DOWN
2017,-0.004,0.0031,0.0171,0.0056,0.0118,3897300,-0.0064,DOWN
2017,-0.0064,-0.004,0.0031,0.0171,0.0056,3466100,-0.0083,DOWN
2017,-0.0083,-0.0064,-0.004,0.0031,0.0171,2858000,0.0108,UP
2017,0.0108,-0.0083,-0.0064,-0.004,0.0031,2484900,0.0091,UP
2017,0.0091,0.0108,-0.0083,-0.0064,-0.004,2429600,-0.0354,DOWN
2017,-0.0354,0.0091,0.0108,-0.0083,-0.0064,4172600,-0.0032,DOWN
2017,-0.0032,-0.0354,0.0091,0.0108,-0.0083,2792400,0.006,UP
2017,0.006,-0.0032,-0.0354,0.0091,0.0108,2968900,0.0089,UP
2017,0.0089,0.006,-0.0032,-0.0354,0.0091,2714700,0.002,UP
2017,0.002,0.0089,0.006,-0.0032,-0.0354,3112300,0.0074,UP
2017,0.0074,0.002,0.0089,0.006,-0.0032,3507700,0.011,UP
2017,0.011,0.0074,0.002,0.0089,0.006,2617000,-0.0002,DOWN
2017,-0.0002,0.011,0.0074,0.002,0.0089,3462000,0.0075,UP
2017,0.0075,-0.0002,0.011,0.0074,0.002,3688000,0.0017,UP
2017,0.0017,0.0075,-0.0002,0.011,0.0074,2713600,0.0011,UP
2017,0.0011,0.0017,0.0075,-0.0002,0.011,2793700,0.0135,UP
2017,0.0135,0.0011,0.0017,0.0075,-0.0002,2760100,-0.001,DOWN
2017,-0.001,0.0135,0.0011,0.0017,0.0075,2132100,-0.004,DOWN
2017,-0.004,-0.001,0.0135,0.0011,0.0017,1941100,-0.0082,DOWN
2017,-0.0082,-0.004,-0.001,0.0135,0.0011,2610400,0.004,UP
2017,0.004,-0.0082,-0.004,-0.001,0.0135,2247600,-0.0042,DOWN
2017,-0.0042,0.004,-0.0082,-0.004,-0.001,2286500,0.0095,UP
2017,0.0095,-0.0042,0.004,-0.0082,-0.004,2048200,-0.0049,DOWN
2017,-0.0049,0.0095,-0.0042,0.004,-0.0082,2436400,0.0011,UP
2017,0.0011,-0.0049,0.0095,-0.0042,0.004,1909700,-0.0038,DOWN
2017,-0.0038,0.0011,-0.0049,0.0095,-0.0042,2130600,-0.0007,DOWN
2017,-0.0007,-0.0038,0.0011,-0.0049,0.0095,2562200,0.0053,UP
2017,0.0053,-0.0007,-0.0038,0.0011,-0.0049,1842300,0.0029,UP
2017,0.0029,0.0053,-0.0007,-0.0038,0.0011,3384400,-0.0006,DOWN
2017,-0.0006,0.0029,0.0053,-0.0007,-0.0038,2282700,0.0025,UP
2017,0.0025,-0.0006,0.0029,0.0053,-0.0007,4382900,-0.0024,DOWN
2017,-0.0024,0.0025,-0.0006,0.0029,0.0053,2658700,0.0005,UP
2017,0.0005,-0.0024,0.0025,-0.0006,0.0029,1953000,0.0005,UP
2017,0.0005,0.0005,-0.0024,0.0025,-0.0006,2138300,-0.0013,DOWN
2017,-0.0013,0.0005,0.0005,-0.0024,0.0025,2755800,0.0055,UP
2017,0.0055,-0.0013,0.0005,0.0005,-0.0024,3041600,-0.0161,DOWN
2017,-0.0161,0.0055,-0.0013,0.0005,0.0005,4485800,0.0058,UP
2017,0.0058,-0.0161,0.0055,-0.0013,0.0005,2762700,-0.0008,DOWN
2017,-0.0008,0.0058,-0.0161,0.0055,-0.0013,3957600,-0.0021,DOWN
2017,-0.0021,-0.0008,0.0058,-0.0161,0.0055,3422300,0.0014,UP
2017,0.0014,-0.0021,-0.0008,0.0058,-0.0161,4984700,0.0108,UP
2017,0.0108,0.0014,-0.0021,-0.0008,0.0058,7508400,0.0214,UP
2017,0.0214,0.0108,0.0014,-0.0021,-0.0008,6344100,0.0023,UP
2017,0.0023,0.0214,0.0108,0.0014,-0.0021,3710900,0.0116,UP
2017,0.0116,0.0023,0.0214,0.0108,0.0014,3184300,0.0056,UP
2017,0.0056,0.0116,0.0023,0.0214,0.0108,3012700,0.0172,UP
2017,0.0172,0.0056,0.0116,0.0023,0.0214,2456100,0.0027,UP
2017,0.0027,0.0172,0.0056,0.0116,0.0023,3174600,-0.0121,DOWN
2017,-0.0121,0.0027,0.0172,0.0056,0.0116,2854700,-0.0038,DOWN
2017,-0.0038,-0.0121,0.0027,0.0172,0.0056,2999200,0.0136,UP
2017,0.0136,-0.0038,-0.0121,0.0027,0.0172,2870200,-0.0052,DOWN
2017,-0.0052,0.0136,-0.0038,-0.0121,0.0027,2814400,-0.0068,DOWN
2017,-0.0068,-0.0052,0.0136,-0.0038,-0.0121,2420500,-0.0129,DOWN
2017,-0.0129,-0.0068,-0.0052,0.0136,-0.0038,3122900,0.0196,UP
2017,0.0196,-0.0129,-0.0068,-0.0052,0.0136,3380600,0.002,UP
2017,0.002,0.0196,-0.0129,-0.0068,-0.0052,2608900,-0.0051,DOWN
2017,-0.0051,0.002,0.0196,-0.0129,-0.0068,5305500,0.0032,UP
2017,0.0032,-0.0051,0.002,0.0196,-0.0129,7364700,-0.0039,DOWN
2017,-0.0039,0.0032,-0.0051,0.002,0.0196,5466500,0.0099,UP
2017,0.0099,-0.0039,0.0032,-0.0051,0.002,3848800,0.0002,UP
2017,0.0002,0.0099,-0.0039,0.0032,-0.0051,3582700,0.0018,UP
2017,0.0018,0.0002,0.0099,-0.0039,0.0032,2418400,0.01,UP
2017,0.01,0.0018,0.0002,0.0099,-0.0039,2866400,0.0072,UP
2017,0.0072,0.01,0.0018,0.0002,0.0099,3415700,0.0251,UP
2017,0.0251,0.0072,0.01,0.0018,0.0002,3262100,-0.0014,DOWN
2017,-0.0014,0.0251,0.0072,0.01,0.0018,2096500,-0.0062,DOWN
2017,-0.0062,-0.0014,0.0251,0.0072,0.01,2194100,-0.0037,DOWN
2017,-0.0037,-0.0062,-0.0014,0.0251,0.0072,3625900,-0.0036,DOWN
2017,-0.0036,-0.0037,-0.0062,-0.0014,0.0251,4270600,0.0159,UP
2017,0.0159,-0.0036,-0.0037,-0.0062,-0.0014,3126100,0.004,UP
2017,0.004,0.0159,-0.0036,-0.0037,-0.0062,5145600,-0.0041,DOWN
2017,-0.0041,0.004,0.0159,-0.0036,-0.0037,3939300,-0.0014,DOWN
2017,-0.0014,-0.0041,0.004,0.0159,-0.0036,3972100,0.0145,UP
2017,0.0145,-0.0014,-0.0041,0.004,0.0159,2642200,-0.0035,DOWN
2017,-0.0035,0.0145,-0.0014,-0.0041,0.004,2415600,0.0085,UP
2017,0.0085,-0.0035,0.0145,-0.0014,-0.0041,2446000,-0.0221,DOWN
2017,-0.0221,0.0085,-0.0035,0.0145,-0.0014,4822000,0.0145,UP
2017,0.0145,-0.0221,0.0085,-0.0035,0.0145,3469200,0.0014,UP
2017,0.0014,0.0145,-0.0221,0.0085,-0.0035,3263100,0.0113,UP
2017,0.0113,0.0014,0.0145,-0.0221,0.0085,3913100,0.0009,UP
2017,0.0009,0.0113,0.0014,0.0145,-0.0221,2454800,0.0091,UP
2017,0.0091,0.0009,0.0113,0.0014,0.0145,3752300,0.0133,UP
2017,0.0133,0.0091,0.0009,0.0113,0.0014,2719900,0.0024,UP
2017,0.0024,0.0133,0.0091,0.0009,0.0113,3346400,0.0009,UP
2017,0.0009,0.0024,0.0133,0.0091,0.0009,2823000,-0.0021,DOWN
2017,-0.0021,0.0009,0.0024,0.0133,0.0091,2767900,0.0013,UP
2017,0.0013,-0.0021,0.0009,0.0024,0.0133,7647700,0.0108,UP
2017,0.0108,0.0013,-0.0021,0.0009,0.0024,9447200,0.0046,UP
2017,0.0046,0.0108,0.0013,-0.0021,0.0009,4580000,-0.0082,DOWN
2017,-0.0082,0.0046,0.0108,0.0013,-0.0021,3974900,0.007,UP
2017,0.007,-0.0082,0.0046,0.0108,0.0013,5373900,0.0002,UP
2017,0.0002,0.007,-0.0082,0.0046,0.0108,11472700,-0.0316,DOWN
2017,-0.0316,0.0002,0.007,-0.0082,0.0046,5043400,-0.0137,DOWN
2017,-0.0137,-0.0316,0.0002,0.007,-0.0082,4076800,0.0165,UP
2017,0.0165,-0.0137,-0.0316,0.0002,0.007,2922500,-0.0044,DOWN
2017,-0.0044,0.0165,-0.0137,-0.0316,0.0002,2253400,-0.0126,DOWN
2017,-0.0126,-0.0044,0.0165,-0.0137,-0.0316,2879100,0.0244,UP
2017,0.0244,-0.0126,-0.0044,0.0165,-0.0137,3386200,0.0076,UP
2017,0.0076,0.0244,-0.0126,-0.0044,0.0165,3782400,-0.0026,DOWN
2017,-0.0026,0.0076,0.0244,-0.0126,-0.0044,3737600,0.0097,UP
2017,0.0097,-0.0026,0.0076,0.0244,-0.0126,4303000,-0.0009,DOWN
2017,-0.0009,0.0097,-0.0026,0.0076,0.0244,3390300,0.0024,UP
2017,0.0024,-0.0009,0.0097,-0.0026,0.0076,2909100,-0.0097,DOWN
2017,-0.0097,0.0024,-0.0009,0.0097,-0.0026,3653000,-0.0173,DOWN
2017,-0.0173,-0.0097,0.0024,-0.0009,0.0097,3259600,0.0139,UP
2017,0.0139,-0.0173,-0.0097,0.0024,-0.0009,2643400,-0.0145,DOWN
2017,-0.0145,0.0139,-0.0173,-0.0097,0.0024,3546300,-0.0081,DOWN
2017,-0.0081,-0.0145,0.0139,-0.0173,-0.0097,2982700,-0.0148,DOWN
2017,-0.0148,-0.0081,-0.0145,0.0139,-0.0173,3608600,0.0186,UP
2017,0.0186,-0.0148,-0.0081,-0.0145,0.0139,2880800,-0.0064,DOWN
2017,-0.0064,0.0186,-0.0148,-0.0081,-0.0145,2102500,0.0141,UP
2017,0.0141,-0.0064,0.0186,-0.0148,-0.0081,3712600,0.0181,UP
2017,0.0181,0.0141,-0.0064,0.0186,-0.0148,4007600,-0.0023,DOWN
2017,-0.0023,0.0181,0.0141,-0.0064,0.0186,2964000,0.0125,UP
2017,0.0125,-0.0023,0.0181,0.0141,-0.0064,3097500,-0.0058,DOWN
2017,-0.0058,0.0125,-0.0023,0.0181,0.0141,2734600,0.0012,UP
2017,0.0012,-0.0058,0.0125,-0.0023,0.0181,3288000,0.0082,UP
2017,0.0082,0.0012,-0.0058,0.0125,-0.0023,2447600,0.0143,UP
2017,0.0143,0.0082,0.0012,-0.0058,0.0125,2921300,0.0024,UP
2017,0.0024,0.0143,0.0082,0.0012,-0.0058,10991700,0.0018,UP
2017,0.0018,0.0024,0.0143,0.0082,0.0012,7709400,-0.0029,DOWN
2017,-0.0029,0.0018,0.0024,0.0143,0.0082,7352100,0.0129,UP
2017,0.0129,-0.0029,0.0018,0.0024,0.0143,4572600,0.0009,UP
2017,0.0009,0.0129,-0.0029,0.0018,0.0024,4070000,0.0124,UP
2017,0.0124,0.0009,0.0129,-0.0029,0.0018,3255800,-0.0065,DOWN
2017,-0.0065,0.0124,0.0009,0.0129,-0.0029,2730300,-0.0248,DOWN
2017,-0.0248,-0.0065,0.0124,0.0009,0.0129,2676600,-0.0316,DOWN
2017,-0.0316,-0.0248,-0.0065,0.0124,0.0009,2902800,0.0085,UP
2017,0.0085,-0.0316,-0.0248,-0.0065,0.0124,3569700,-0.0003,DOWN
2017,-0.0003,0.0085,-0.0316,-0.0248,-0.0065,5684100,-0.009,DOWN
2017,-0.009,-0.0003,0.0085,-0.0316,-0.0248,3468000,0.0007,UP
2017,0.0007,-0.009,-0.0003,0.0085,-0.0316,3172900,0.0047,UP
2017,0.0047,0.0007,-0.009,-0.0003,0.0085,2549300,-0.0024,DOWN
2017,-0.0024,0.0047,0.0007,-0.009,-0.0003,3132100,-0.0079,DOWN
2017,-0.0079,-0.0024,0.0047,0.0007,-0.009,3512400,-0.0255,DOWN
2017,-0.0255,-0.0079,-0.0024,0.0047,0.0007,3284800,0.0116,UP
2017,0.0116,-0.0255,-0.0079,-0.0024,0.0047,3164500,0.0158,UP
2017,0.0158,0.0116,-0.0255,-0.0079,-0.0024,2750000,-0.0006,DOWN
2017,-0.0006,0.0158,0.0116,-0.0255,-0.0079,2668300,-0.0046,DOWN
2017,-0.0046,-0.0006,0.0158,0.0116,-0.0255,5195700,-0.018,DOWN
2017,-0.018,-0.0046,-0.0006,0.0158,0.0116,3324800,-0.0022,DOWN
2017,-0.0022,-0.018,-0.0046,-0.0006,0.0158,2596700,-0.0054,DOWN
2017,-0.0054,-0.0022,-0.018,-0.0046,-0.0006,2874300,0.0143,UP
2017,0.0143,-0.0054,-0.0022,-0.018,-0.0046,2904600,-0.0092,DOWN
2017,-0.0092,0.0143,-0.0054,-0.0022,-0.018,3331500,-0.0058,DOWN
2017,-0.0058,-0.0092,0.0143,-0.0054,-0.0022,2535900,-0.0075,DOWN
2017,-0.0075,-0.0058,-0.0092,0.0143,-0.0054,2883200,0.0008,UP
2017,0.0008,-0.0075,-0.0058,-0.0092,0.0143,2129900,0.0085,UP
2017,0.0085,0.0008,-0.0075,-0.0058,-0.0092,2566800,0.0142,UP
2017,0.0142,0.0085,0.0008,-0.0075,-0.0058,2605300,0.0134,UP
2017,0.0134,0.0142,0.0085,0.0008,-0.0075,2186700,-0.0024,DOWN
2017,-0.0024,0.0134,0.0142,0.0085,0.0008,2481100,-0.0133,DOWN
2017,-0.0133,-0.0024,0.0134,0.0142,0.0085,3374700,0.0026,UP
2017,0.0026,-0.0133,-0.0024,0.0134,0.0142,3913300,0.0121,UP
2017,0.0121,0.0026,-0.0133,-0.0024,0.0134,3760200,-0.0139,DOWN
2017,-0.0139,0.0121,0.0026,-0.0133,-0.0024,3411300,0.0125,UP
2017,0.0125,-0.0139,0.0121,0.0026,-0.0133,2671100,0.0047,UP
2017,0.0047,0.0125,-0.0139,0.0121,0.0026,2888800,0.0173,UP
2017,0.0173,0.0047,0.0125,-0.0139,0.0121,2337600,-0.0074,DOWN
2017,-0.0074,0.0173,0.0047,0.0125,-0.0139,2641800,-0.0055,DOWN
2017,-0.0055,-0.0074,0.0173,0.0047,0.0125,5124000,-0.0128,DOWN
2017,-0.0128,-0.0055,-0.0074,0.0173,0.0047,3564800,-0.0044,DOWN
2017,-0.0044,-0.0128,-0.0055,-0.0074,0.0173,3148900,0.0035,UP
2017,0.0035,-0.0044,-0.0128,-0.0055,-0.0074,2522600,-0.0088,DOWN
2017,-0.0088,0.0035,-0.0044,-0.0128,-0.0055,2543800,-0.0099,DOWN
2017,-0.0099,-0.0088,0.0035,-0.0044,-0.0128,2442900,-0.016,DOWN
2017,-0.016,-0.0099,-0.0088,0.0035,-0.0044,2666600,-0.0013,DOWN
2017,-0.0013,-0.016,-0.0099,-0.0088,0.0035,2527400,0.0131,UP
2017,0.0131,-0.0013,-0.016,-0.0099,-0.0088,3229200,0.0058,UP
2017,0.0058,0.0131,-0.0013,-0.016,-0.0099,3782100,0.0052,UP
2017,0.0052,0.0058,0.0131,-0.0013,-0.016,2938600,-0.0022,DOWN
2017,-0.0022,0.0052,0.0058,0.0131,-0.0013,3084900,-0.0022,DOWN
2017,-0.0022,-0.0022,0.0052,0.0058,0.0131,2337100,0.0087,UP
2017,0.0087,-0.0022,-0.0022,0.0052,0.0058,4067300,0.016,UP
2017,0.016,0.0087,-0.0022,-0.0022,0.0052,2431500,0.0089,UP
2017,0.0089,0.016,0.0087,-0.0022,-0.0022,2008900,0.0014,UP
2017,0.0014,0.0089,0.016,0.0087,-0.0022,2319700,-0.0038,DOWN
2017,-0.0038,0.0014,0.0089,0.016,0.0087,2499700,0.0079,UP
2017,0.0079,-0.0038,0.0014,0.0089,0.016,3108200,0.006,UP
2017,0.006,0.0079,-0.0038,0.0014,0.0089,2365100,0.002,UP
2017,0.002,0.006,0.0079,-0.0038,0.0014,3494100,0.0034,UP
2017,0.0034,0.002,0.006,0.0079,-0.0038,2723900,0.0028,UP
2017,0.0028,0.0034,0.002,0.006,0.0079,3033100,-0.012,DOWN
2017,-0.012,0.0028,0.0034,0.002,0.006,5618700,-0.0104,DOWN
2017,-0.0104,-0.012,0.0028,0.0034,0.002,16565000,-0.0038,DOWN
2017,-0.0038,-0.0104,-0.012,0.0028,0.0034,6613100,-0.0169,DOWN
2017,-0.0169,-0.0038,-0.0104,-0.012,0.0028,3477000,0.0099,UP
2017,0.0099,-0.0169,-0.0038,-0.0104,-0.012,3755500,-0.0031,DOWN
2017,-0.0031,0.0099,-0.0169,-0.0038,-0.0104,3684900,-0.0005,DOWN
2017,-0.0005,-0.0031,0.0099,-0.0169,-0.0038,3751500,0.1322,UP
2017,0.1322,-0.0005,-0.0031,0.0099,-0.0169,3381100,0.009,UP
2017,0.009,0.1322,-0.0005,-0.0031,0.0099,2689000,-0.005,DOWN
2017,-0.005,0.009,0.1322,-0.0005,-0.0031,2581500,-0.0014,DOWN
2017,-0.0014,-0.005,0.009,0.1322,-0.0005,3732700,-0.0086,DOWN
2017,-0.0086,-0.0014,-0.005,0.009,0.1322,2179900,0.0159,UP
2017,0.0159,-0.0086,-0.0014,-0.005,0.009,2918400,0.0082,UP
2017,0.0082,0.0159,-0.0086,-0.0014,-0.005,3138400,0.0022,UP
2017,0.0022,0.0082,0.0159,-0.0086,-0.0014,3928700,0.0086,UP
2017,0.0086,0.0022,0.0082,0.0159,-0.0086,2213300,-0.0033,DOWN
2017,-0.0033,0.0086,0.0022,0.0082,0.0159,2413400,-0.0033,DOWN
2017,-0.0033,-0.0033,0.0086,0.0022,0.0082,2163900,0.0034,UP
2017,0.0034,-0.0033,-0.0033,0.0086,0.0022,2479400,0.0068,UP
2017,0.0068,0.0034,-0.0033,-0.0033,0.0086,3555300,-0.0089,DOWN
2017,-0.0089,0.0068,0.0034,-0.0033,-0.0033,3528000,0.0094,UP
2017,0.0094,-0.0089,0.0068,0.0034,-0.0033,6744000,-0.0065,DOWN
2017,-0.0065,0.0094,-0.0089,0.0068,0.0034,4559400,-0.0032,DOWN
2017,-0.0032,-0.0065,0.0094,-0.0089,0.0068,9257500,0.0117,UP
2017,0.0117,-0.0032,-0.0065,0.0094,-0.0089,4509200,0.0146,UP
2017,0.0146,0.0117,-0.0032,-0.0065,0.0094,4107100,0.0258,UP
2017,0.0258,0.0146,0.0117,-0.0032,-0.0065,5931900,0.0083,UP
2017,0.0083,0.0258,0.0146,0.0117,-0.0032,4079800,-0.0019,DOWN
2017,-0.0019,0.0083,0.0258,0.0146,0.0117,2853300,-0.0271,DOWN
2017,-0.0271,-0.0019,0.0083,0.0258,0.0146,2511600,0.0133,UP
2017,0.0133,-0.0271,-0.0019,0.0083,0.0258,3050100,-0.0122,DOWN
2017,-0.0122,0.0133,-0.0271,-0.0019,0.0083,2363500,-0.0244,DOWN
2017,-0.0244,-0.0122,0.0133,-0.0271,-0.0019,2235900,0.0067,UP
2017,0.0067,-0.0244,-0.0122,0.0133,-0.0271,2616800,0.0094,UP
2017,0.0094,0.0067,-0.0244,-0.0122,0.0133,3214300,0.0065,UP
2017,0.0065,0.0094,0.0067,-0.0244,-0.0122,4778600,0.0019,UP
2017,0.0019,0.0065,0.0094,0.0067,-0.0244,2947600,0.006,UP
2017,0.006,0.0019,0.0065,0.0094,0.0067,2587800,-0.0033,DOWN
2017,-0.0033,0.006,0.0019,0.0065,0.0094,2371200,-0.0008,DOWN
2017,-0.0008,-0.0033,0.006,0.0019,0.0065,2123100,0.0087,UP
2017,0.0087,-0.0008,-0.0033,0.006,0.0019,1585100,0.0042,UP
2017,0.0042,0.0087,-0.0008,-0.0033,0.006,2005200,0.0097,UP
2017,0.0097,0.0042,0.0087,-0.0008,-0.0033,1867200,-0.0027,DOWN
2017,-0.0027,0.0097,0.0042,0.0087,-0.0008,1841700,-0.0082,DOWN
2017,-0.0082,-0.0027,0.0097,0.0042,0.0087,2688400,-0.0024,DOWN
2017,-0.0024,-0.0082,-0.0027,0.0097,0.0042,2694500,-0.0054,DOWN
2017,-0.0054,-0.0024,-0.0082,-0.0027,0.0097,3108800,0.0072,UP
2017,0.0072,-0.0054,-0.0024,-0.0082,-0.0027,3022100,0.0047,UP
2017,0.0047,0.0072,-0.0054,-0.0024,-0.0082,3544700,0.0032,UP
2017,0.0032,0.0047,0.0072,-0.0054,-0.0024,4279500,-0.014,DOWN
2018,-0.014,0.0032,0.0047,0.0072,-0.0054,3661300,0.0167,UP
2018,0.0167,-0.014,0.0032,0.0047,0.0072,2686000,0.0128,UP
2018,0.0128,0.0167,-0.014,0.0032,0.0047,3125000,0.0045,UP
2018,0.0045,0.0128,0.0167,-0.014,0.0032,5443700,0.0162,UP
2018,0.0162,0.0045,0.0128,0.0167,-0.014,7220700,0.0144,UP
2018,0.0144,0.0162,0.0045,0.0128,0.0167,5253800,0.0047,UP
2018,0.0047,0.0144,0.0162,0.0045,0.0128,4026900,0.0013,UP
2018,0.0013,0.0047,0.0144,0.0162,0.0045,4578500,0.0178,UP
2018,0.0178,0.0013,0.0047,0.0144,0.0162,4140100,0.0223,UP
2018,0.0223,0.0178,0.0013,0.0047,0.0144,5169300,-0.0003,DOWN
2018,-0.0003,0.0223,0.0178,0.0013,0.0047,6807500,-0.0076,DOWN
2018,-0.0076,-0.0003,0.0223,0.0178,0.0013,4753000,-0.0013,DOWN
2018,-0.0013,-0.0076,-0.0003,0.0223,0.0178,4857300,0.001,UP
2018,0.001,-0.0013,-0.0076,-0.0003,0.0223,5701900,0.0253,UP
2018,0.0253,0.001,-0.0013,-0.0076,-0.0003,5871900,0.0265,UP
2018,0.0265,0.0253,0.001,-0.0013,-0.0076,6424700,-0.0037,DOWN
2018,-0.0037,0.0265,0.0253,0.001,-0.0013,9113800,0.0151,UP
2018,0.0151,-0.0037,0.0265,0.0253,0.001,11125700,0.0175,UP
2018,0.0175,0.0151,-0.0037,0.0265,0.0253,11495000,0.0111,UP
2018,0.0111,0.0175,0.0151,-0.0037,0.0265,11066800,0.0142,UP
2018,0.0142,0.0111,0.0175,0.0151,-0.0037,7162700,0.0091,UP
2018,0.0091,0.0142,0.0111,0.0175,0.0151,8578600,-0.042,DOWN
2018,-0.042,0.0091,0.0142,0.0111,0.0175,14141500,0.0287,UP
2018,0.0287,-0.042,0.0091,0.0142,0.0111,6738900,-0.0279,DOWN
2018,-0.0279,0.0287,-0.042,0.0091,0.0142,5917900,0.038,UP
2018,0.038,-0.0279,0.0287,-0.042,0.0091,5959200,-0.0181,DOWN
2018,-0.0181,0.038,-0.0279,0.0287,-0.042,5652700,-0.0468,DOWN
2018,-0.0468,-0.0181,0.038,-0.0279,0.0287,4472600,-0.0081,DOWN
2018,-0.0081,-0.0468,-0.0181,0.038,-0.0279,6499200,0.0348,UP
2018,0.0348,-0.0081,-0.0468,-0.0181,0.038,6304400,0.0204,UP
2018,0.0204,0.0348,-0.0081,-0.0468,-0.0181,4858100,0.0258,UP
2018,0.0258,0.0204,0.0348,-0.0081,-0.0468,4418100,0.0074,UP
2018,0.0074,0.0258,0.0204,0.0348,-0.0081,4955000,-0.0089,DOWN
2018,-0.0089,0.0074,0.0258,0.0204,0.0348,4808800,0.0136,UP
2018,0.0136,-0.0089,0.0074,0.0258,0.0204,4515000,0.0099,UP
2018,0.0099,0.0136,-0.0089,0.0074,0.0258,6835200,0.0016,UP
2018,0.0016,0.0099,0.0136,-0.0089,0.0074,6587600,0.0099,UP
2018,0.0099,0.0016,0.0099,0.0136,-0.0089,5233900,0.0146,UP
2018,0.0146,0.0099,0.0016,0.0099,0.0136,4561700,-0.0066,DOWN
2018,-0.0066,0.0146,0.0099,0.0016,0.0099,4174100,0.0003,UP
2018,0.0003,-0.0066,0.0146,0.0099,0.0016,3862600,-0.0126,DOWN
2018,-0.0126,0.0003,-0.0066,0.0146,0.0099,4534300,0.0046,UP
2018,0.0046,-0.0126,0.0003,-0.0066,0.0146,5174200,0.0156,UP
2018,0.0156,0.0046,-0.0126,0.0003,-0.0066,6531900,0.0092,UP
2018,0.0092,0.0156,0.0046,-0.0126,0.0003,4259400,0.0048,UP
2018,0.0048,0.0092,0.0156,0.0046,-0.0126,4069700,0.0044,UP
2018,0.0044,0.0048,0.0092,0.0156,0.0046,5425000,0.0174,UP
2018,0.0174,0.0044,0.0048,0.0092,0.0156,6580800,0.0124,UP
2018,0.0124,0.0174,0.0044,0.0048,0.0092,4581600,-0.0064,DOWN
2018,-0.0064,0.0124,0.0174,0.0044,0.0048,4750800,0.0018,UP
2018,0.0018,-0.0064,0.0124,0.0174,0.0044,6320600,-0.0055,DOWN
2018,-0.0055,0.0018,-0.0064,0.0124,0.0174,8006000,-0.0067,DOWN
2018,-0.0067,-0.0055,0.0018,-0.0064,0.0124,5624700,-0.017,DOWN
2018,-0.017,-0.0067,-0.0055,0.0018,-0.0064,6999600,0.0269,UP
2018,0.0269,-0.017,-0.0067,-0.0055,0.0018,13705300,-0.0029,DOWN
2018,-0.0029,0.0269,-0.017,-0.0067,-0.0055,12581100,-0.0234,DOWN
2018,-0.0234,-0.0029,0.0269,-0.017,-0.0067,10463600,-0.0319,DOWN
2018,-0.0319,-0.0234,-0.0029,0.0269,-0.017,10231200,0.0403,UP
2018,0.0403,-0.0319,-0.0234,-0.0029,0.0269,6982300,-0.0378,DOWN
2018,-0.0378,0.0403,-0.0319,-0.0234,-0.0029,6413500,-0.0438,DOWN
2018,-0.0438,-0.0378,0.0403,-0.0319,-0.0234,5882300,0.0111,UP
2018,0.0111,-0.0438,-0.0378,0.0403,-0.0319,4208200,-0.0521,DOWN
2018,-0.0521,0.0111,-0.0438,-0.0378,0.0403,4254100,0.0146,UP
2018,0.0146,-0.0521,0.0111,-0.0438,-0.0378,3582500,0.0133,UP
2018,0.0133,0.0146,-0.0521,0.0111,-0.0438,3135000,0.0292,UP
2018,0.0292,0.0133,0.0146,-0.0521,0.0111,3685300,-0.032,DOWN
2018,-0.032,0.0292,0.0133,0.0146,-0.0521,2808600,0.0006,UP
2018,0.0006,-0.032,0.0292,0.0133,0.0146,5114400,0.0214,UP
2018,0.0214,0.0006,-0.032,0.0292,0.0133,5227500,-0.0064,DOWN
2018,-0.0064,0.0214,0.0006,-0.032,0.0292,6523700,0.015,UP
2018,0.015,-0.0064,0.0214,0.0006,-0.032,5541600,-0.0122,DOWN
2018,-0.0122,0.015,-0.0064,0.0214,0.0006,4465400,0.0075,UP
2018,0.0075,-0.0122,0.015,-0.0064,0.0214,7494700,0.0432,UP
2018,0.0432,0.0075,-0.0122,0.015,-0.0064,6587300,0.016,UP
2018,0.016,0.0432,0.0075,-0.0122,0.015,8801100,0.019,UP
2018,0.019,0.016,0.0432,0.0075,-0.0122,13053200,-0.0189,DOWN
2018,-0.0189,0.019,0.016,0.0432,0.0075,5464100,-0.0063,DOWN
2018,-0.0063,-0.0189,0.019,0.016,0.0432,4572100,-0.0381,DOWN
2018,-0.0381,-0.0063,-0.0189,0.019,0.016,4360300,0.0001,UP
2018,0.0001,-0.0381,-0.0063,-0.0189,0.019,4251900,0.0396,UP
2018,0.0396,0.0001,-0.0381,-0.0063,-0.0189,3443600,0.036,UP
2018,0.036,0.0396,0.0001,-0.0381,-0.0063,3801900,-0.0041,DOWN
2018,-0.0041,0.036,0.0396,0.0001,-0.0381,3067900,0.0103,UP
2018,0.0103,-0.0041,0.036,0.0396,0.0001,3637300,-0.008,DOWN
2018,-0.008,0.0103,-0.0041,0.036,0.0396,2817500,0.0015,UP
2018,0.0015,-0.008,0.0103,-0.0041,0.036,2263900,0.0056,UP
2018,0.0056,0.0015,-0.008,0.0103,-0.0041,2509500,0.0121,UP
2018,0.0121,0.0056,0.0015,-0.008,0.0103,5077500,-0.0048,DOWN
2018,-0.0048,0.0121,0.0056,0.0015,-0.008,2570600,0.0098,UP
2018,0.0098,-0.0048,0.0121,0.0056,0.0015,2147600,0.0007,UP
2018,0.0007,0.0098,-0.0048,0.0121,0.0056,2642600,-0.0038,DOWN
2018,-0.0038,0.0007,0.0098,-0.0048,0.0121,2925200,-0.0009,DOWN
2018,-0.0009,-0.0038,0.0007,0.0098,-0.0048,2115600,-0.0159,DOWN
2018,-0.0159,-0.0009,-0.0038,0.0007,0.0098,3361900,0.0071,UP
2018,0.0071,-0.0159,-0.0009,-0.0038,0.0007,3430000,-0.0035,DOWN
2018,-0.0035,0.0071,-0.0159,-0.0009,-0.0038,2698400,-0.0047,DOWN
2018,-0.0047,-0.0035,0.0071,-0.0159,-0.0009,3846500,0.007,UP
2018,0.007,-0.0047,-0.0035,0.0071,-0.0159,2907400,-0.0026,DOWN
2018,-0.0026,0.007,-0.0047,-0.0035,0.0071,3166300,0.0129,UP
2018,0.0129,-0.0026,0.007,-0.0047,-0.0035,3313400,0.0008,UP
2018,0.0008,0.0129,-0.0026,0.007,-0.0047,3187700,0.0044,UP
2018,0.0044,0.0008,0.0129,-0.0026,0.007,4782200,0.0017,UP
2018,0.0017,0.0044,0.0008,0.0129,-0.0026,5473200,0.0075,UP
2018,0.0075,0.0017,0.0044,0.0008,0.0129,3765700,0.0029,UP
2018,0.0029,0.0075,0.0017,0.0044,0.0008,2955100,0.0073,UP
2018,0.0073,0.0029,0.0075,0.0017,0.0044,2335500,0.0145,UP
2018,0.0145,0.0073,0.0029,0.0075,0.0017,2259200,0.0187,UP
2018,0.0187,0.0145,0.0073,0.0029,0.0075,3327500,-0.0004,DOWN
2018,-0.0004,0.0187,0.0145,0.0073,0.0029,3174400,-0.0038,DOWN
2018,-0.0038,-0.0004,0.0187,0.0145,0.0073,4777600,-0.0031,DOWN
2018,-0.0031,-0.0038,-0.0004,0.0187,0.0145,3107700,0.003,UP
2018,0.003,-0.0031,-0.0038,-0.0004,0.0187,4290100,0.0057,UP
2018,0.0057,0.003,-0.0031,-0.0038,-0.0004,4332600,0.0036,UP
2018,0.0036,0.0057,0.003,-0.0031,-0.0038,4941100,0.0111,UP
2018,0.0111,0.0036,0.0057,0.003,-0.0031,4075100,-0.0046,DOWN
2018,-0.0046,0.0111,0.0036,0.0057,0.003,7511200,0.0046,UP
2018,0.0046,-0.0046,0.0111,0.0036,0.0057,4386600,0.0064,UP
2018,0.0064,0.0046,-0.0046,0.0111,0.0036,4872200,0.0088,UP
2018,0.0088,0.0064,0.0046,-0.0046,0.0111,4529700,-0.0113,DOWN
2018,-0.0113,0.0088,0.0064,0.0046,-0.0046,4543500,-0.0084,DOWN
2018,-0.0084,-0.0113,0.0088,0.0064,0.0046,3185700,-0.0306,DOWN
2018,-0.0306,-0.0084,-0.0113,0.0088,0.0064,2177300,0.0168,UP
2018,0.0168,-0.0306,-0.0084,-0.0113,0.0088,2983100,-0.0181,DOWN
2018,-0.0181,0.0168,-0.0306,-0.0084,-0.0113,2650300,0.0247,UP
2018,0.0247,-0.0181,0.0168,-0.0306,-0.0084,3012000,-0.001,DOWN
2018,-0.001,0.0247,-0.0181,0.0168,-0.0306,3002900,0.0082,UP
2018,0.0082,-0.001,0.0247,-0.0181,0.0168,3209800,-0.0116,DOWN
2018,-0.0116,0.0082,-0.001,0.0247,-0.0181,4532700,0.0034,UP
2018,0.0034,-0.0116,0.0082,-0.001,0.0247,4383200,0.0064,UP
2018,0.0064,0.0034,-0.0116,0.0082,-0.001,5466200,0.0166,UP
2018,0.0166,0.0064,0.0034,-0.0116,0.0082,5682900,0.0023,UP
2018,0.0023,0.0166,0.0064,0.0034,-0.0116,4861900,0.0068,UP
2018,0.0068,0.0023,0.0166,0.0064,0.0034,4676900,0.0237,UP
2018,0.0237,0.0068,0.0023,0.0166,0.0064,3884400,0.0091,UP
2018,0.0091,0.0237,0.0068,0.0023,0.0166,3888500,0.0052,UP
2018,0.0052,0.0091,0.0237,0.0068,0.0023,4278700,0.0118,UP
2018,0.0118,0.0052,0.0091,0.0237,0.0068,3738200,-0.0005,DOWN
2018,-0.0005,0.0118,0.0052,0.0091,0.0237,9924400,-0.0163,DOWN
2018,-0.0163,-0.0005,0.0118,0.0052,0.0091,9681000,0.0004,UP
2018,0.0004,-0.0163,-0.0005,0.0118,0.0052,6562300,-0.0065,DOWN
2018,-0.0065,0.0004,-0.0163,-0.0005,0.0118,5738700,0.0151,UP
2018,0.0151,-0.0065,0.0004,-0.0163,-0.0005,4153100,0.0188,UP
2018,0.0188,0.0151,-0.0065,0.0004,-0.0163,4354700,-0.0298,DOWN
2018,-0.0298,0.0188,0.0151,-0.0065,0.0004,3460500,0.0051,UP
2018,0.0051,-0.0298,0.0188,0.0151,-0.0065,3391800,-0.0209,DOWN
2018,-0.0209,0.0051,-0.0298,0.0188,0.0151,3377500,-0.001,DOWN
2018,-0.001,-0.0209,0.0051,-0.0298,0.0188,3963000,0.0111,UP
2018,0.0111,-0.001,-0.0209,0.0051,-0.0298,4860400,0.0207,UP
2018,0.0207,0.0111,-0.001,-0.0209,0.0051,3639900,-0.006,DOWN
2018,-0.006,0.0207,0.0111,-0.001,-0.0209,5531500,0.0134,UP
2018,0.0134,-0.006,0.0207,0.0111,-0.001,3986100,0.008,UP
2018,0.008,0.0134,-0.006,0.0207,0.0111,7700700,0.0129,UP
2018,0.0129,0.008,0.0134,-0.006,0.0207,3957100,0.0064,UP
2018,0.0064,0.0129,0.008,0.0134,-0.006,4104300,-0.0064,DOWN
2018,-0.0064,0.0064,0.0129,0.008,0.0134,2862000,0.0052,UP
2018,0.0052,-0.0064,0.0064,0.0129,0.008,3105600,0.0124,UP
2018,0.0124,0.0052,-0.0064,0.0064,0.0129,3080500,-0.0193,DOWN
2018,-0.0193,0.0124,0.0052,-0.0064,0.0064,3563000,0.0021,UP
2018,0.0021,-0.0193,0.0124,0.0052,-0.0064,2800900,-0.0023,DOWN
2018,-0.0023,0.0021,-0.0193,0.0124,0.0052,3569000,-0.0029,DOWN
2018,-0.0029,-0.0023,0.0021,-0.0193,0.0124,3100700,0.0036,UP
2018,0.0036,-0.0029,-0.0023,0.0021,-0.0193,6531800,0.0114,UP
2018,0.0114,0.0036,-0.0029,-0.0023,0.0021,7277300,-0.001,DOWN
2018,-0.001,0.0114,0.0036,-0.0029,-0.0023,4204400,0.0013,UP
2018,0.0013,-0.001,0.0114,0.0036,-0.0029,5721100,0.0117,UP
2018,0.0117,0.0013,-0.001,0.0114,0.0036,8220600,0.0027,UP
2018,0.0027,0.0117,0.0013,-0.001,0.0114,7488700,0.0338,UP
2018,0.0338,0.0027,0.0117,0.0013,-0.001,4892600,0.0021,UP
2018,0.0021,0.0338,0.0027,0.0117,0.0013,4544800,0.0052,UP
2018,0.0052,0.0021,0.0338,0.0027,0.0117,5033600,0.0133,UP
2018,0.0133,0.0052,0.0021,0.0338,0.0027,4414000,-0.0219,DOWN
2018,-0.0219,0.0133,0.0052,0.0021,0.0338,3621500,-0.0183,DOWN
2018,-0.0183,-0.0219,0.0133,0.0052,0.0021,3642000,-0.0032,DOWN
2018,-0.0032,-0.0183,-0.0219,0.0133,0.0052,7050200,-0.0067,DOWN
2018,-0.0067,-0.0032,-0.0183,-0.0219,0.0133,4268700,0.0248,UP
2018,0.0248,-0.0067,-0.0032,-0.0183,-0.0219,4056800,0.0014,UP
2018,0.0014,0.0248,-0.0067,-0.0032,-0.0183,3154900,-0.0001,DOWN
2018,-0.0001,0.0014,0.0248,-0.0067,-0.0032,6855900,-0.0099,DOWN
2018,-0.0099,-0.0001,0.0014,0.0248,-0.0067,4213700,-0.0316,DOWN
2018,-0.0316,-0.0099,-0.0001,0.0014,0.0248,4538400,0.0173,UP
2018,0.0173,-0.0316,-0.0099,-0.0001,0.0014,4313500,-0.0075,DOWN
2018,-0.0075,0.0173,-0.0316,-0.0099,-0.0001,4329400,0.0093,UP
2018,0.0093,-0.0075,0.0173,-0.0316,-0.0099,4085100,-0.0151,DOWN
2018,-0.0151,0.0093,-0.0075,0.0173,-0.0316,3460500,0.0101,UP
2018,0.0101,-0.0151,0.0093,-0.0075,0.0173,5400700,0.0208,UP
2018,0.0208,0.0101,-0.0151,0.0093,-0.0075,5253100,0.0002,UP
2018,0.0002,0.0208,0.0101,-0.0151,0.0093,7257000,0.0193,UP
2018,0.0193,0.0002,0.0208,0.0101,-0.0151,6822300,-0.005,DOWN
2018,-0.005,0.0193,0.0002,0.0208,0.0101,7393200,0.0007,UP
2018,0.0007,-0.005,0.0193,0.0002,0.0208,4772900,-0.0165,DOWN
2018,-0.0165,0.0007,-0.005,0.0193,0.0002,10988900,-0.0094,DOWN
2018,-0.0094,-0.0165,0.0007,-0.005,0.0193,13935900,-0.0222,DOWN
2018,-0.0222,-0.0094,-0.0165,0.0007,-0.005,9444600,-0.0104,DOWN
2018,-0.0104,-0.0222,-0.0094,-0.0165,0.0007,6437200,-0.0134,DOWN
2018,-0.0134,-0.0104,-0.0222,-0.0094,-0.0165,5859900,0.0032,UP
2018,0.0032,-0.0134,-0.0104,-0.0222,-0.0094,5295200,-0.0615,DOWN
2018,-0.0615,0.0032,-0.0134,-0.0104,-0.0222,5874000,-0.0204,DOWN
2018,-0.0204,-0.0615,0.0032,-0.0134,-0.0104,5907200,0.0403,UP
2018,0.0403,-0.0204,-0.0615,0.0032,-0.0134,4500000,-0.0155,DOWN
2018,-0.0155,0.0403,-0.0204,-0.0615,0.0032,6723900,0.0335,UP
2018,0.0335,-0.0155,0.0403,-0.0204,-0.0615,6928400,0.0065,UP
2018,0.0065,0.0335,-0.0155,0.0403,-0.0204,10285700,-0.0333,DOWN
2018,-0.0333,0.0065,0.0335,-0.0155,0.0403,14963800,-0.0038,DOWN
2018,-0.0038,-0.0333,0.0065,0.0335,-0.0155,13866100,0.0143,UP
2018,0.0143,-0.0038,-0.0333,0.0065,0.0335,12460100,-0.0115,DOWN
2018,-0.0115,0.0143,-0.0038,-0.0333,0.0065,9390200,-0.0591,DOWN
2018,-0.0591,-0.0115,0.0143,-0.0038,-0.0333,8135500,0.0709,UP
2018,0.0709,-0.0591,-0.0115,0.0143,-0.0038,6955500,-0.0782,DOWN
2018,-0.0782,0.0709,-0.0591,-0.0115,0.0143,5624700,-0.0633,DOWN
2018,-0.0633,-0.0782,0.0709,-0.0591,-0.0115,4257400,-0.0055,DOWN
2018,-0.0055,-0.0633,-0.0782,0.0709,-0.0591,8192200,0.0442,UP
2018,0.0442,-0.0055,-0.0633,-0.0782,0.0709,6534900,0.0423,UP
2018,0,0.0423,0.0442,-0.0055,-0.0633,6806200,-0.0227,DOWN
2018,-0.0227,0,0.0423,0.0442,-0.0055,5933300,0.0092,UP
2018,0.0092,-0.0227,0,0.0423,0.0442,6486900,0.0686,UP
2018,0.0686,0.0092,-0.0227,0,0.0423,8427300,-0.0003,DOWN
2018,-0.0003,0.0686,0.0092,-0.0227,0,6066100,-0.0242,DOWN
2018,-0.0242,-0.0003,0.0686,0.0092,-0.0227,7790000,-0.0441,DOWN
2018,-0.0441,-0.0242,-0.0003,0.0686,0.0092,10878800,-0.0035,DOWN
2018,-0.0035,-0.0441,-0.0242,-0.0003,0.0686,5716800,-0.0197,DOWN
2018,-0.0197,-0.0035,-0.0441,-0.0242,-0.0003,2707600,0.0128,UP
2018,0.0128,-0.0197,-0.0035,-0.0441,-0.0242,6257700,-0.0161,DOWN
2018,-0.0161,0.0128,-0.0197,-0.0035,-0.0441,5783200,-0.0509,DOWN
2018,-0.0509,-0.0161,0.0128,-0.0197,-0.0035,8458700,-0.0111,DOWN
2018,-0.0111,-0.0509,-0.0161,0.0128,-0.0197,6613200,0.0142,UP
2018,0.0142,-0.0111,-0.0509,-0.0161,0.0128,5761800,-0.0097,DOWN
2018,-0.0097,0.0142,-0.0111,-0.0509,-0.0161,6862300,0.0528,UP
2018,0.0528,-0.0097,0.0142,-0.0111,-0.0509,8694500,0.0001,UP
2018,0.0001,0.0528,-0.0097,0.0142,-0.0111,8789400,0.0609,UP
2018,0.0609,0.0001,0.0528,-0.0097,0.0142,7576100,-0.0025,DOWN
2018,-0.0025,0.0609,0.0001,0.0528,-0.0097,7494800,0.0099,UP
2018,0.0099,-0.0025,0.0609,0.0001,0.0528,6244700,0.0486,UP
2018,0.0486,0.0099,-0.0025,0.0609,0.0001,6598000,-0.0587,DOWN
2018,-0.0587,0.0486,0.0099,-0.0025,0.0609,5271300,0.0185,UP
2018,0.0185,-0.0587,0.0486,0.0099,-0.0025,6367200,-0.0412,DOWN
2018,-0.0412,0.0185,-0.0587,0.0486,0.0099,8829800,0.0073,UP
2018,0.0073,-0.0412,0.0185,-0.0587,0.0486,6523000,0.0013,UP
2018,0.0013,0.0073,-0.0412,0.0185,-0.0587,8792200,0.0124,UP
2018,0.0124,0.0013,0.0073,-0.0412,0.0185,9991800,-0.0031,DOWN
2018,-0.0031,0.0124,0.0013,0.0073,-0.0412,13640300,-0.0401,DOWN
2018,-0.0401,-0.0031,0.0124,0.0013,0.0073,7220000,-0.0446,DOWN
2018,-0.0446,-0.0401,-0.0031,0.0124,0.0013,10411800,0.0201,UP
2018,0.0201,-0.0446,-0.0401,-0.0031,0.0124,9722000,-0.0364,DOWN
2018,-0.0364,0.0201,-0.0446,-0.0401,-0.0031,8829000,-0.0229,DOWN
2018,-0.0229,-0.0364,0.0201,-0.0446,-0.0401,6954500,-0.0571,DOWN
2018,-0.0571,-0.0229,-0.0364,0.0201,-0.0446,7983100,-0.0243,DOWN
2018,-0.0243,-0.0571,-0.0229,-0.0364,0.0201,6975600,0.0945,UP
2018,0.0945,-0.0243,-0.0571,-0.0229,-0.0364,9182600,-0.0063,DOWN
2018,-0.0063,0.0945,-0.0243,-0.0571,-0.0229,7993200,0.0112,UP
2018,0.0112,-0.0063,0.0945,-0.0243,-0.0571,8881400,0.0162,UP
2019,0.0162,0.0112,-0.0063,0.0945,-0.0243,6348800,0.0247,UP
2019,0.0247,0.0162,0.0112,-0.0063,0.0945,6507700,-0.0252,DOWN
2019,-0.0252,0.0247,0.0162,0.0112,-0.0063,4686200,0.0501,UP
2019,0.0501,-0.0252,0.0247,0.0162,0.0112,6005900,0.0344,UP
2019,0.0344,0.0501,-0.0252,0.0247,0.0162,5998500,0.0166,UP
2019,0.0166,0.0344,0.0501,-0.0252,0.0247,6366900,0.0017,UP
2019,0.0017,0.0166,0.0344,0.0501,-0.0252,4208900,-0.0019,DOWN
2019,-0.0019,0.0017,0.0166,0.0344,0.0501,6020500,-0.0095,DOWN
2019,-0.0095,-0.0019,0.0017,0.0166,0.0344,6416800,-0.0142,DOWN
2019,-0.0142,-0.0095,-0.0019,0.0017,0.0166,5225200,0.0355,UP
2019,0.0355,-0.0142,-0.0095,-0.0019,0.0017,4089900,0.0055,UP
2019,0.0055,0.0355,-0.0142,-0.0095,-0.0019,4945900,0.0056,UP
2019,0.0056,0.0055,0.0355,-0.0142,-0.0095,4837700,0.0018,UP
2019,0.0018,0.0056,0.0055,0.0355,-0.0142,4632800,-0.0377,DOWN
2019,-0.0377,0.0018,0.0056,0.0055,0.0355,5783800,0.0048,UP
2019,0.0048,-0.0377,0.0018,0.0056,0.0055,10910300,0.0091,UP
2019,0.0091,0.0048,-0.0377,0.0018,0.0056,11506200,0.0095,UP
2019,0.0095,0.0091,0.0048,-0.0377,0.0018,4929100,-0.0196,DOWN
2019,-0.0196,0.0095,0.0091,0.0048,-0.0377,4453100,-0.0269,DOWN
2019,-0.0269,-0.0196,0.0095,0.0091,0.0048,3939900,0.048,UP
2019,0.048,-0.0269,-0.0196,0.0095,0.0091,4626600,0.0289,UP
2019,0.0289,0.048,-0.0269,-0.0196,0.0095,5657500,-0.0538,DOWN
2019,-0.0538,0.0289,0.048,-0.0269,-0.0196,3317300,0.0044,UP
2019,0.0044,-0.0538,0.0289,0.048,-0.0269,4858600,0.0156,UP
2019,0.0156,0.0044,-0.0538,0.0289,0.048,3560300,-0.0112,DOWN
2019,-0.0112,0.0156,0.0044,-0.0538,0.0289,4120500,-0.0158,DOWN
2019,-0.0158,-0.0112,0.0156,0.0044,-0.0538,4343900,-0.0162,DOWN
2019,-0.0162,-0.0158,-0.0112,0.0156,0.0044,3681700,0.0018,UP
2019,0.0018,-0.0162,-0.0158,-0.0112,0.0156,3337600,0.0295,UP
2019,0.0295,0.0018,-0.0162,-0.0158,-0.0112,3483400,0.0012,UP
2019,0.0012,0.0295,0.0018,-0.0162,-0.0158,3096200,-0.0106,DOWN
2019,-0.0106,0.0012,0.0295,0.0018,-0.0162,3184500,-0.0091,DOWN
2019,-0.0091,-0.0106,0.0012,0.0295,0.0018,2665800,0.0122,UP
2019,0.0122,-0.0091,-0.0106,0.0012,0.0295,3148800,-0.0034,DOWN
2019,-0.0034,0.0122,-0.0091,-0.0106,0.0012,3025900,-0.0016,DOWN
2019,-0.0016,-0.0034,0.0122,-0.0091,-0.0106,4974900,0.0075,UP
2019,0.0075,-0.0016,-0.0034,0.0122,-0.0091,6167400,0.0009,UP
2019,0.0009,0.0075,-0.0016,-0.0034,0.0122,3681500,0.0021,UP
2019,0.0021,0.0009,0.0075,-0.0016,-0.0034,3996000,0.0029,UP
2019,0.0029,0.0021,0.0009,0.0075,-0.0016,4957000,-0.0008,DOWN
2019,-0.0008,0.0029,0.0021,0.0009,0.0075,4667000,0.0195,UP
2019,0.0195,-0.0008,0.0029,0.0021,0.0009,3876400,0.0146,UP
2019,0.0146,0.0195,-0.0008,0.0029,0.0021,3614500,-0.0022,DOWN
2019,-0.0022,0.0146,0.0195,-0.0008,0.0029,3552000,-0.0139,DOWN
2019,-0.0139,-0.0022,0.0146,0.0195,-0.0008,2946600,-0.0258,DOWN
2019,-0.0258,-0.0139,-0.0022,0.0146,0.0195,7550900,-0.0032,DOWN
2019,-0.0032,-0.0258,-0.0139,-0.0022,0.0146,5429100,0.0307,UP
2019,0.0307,-0.0032,-0.0258,-0.0139,-0.0022,6364200,0.0015,UP
2019,0.0015,0.0307,-0.0032,-0.0258,-0.0139,6265600,0.0106,UP
2019,0.0106,0.0015,0.0307,-0.0032,-0.0258,5767800,-0.0027,DOWN
2019,-0.0027,0.0106,0.0015,0.0307,-0.0032,6363000,0.0155,UP
2019,0.0155,-0.0027,0.0106,0.0015,0.0307,5103800,0.0174,UP
2019,0.0174,0.0155,-0.0027,0.0106,0.0015,4865900,0.0113,UP
2019,0.0113,0.0174,0.0155,-0.0027,0.0106,4324800,0.0201,UP
2019,0.0201,0.0113,0.0174,0.0155,-0.0027,3043000,0.0122,UP
2019,0.0122,0.0201,0.0113,0.0174,0.0155,3320800,-0.03,DOWN
2019,-0.03,0.0122,0.0201,0.0113,0.0174,4238800,0.0054,UP
2019,0.0054,-0.03,0.0122,0.0201,0.0113,3448100,0.0054,UP
2019,0.0054,0.0054,-0.03,0.0122,0.0201,3980600,-0.0101,DOWN
2019,-0.0101,0.0054,0.0054,-0.03,0.0122,3623900,0.0044,UP
2019,0.0044,-0.0101,0.0054,0.0054,-0.03,3640500,0.0041,UP
2019,0.0041,0.0044,-0.0101,0.0054,0.0054,3752800,0.0188,UP
2019,0.0188,0.0041,0.0044,-0.0101,0.0054,3714400,-0.0001,DOWN
2019,-0.0001,0.0188,0.0041,0.0044,-0.0101,2964000,0.0037,UP
2019,0.0037,-0.0001,0.0188,0.0041,0.0044,2654800,-0.001,DOWN
2019,-0.001,0.0037,-0.0001,0.0188,0.0041,3114400,0.0101,UP
2019,0.0101,-0.001,0.0037,-0.0001,0.0188,3724400,0.0068,UP
2019,0.0068,0.0101,-0.001,0.0037,-0.0001,3044600,-0.0076,DOWN
2019,-0.0076,0.0068,0.0101,-0.001,0.0037,2893500,0.0063,UP
2019,0.0063,-0.0076,0.0068,0.0101,-0.001,2749900,-0.0018,DOWN
2019,-0.0018,0.0063,-0.0076,0.0068,0.0101,3373800,-0.0005,DOWN
2019,-0.0005,-0.0018,0.0063,-0.0076,0.0068,4640400,0.001,UP
2019,0.001,-0.0005,-0.0018,0.0063,-0.0076,3675800,0.0098,UP
2019,0.0098,0.001,-0.0005,-0.0018,0.0063,6099100,0.001,UP
2019,0.001,0.0098,0.001,-0.0005,-0.0018,8432600,-0.0017,DOWN
2019,-0.0017,0.001,0.0098,0.001,-0.0005,4021300,0.0138,UP
2019,0.0138,-0.0017,0.001,0.0098,0.001,3506000,0.0193,UP
2019,0.0193,0.0138,-0.0017,0.001,0.0098,3117000,-0.0114,DOWN
2019,-0.0114,0.0193,0.0138,-0.0017,0.001,3962900,0.0003,UP
2019,0.0003,-0.0114,0.0193,0.0138,-0.0017,6381600,0.0254,UP
2019,0.0254,0.0003,-0.0114,0.0193,0.0138,5417800,-0.0063,DOWN
2019,-0.0063,0.0254,0.0003,-0.0114,0.0193,5902100,-0.0061,DOWN
2019,-0.0061,-0.0063,0.0254,0.0003,-0.0114,4078600,-0.0078,DOWN
2019,-0.0078,-0.0061,-0.0063,0.0254,0.0003,5308300,-0.0056,DOWN
2019,-0.0056,-0.0078,-0.0061,-0.0063,0.0254,5718000,0.0324,UP
2019,0.0324,-0.0056,-0.0078,-0.0061,-0.0063,5783400,-0.0061,DOWN
2019,-0.0061,0.0324,-0.0056,-0.0078,-0.0061,4629100,-0.0151,DOWN
2019,-0.0151,-0.0061,0.0324,-0.0056,-0.0078,4692600,-0.0017,DOWN
2019,-0.0017,-0.0151,-0.0061,0.0324,-0.0056,4707800,-0.0093,DOWN
2019,-0.0093,-0.0017,-0.0151,-0.0061,0.0324,4736600,-0.0052,DOWN
2019,-0.0052,-0.0093,-0.0017,-0.0151,-0.0061,3798200,-0.0356,DOWN
2019,-0.0356,-0.0052,-0.0093,-0.0017,-0.0151,4005100,0.0096,UP
2019,0.0096,-0.0356,-0.0052,-0.0093,-0.0017,2936600,0.0169,UP
2019,0.0169,0.0096,-0.0356,-0.0052,-0.0093,4424300,0.0195,UP
2019,0.0195,0.0169,0.0096,-0.0356,-0.0052,3369700,-0.0202,DOWN
2019,-0.0202,0.0195,0.0169,0.0096,-0.0356,3200000,-0.0054,DOWN
2019,-0.0054,-0.0202,0.0195,0.0169,0.0096,4279000,-0.0008,DOWN
2019,-0.0008,-0.0054,-0.0202,0.0195,0.0169,3146900,0.0012,UP
2019,0.0012,-0.0008,-0.0054,-0.0202,0.0195,4618800,-0.0238,DOWN
2019,-0.0238,0.0012,-0.0008,-0.0054,-0.0202,9098700,0.0043,UP
2019,0.0043,-0.0238,0.0012,-0.0008,-0.0054,5679100,0.0072,UP
2019,0.0072,0.0043,-0.0238,0.0012,-0.0008,4239800,-0.0094,DOWN
2019,-0.0094,0.0072,0.0043,-0.0238,0.0012,3689300,-0.0016,DOWN
2019,-0.0016,-0.0094,0.0072,0.0043,-0.0238,4808200,-0.0227,DOWN
2019,-0.0227,-0.0016,-0.0094,0.0072,0.0043,5371000,-0.0464,DOWN
2019,-0.0464,-0.0227,-0.0016,-0.0094,0.0072,4042700,0.0218,UP
2019,0.0218,-0.0464,-0.0227,-0.0016,-0.0094,2674500,0.0052,UP
2019,0.0052,0.0218,-0.0464,-0.0227,-0.0016,2795800,0.0091,UP
2019,0.0091,0.0052,0.0218,-0.0464,-0.0227,2851200,0.0283,UP
2019,0.0283,0.0091,0.0052,0.0218,-0.0464,2634300,0.0314,UP
2019,0.0314,0.0283,0.0091,0.0052,0.0218,3895700,0.0016,UP
2019,0.0016,0.0314,0.0283,0.0091,0.0052,2895300,-0.0045,DOWN
2019,-0.0045,0.0016,0.0314,0.0283,0.0091,3217200,0.0081,UP
2019,0.0081,-0.0045,0.0016,0.0314,0.0283,3933600,-0.0003,DOWN
2019,-0.0003,0.0081,-0.0045,0.0016,0.0314,2283000,0.0088,UP
2019,0.0088,-0.0003,0.0081,-0.0045,0.0016,3012300,0.0081,UP
2019,0.0081,0.0088,-0.0003,0.0081,-0.0045,2441900,0.0039,UP
2019,0.0039,0.0081,0.0088,-0.0003,0.0081,2141700,0.0049,UP
2019,0.0049,0.0039,0.0081,0.0088,-0.0003,3037400,-0.0036,DOWN
2019,-0.0036,0.0049,0.0039,0.0081,0.0088,3203300,0.0014,UP
2019,0.0014,-0.0036,0.0049,0.0039,0.0081,2645900,-0.0186,DOWN
2019,-0.0186,0.0014,-0.0036,0.0049,0.0039,1690300,0.0104,UP
2019,0.0104,-0.0186,0.0014,-0.0036,0.0049,2628400,0.0034,UP
2019,0.0034,0.0104,-0.0186,0.0014,-0.0036,2883400,-0.0056,DOWN
2019,-0.0056,0.0034,0.0104,-0.0186,0.0014,4345700,0.0151,UP
2019,0.0151,-0.0056,0.0034,0.0104,-0.0186,4931900,0.0063,UP
2019,0.0063,0.0151,-0.0056,0.0034,0.0104,4317800,0.0024,UP
2019,0.0024,0.0063,0.0151,-0.0056,0.0034,2509300,0.002,UP
2019,0.002,0.0024,0.0063,0.0151,-0.0056,2981300,0.0048,UP
2019,0.0048,0.002,0.0024,0.0063,0.0151,2618200,0.0184,UP
2019,0.0184,0.0048,0.002,0.0024,0.0063,2558800,0.0146,UP
2019,0.0146,0.0184,0.0048,0.002,0.0024,3504300,-0.0081,DOWN
2019,-0.0081,0.0146,0.0184,0.0048,0.002,3185600,0.005,UP
2019,0.005,-0.0081,0.0146,0.0184,0.0048,2900000,0.005,UP
2019,0.005,0.005,-0.0081,0.0146,0.0184,2703500,-0.0055,DOWN
2019,-0.0055,0.005,0.005,-0.0081,0.0146,2631300,-0.0089,DOWN
2019,-0.0089,-0.0055,0.005,0.005,-0.0081,4136500,-0.0071,DOWN
2019,-0.0071,-0.0089,-0.0055,0.005,0.005,4927100,-0.0068,DOWN
2019,-0.0068,-0.0071,-0.0089,-0.0055,0.005,4493200,0.0107,UP
2019,0.0107,-0.0068,-0.0071,-0.0089,-0.0055,2910900,0.0045,UP
2019,0.0045,0.0107,-0.0068,-0.0071,-0.0089,4470700,0.0032,UP
2019,0.0032,0.0045,0.0107,-0.0068,-0.0071,4713300,-0.0135,DOWN
2019,-0.0135,0.0032,0.0045,0.0107,-0.0068,4956200,-0.0156,DOWN
2019,-0.0156,-0.0135,0.0032,0.0045,0.0107,6058200,-0.0157,DOWN
2019,-0.0157,-0.0156,-0.0135,0.0032,0.0045,5070300,-0.0073,DOWN
2019,-0.0073,-0.0157,-0.0156,-0.0135,0.0032,4526900,-0.0167,DOWN
2019,-0.0167,-0.0073,-0.0157,-0.0156,-0.0135,3701200,-0.0061,DOWN
2019,-0.0061,-0.0167,-0.0073,-0.0157,-0.0156,2879800,-0.0173,DOWN
2019,-0.0173,-0.0061,-0.0167,-0.0073,-0.0157,2905500,-0.0319,DOWN
2019,-0.0319,-0.0173,-0.0061,-0.0167,-0.0073,3994000,0.0129,UP
2019,0.0129,-0.0319,-0.0173,-0.0061,-0.0167,4893600,0.0031,UP
2019,0.0031,0.0129,-0.0319,-0.0173,-0.0061,3759100,0.022,UP
2019,0.022,0.0031,0.0129,-0.0319,-0.0173,3018000,-0.0138,DOWN
2019,-0.0138,0.022,0.0031,0.0129,-0.0319,2816300,-0.0125,DOWN
2019,-0.0125,-0.0138,0.022,0.0031,0.0129,1929500,0.0221,UP
2019,0.0221,-0.0125,-0.0138,0.022,0.0031,2031800,-0.0336,DOWN
2019,-0.0336,0.0221,-0.0125,-0.0138,0.022,2653500,0.0075,UP
2019,0.0075,-0.0336,0.0221,-0.0125,-0.0138,5270800,0.0093,UP
2019,0.0093,0.0075,-0.0336,0.0221,-0.0125,3080000,0.0131,UP
2019,0.0131,0.0093,0.0075,-0.0336,0.0221,3019700,-0.0081,DOWN
2019,-0.0081,0.0131,0.0093,0.0075,-0.0336,2419700,0.0123,UP
2019,0.0123,-0.0081,0.0131,0.0093,0.0075,3015100,-0.0104,DOWN
2019,-0.0104,0.0123,-0.0081,0.0131,0.0093,3058700,-0.0305,DOWN
2019,-0.0305,-0.0104,0.0123,-0.0081,0.0131,3543000,0.011,UP
2019,0.011,-0.0305,-0.0104,0.0123,-0.0081,2324100,-0.004,DOWN
2019,-0.004,0.011,-0.0305,-0.0104,0.0123,3310800,0.0014,UP
2019,0.0014,-0.004,0.011,-0.0305,-0.0104,2496900,0.0126,UP
2019,0.0126,0.0014,-0.004,0.011,-0.0305,2999500,-0.0057,DOWN
2019,-0.0057,0.0126,0.0014,-0.004,0.011,2613900,0.0076,UP
2019,0.0076,-0.0057,0.0126,0.0014,-0.004,2432800,0.006,UP
2019,0.006,0.0076,-0.0057,0.0126,0.0014,2823500,0.0223,UP
2019,0.0223,0.006,0.0076,-0.0057,0.0126,1971300,-0.0039,DOWN
2019,-0.0039,0.0223,0.006,0.0076,-0.0057,3675500,-0.0012,DOWN
2019,-0.0012,-0.0039,0.0223,0.006,0.0076,1982400,-0.0059,DOWN
2019,-0.0059,-0.0012,-0.0039,0.0223,0.006,2505600,0.0013,UP
2019,0.0013,-0.0059,-0.0012,-0.0039,0.0223,2031500,0.0113,UP
2019,0.0113,0.0013,-0.0059,-0.0012,-0.0039,5341900,-0.0023,DOWN
2019,-0.0023,0.0113,0.0013,-0.0059,-0.0012,2922300,-0.0171,DOWN
2019,-0.0171,-0.0023,0.0113,0.0013,-0.0059,4616000,0.0081,UP
2019,0.0081,-0.0171,-0.0023,0.0113,0.0013,3493200,-0.0028,DOWN
2019,-0.0028,0.0081,-0.0171,-0.0023,0.0113,3536800,0.0022,UP
2019,0.0022,-0.0028,0.0081,-0.0171,-0.0023,3907200,-0.015,DOWN
2019,-0.015,0.0022,-0.0028,0.0081,-0.0171,2644700,-0.0049,DOWN
2019,-0.0049,-0.015,0.0022,-0.0028,0.0081,3084500,-0.0245,DOWN
2019,-0.0245,-0.0049,-0.015,0.0022,-0.0028,3301100,0.0153,UP
2019,0.0153,-0.0245,-0.0049,-0.015,0.0022,3468200,-0.0161,DOWN
2019,-0.0161,0.0153,-0.0245,-0.0049,-0.015,2471900,-0.0083,DOWN
2019,-0.0083,-0.0161,0.0153,-0.0245,-0.0049,2154700,0.0061,UP
2019,0.0061,-0.0083,-0.0161,0.0153,-0.0245,2542000,-0.0001,DOWN
2019,-0.0001,0.0061,-0.0083,-0.0161,0.0153,2043500,-0.0129,DOWN
2019,-0.0129,-0.0001,0.0061,-0.0083,-0.0161,2575200,0.0065,UP
2019,0.0065,-0.0129,-0.0001,0.0061,-0.0083,3255000,0.0088,UP
2019,0.0088,0.0065,-0.0129,-0.0001,0.0061,1910200,-0.004,DOWN
2019,-0.004,0.0088,0.0065,-0.0129,-0.0001,3111700,-0.0157,DOWN
2019,-0.0157,-0.004,0.0088,0.0065,-0.0129,2763400,0.0097,UP
2019,0.0097,-0.0157,-0.004,0.0088,0.0065,2647400,-0.001,DOWN
2019,-0.001,0.0097,-0.0157,-0.004,0.0088,3362500,0.0068,UP
2019,0.0068,-0.001,0.0097,-0.0157,-0.004,2130400,0.0026,UP
2019,0.0026,0.0068,-0.001,0.0097,-0.0157,2111700,0.0178,UP
2019,0.0178,0.0026,0.0068,-0.001,0.0097,2138200,0.0057,UP
2019,0.0057,0.0178,0.0026,0.0068,-0.001,4446100,0.0057,UP
2019,0.0057,0.0057,0.0178,0.0026,0.0068,9626400,-0.0168,DOWN
2019,-0.0168,0.0057,0.0057,0.0178,0.0026,3708900,0.016,UP
2019,0.016,-0.0168,0.0057,0.0057,0.0178,2276900,-0.0112,DOWN
2019,-0.0112,0.016,-0.0168,0.0057,0.0057,2449400,-0.002,DOWN
2019,-0.002,-0.0112,0.016,-0.0168,0.0057,2781200,0.0106,UP
2019,0.0106,-0.002,-0.0112,0.016,-0.0168,2790400,-0.0109,DOWN
2019,-0.0109,0.0106,-0.002,-0.0112,0.016,2771900,0.0089,UP
2019,0.0089,-0.0109,0.0106,-0.002,-0.0112,1885500,-0.0081,DOWN
2019,-0.0081,0.0089,-0.0109,0.0106,-0.002,2029800,0.0098,UP
2019,0.0098,-0.0081,0.0089,-0.0109,0.0106,2651100,-0.0019,DOWN
2019,-0.0019,0.0098,-0.0081,0.0089,-0.0109,2123300,0.0083,UP
2019,0.0083,-0.0019,0.0098,-0.0081,0.0089,1946000,0.0074,UP
2019,0.0074,0.0083,-0.0019,0.0098,-0.0081,2037600,-0.0016,DOWN
2019,-0.0016,0.0074,0.0083,-0.0019,0.0098,2989500,-0.0033,DOWN
2019,-0.0033,-0.0016,0.0074,0.0083,-0.0019,2264800,-0.0042,DOWN
2019,-0.0042,-0.0033,-0.0016,0.0074,0.0083,3927600,-0.0013,DOWN
2019,-0.0013,-0.0042,-0.0033,-0.0016,0.0074,2839500,-0.008,DOWN
2019,-0.008,-0.0013,-0.0042,-0.0033,-0.0016,2270800,0.0036,UP
2019,0.0036,-0.008,-0.0013,-0.0042,-0.0033,2790000,-0.014,DOWN
2019,-0.014,0.0036,-0.008,-0.0013,-0.0042,2662900,0.0008,UP
2019,0.0008,-0.014,0.0036,-0.008,-0.0013,2479100,-0.0086,DOWN
2019,-0.0086,0.0008,-0.014,0.0036,-0.008,3486200,0.0075,UP
2019,0.0075,-0.0086,0.0008,-0.014,0.0036,3181200,0.0001,UP
2019,0.0001,0.0075,-0.0086,0.0008,-0.014,3025600,-0.0041,DOWN
2019,-0.0041,0.0001,0.0075,-0.0086,0.0008,1923400,-0.0062,DOWN
2019,-0.0062,-0.0041,0.0001,0.0075,-0.0086,3925600,0.0063,UP
2019,0.0063,-0.0062,-0.0041,0.0001,0.0075,3380900,0.0161,UP
2019,0.0161,0.0063,-0.0062,-0.0041,0.0001,2670100,0.013,UP
2019,0.013,0.0161,0.0063,-0.0062,-0.0041,2823800,0.012,UP
2019,0.012,0.013,0.0161,0.0063,-0.0062,3117400,-0.0097,DOWN
2019,-0.0097,0.012,0.013,0.0161,0.0063,2442800,-0.0107,DOWN
2019,-0.0107,-0.0097,0.012,0.013,0.0161,2514300,-0.0065,DOWN
2019,-0.0065,-0.0107,-0.0097,0.012,0.013,2097600,-0.0052,DOWN
2019,-0.0052,-0.0065,-0.0107,-0.0097,0.012,3095900,-0.0115,DOWN
2019,-0.0115,-0.0052,-0.0065,-0.0107,-0.0097,2745700,0.0064,UP
2019,0.0064,-0.0115,-0.0052,-0.0065,-0.0107,3145200,-0.0012,DOWN
2019,-0.0012,0.0064,-0.0115,-0.0052,-0.0065,3644400,-0.0059,DOWN
2019,-0.0059,-0.0012,0.0064,-0.0115,-0.0052,3351400,0.0055,UP
2019,0.0055,-0.0059,-0.0012,0.0064,-0.0115,2652800,0.0066,UP
2019,0.0066,0.0055,-0.0059,-0.0012,0.0064,5150800,0.0003,UP
2019,0.0003,0.0066,0.0055,-0.0059,-0.0012,2136400,0.0047,UP
2019,0.0047,0.0003,0.0066,0.0055,-0.0059,881300,0.0121,UP
2019,0.0121,0.0047,0.0003,0.0066,0.0055,6005400,-0.0037,DOWN
2019,-0.0037,0.0121,0.0047,0.0003,0.0066,6186600,0.0046,UP
2019,0.0046,-0.0037,0.0121,0.0047,0.0003,3674700,-0.0032,DOWN
2019,-0.0032,0.0046,-0.0037,0.0121,0.0047,2506500,0.0036,UP
2019,0.0036,-0.0032,0.0046,-0.0037,0.0121,2506501,-0.0021,DOWN
2019,-0.0021,0.0036,-0.0032,0.0046,-0.0037,2506502,0.0445,UP
2019,0.0445,-0.0021,0.0036,-0.0032,0.0046,2506503,0.0006,UP
2019,0.0006,0.0445,-0.0021,0.0036,-0.0032,2506504,-0.0123,DOWN
2019,-0.0123,0.0006,0.0445,-0.0021,0.0036,2506505,0.0005,UP