Week,Date,Close Price,Volume,,,,,,
2,2019/12/31,588.302,12.326B,,,,,,
1,2019/12/30,584.19208,15.597B,,,,,,
5,2019/12/27,575.34802,15.093B,,,,,,
4,2019/12/26,575.39594,10.886B,,,,,,
3,2019/12/25,570.98853,9.494B,,,,,,
2,2019/12/24,570.24335,9.599B,,,,,,
1,2019/12/23,566.19415,12.282B,,,,,,
5,2019/12/20,573.43451,12.127B,,,,,,
4,2019/12/19,575.04413,11.79B,,,,,,
3,2019/12/18,576.23535,15.135B,,,,,,
2,2019/12/17,577.94495,20.116B,,,,,,
1,2019/12/16,570.25226,14.849B,,,,,,
5,2019/12/13,567.39124,14.857B,,,,,,
4,2019/12/12,557.06226,8.471B,,,,,,
3,2019/11/12,554.46228,9.977B,,,,,,
2,2019/10/12,554.48077,8.626B,,,,,,
1,2019/9/12,553.38556,9.535B,,,,,,
5,2019/6/12,554.68634,7.865B,,,,,,
4,2019/5/12,550.67059,8.905B,,,,,,
3,2019/4/12,546.08136,7.968B,,,,,,
2,2019/3/12,545.38702,7.361B,,,,,,
1,2019/2/12,544.94891,7.741B,,,,,,
5,2019/11/29,544.41754,7.414B,,,,,,
4,11/28/2019,548.98907,6.523B,,,,,,
3,11/27/2019,551.37561,7.644B,,,,,,
2,2019/11/26,553.30249,11.151B,,,,,,
1,11/25/2019,551.16339,10.607B,,,,,,
5,11/22/2019,546.93628,9.104B,,,,,,
4,11/21/2019,553.34076,6.913B,,,,,,
3,11/20/2019,555.42566,7.682B,,,,,,
2,11/19/2019,561.64819,8.216B,,,,,,
1,11/18/2019,556.20966,7.665B,,,,,,
5,11/15/2019,553.20599,8.373B,,,,,,
4,11/14/2019,556.32648,8.701B,,,,,,
3,11/13/2019,555.26807,7.675B,,,,,,
2,2019/12/11,557.0412,7.654B,,,,,,
1,2019/11/11,556.73322,9.416B,,,,,,
5,2019/8/11,567.8894,9.711B,,,,,,
4,2019/7/11,572.03229,8.725B,,,,,,
3,2019/6/11,569.41528,9.731B,,,,,,
2,2019/5/11,571.03912,11.291B,,,,,,
1,2019/4/11,565.84576,10.419B,,,,,,
5,2019/1/11,561.62604,10.069B,,,,,,
4,10/31/2019,552.19745,8.671B,,,,,,
3,10/30/2019,551.52454,7.787B,,,,,,
2,10/29/2019,553.40173,8.226B,,,,,,
1,10/28/2019,555.55255,9.741B,,,,,,
5,10/25/2019,551.5083,7.745B,,,,,,
4,10/24/2019,547.54749,7.133B,,,,,,
3,10/23/2019,547.88477,7.02B,,,,,,
2,10/22/2019,550.49115,6.892B,,,,,,
1,10/21/2019,548.42786,7.418B,,,,,,
5,10/18/2019,546.39111,8.232B,,,,,,
4,10/17/2019,554.61359,6.486B,,,,,,
3,10/16/2019,552.98224,8.323B,,,,,,
2,10/15/2019,555.82617,8.527B,,,,,,
1,10/14/2019,559.34705,12.239B,,,,,,
5,2019/11/10,551.86505,9.341B,,,,,,
4,2019/10/10,544.4585,7.922B,,,,,,
3,2019/9/10,538.84235,7.585B,,,,,,
2,2019/8/10,537.15906,7.666B,,,,,,
1,09/30/2019,533.61981,6.593B,,,,,,
5,09/27/2019,540.89026,7.4B,,,,,,
4,09/26/2019,538.53278,10.27B,,,,,,
3,09/25/2019,542.78558,8.952B,,,,,,
2,09/24/2019,548.1734,8.778B,,,,,,
1,09/23/2019,546.55646,9.404B,,,,,,
5,09/20/2019,554.96582,10.346B,,,,,,
4,09/19/2019,553.01807,8.598B,,,,,,
3,09/18/2019,551.80414,8.206B,,,,,,
2,09/17/2019,548.68524,11.369B,,,,,,
1,09/16/2019,560.00385,11.026B,,,,,,
4,2019/12/9,561.11816,11.024B,,,,,,
3,2019/11/9,552.23627,13.159B,,,,,,
2,2019/10/9,556.64795,13.089B,,,,,,
1,2019/9/9,557.8338,14.681B,,,,,,
5,2019/6/9,554.90088,12.188B,,,,,,
4,2019/5/9,549.09607,18.166B,,,,,,
3,2019/4/9,543.80084,12.663B,,,,,,
2,2019/3/9,536.78192,9.771B,,,,,,
1,2019/2/9,536.57556,11.029B,,,,,,
5,08/30/2019,530.91315,9.67B,,,,,,
4,08/29/2019,530.50415,8.408B,,,,,,
3,08/28/2019,530.68689,8.875B,,,,,,
2,08/27/2019,532.92926,12.473B,,,,,,
1,08/26/2019,526.60498,9.386B,,,,,,
5,08/23/2019,538.45319,8.795B,,,,,,
4,08/22/2019,535.52606,8.581B,,,,,,
3,08/21/2019,535.42468,8.23B,,,,,,
2,08/20/2019,536.46033,10.86B,,,,,,
1,08/19/2019,537.6828,13.933B,,,,,,
5,08/16/2019,526.84814,8.832B,,,,,,
4,08/15/2019,525.16351,8.86B,,,,,,
3,08/14/2019,524.2301,9.12B,,,,,,
2,08/13/2019,520.44452,7.65B,,,,,,
1,2019/12/8,524.08612,8.208B,,,,,,
5,2019/9/8,514.48938,8.53B,,,,,,
4,2019/8/8,520.82184,8.846B,,,,,,
3,2019/7/8,512.93604,8.424B,,,,,,
2,2019/6/8,517.52374,12.983B,,,,,,
1,2019/5/8,521.32245,10.133B,,,,,,
5,2019/2/8,539.96112,10.834B,,,,,,
4,2019/1/8,551.33124,8.411B,,,,,,
3,07/31/2019,557.12488,8.215B,,,,,,
2,07/30/2019,562.17853,9.412B,,,,,,
1,07/29/2019,559.12482,8.481B,,,,,,
5,07/26/2019,560.90375,8.326B,,,,,,
4,07/25/2019,560.35065,9.374B,,,,,,
3,07/24/2019,555.82227,9.094B,,,,,,
2,07/23/2019,550.91565,7.131B,,,,,,
1,07/22/2019,549.57538,9.21B,,,,,,
5,07/19/2019,553.36194,8.809B,,,,,,
4,07/18/2019,547.72491,8.75B,,,,,,
3,07/17/2019,553.50653,9.518B,,,,,,
2,07/16/2019,553.61823,8.073B,,,,,,
1,07/15/2019,556.0191,10.121B,,,,,,
5,2019/12/7,553.53027,7.547B,,,,,,
4,2019/11/7,550.96228,7.531B,,,,,,
3,2019/10/7,550.95068,7.283B,,,,,,
2,2019/9/7,550.53485,7.484B,,,,,,
1,2019/8/7,552.57849,10.954B,,,,,,
5,2019/5/7,564.75598,7.401B,,,,,,
4,2019/4/7,563.64722,9.934B,,,,,,
3,2019/3/7,565.82196,11.199B,,,,,,
2,2019/2/7,572.84576,13.186B,,,,,,
1,2019/1/7,574.42847,15.837B,,,,,,
5,06/28/2019,557.11353,8.477B,,,,,,
4,06/27/2019,557.62122,10.532B,,,,,,
3,06/26/2019,551.49359,8.182B,,,,,,
2,06/25/2019,552.53204,12.408B,,,,,,
1,06/24/2019,558.56708,10.008B,,,,,,
5,06/21/2019,558.0777,15.364B,,,,,,
4,06/20/2019,558.75275,16.887B,,,,,,
3,06/19/2019,538.25311,12.56B,,,,,,
2,06/18/2019,531.28473,7.069B,,,,,,
1,06/17/2019,527.71143,7.298B,,,,,,
5,06/14/2019,527.75,10.182B,,,,,,
4,06/13/2019,532.44043,9.633B,,,,,,
3,2019/12/6,533.565,11.918B,,,,,,
2,2019/11/6,538.13641,14.348B,,,,,,
1,2019/10/6,520.95563,9.238B,,,,,,
4,2019/6/6,515.87238,8.553B,,,,,,
3,2019/5/6,520.63293,8.864B,,,,,,
2,2019/4/6,520.89038,8.71B,,,,,,
1,2019/3/6,526.08899,10.072B,,,,,,
5,05/31/2019,525.66785,8.922B,,,,,,
4,05/30/2019,527.56244,9.42B,,,,,,
3,05/29/2019,529.89545,9.336B,,,,,,
2,05/28/2019,531.42603,11.789B,,,,,,
1,05/27/2019,527.26758,10.883B,,,,,,
5,05/24/2019,520.84198,8.093B,,,,,,
4,05/23/2019,518.62531,9.99B,,,,,,
3,05/22/2019,528.42084,9.835B,,,,,,
2,05/21/2019,531.23975,11.102B,,,,,,
1,05/20/2019,523.3847,10.896B,,,,,,
5,05/17/2019,527.38428,12.845B,,,,,,
4,05/16/2019,543.88025,11.626B,,,,,,
3,05/15/2019,542.03577,11.016B,,,,,,
2,05/14/2019,530.13422,10.231B,,,,,,
1,05/13/2019,533.37683,10.339B,,,,,,
5,2019/10/5,546.65833,14.8B,,,,,,
4,2019/9/5,527.23547,10.104B,,,,,,
3,2019/8/5,540.69171,11.287B,,,,,,
2,2019/7/5,549.02209,13.285B,,,,,,
1,2019/6/5,544.69104,19.747B,,,,,,
2,04/30/2019,581.0434,11.623B,,,,,,
1,04/29/2019,579.22601,15.387B,,,,,,
5,04/26/2019,577.92694,14.201B,,,,,,
4,04/25/2019,584.57031,15.972B,,,,,,
3,04/24/2019,599.54608,14.55B,,,,,,
2,04/23/2019,597.54156,15.561B,,,,,,
1,04/22/2019,599.76324,18.935B,,,,,,
5,04/19/2019,614.61249,15.079B,,,,,,
4,04/18/2019,606.94879,14.656B,,,,,,
3,04/17/2019,611.11212,18.037B,,,,,,
2,04/16/2019,608.71088,20.204B,,,,,,
1,04/15/2019,592.59229,18.265B,,,,,,
5,2019/12/4,594.94299,13.586B,,,,,,
4,2019/11/4,594.93079,16.905B,,,,,,
3,2019/10/4,608.36603,19.469B,,,,,,
2,2019/9/4,607.20374,18.296B,,,,,,
1,2019/8/4,604.06891,26.751B,,,,,,
4,2019/4/4,604.74164,26.041B,,,,,,
3,2019/3/4,599.30206,23.192B,,,,,,
2,2019/2/4,590.67499,22.6B,,,,,,
1,2019/1/4,592.1073,27.138B,,,,,,
5,03/29/2019,576.91943,21.564B,,,,,,
4,03/28/2019,553.25641,13.327B,,,,,,
3,03/27/2019,556.46387,13.876B,,,,,,
2,03/26/2019,551.01312,17.305B,,,,,,
1,03/25/2019,557.84796,19.859B,,,,,,
5,03/22/2019,570.66748,17.136B,,,,,,
4,03/21/2019,572.81561,19.631B,,,,,,
3,03/20/2019,572.92407,17.563B,,,,,,
2,03/19/2019,571.21875,18.173B,,,,,,
1,03/18/2019,573.76593,21.693B,,,,,,
5,03/15/2019,557.83197,17.517B,,,,,,
4,03/14/2019,550.13251,19.082B,,,,,,
3,03/13/2019,555.26141,23.368B,,,,,,
2,2019/12/3,559.7818,27.493B,,,,,,
1,2019/11/3,554.52399,23.091B,,,,,,
5,2019/8/3,544.15302,31.799B,,,,,,
4,2019/7/3,567.22363,32.985B,,,,,,
3,2019/6/3,573.35767,31.808B,,,,,,
2,2019/5/3,568.92584,23.085B,,,,,,
1,2019/4/3,565.68469,32.349B,,,,,,
5,2019/1/3,559.12469,20.471B,,,,,,
4,02/28/2019,548.18262,18.481B,,,,,,
3,02/27/2019,550.06458,28.624B,,,,,,
2,02/26/2019,549.93793,35.804B,,,,,,
1,02/25/2019,557.5213,34.256B,,,,,,
5,02/22/2019,524.2796,18.724B,,,,,,
4,02/21/2019,512.13214,18.014B,,,,,,
3,02/20/2019,513.6261,14.739B,,,,,,
2,02/19/2019,508.93069,17.908B,,,,,,
1,02/18/2019,509.22089,18.289B,,,,,,
5,02/15/2019,492.93604,14.367B,,,,,,
4,02/14/2019,502.37592,15.113B,,,,,,
3,02/13/2019,502.49664,16.383B,,,,,,
2,2019/12/2,491.64944,12.223B,,,,,,
1,2019/11/2,486.78995,9.882B,,,,,,
5,2019/1/2,481.45963,8.202B,,,,,,
4,01/31/2019,477.82715,8.625B,,,,,,
3,01/30/2019,471.74615,6.375B,,,,,,
2,01/29/2019,474.38251,7.766B,,,,,,
1,01/28/2019,472.00647,8.262B,,,,,,
5,01/25/2019,471.86407,8.397B,,,,,,
4,01/24/2019,465.30682,7.293B,,,,,,
3,01/23/2019,462.47043,5.987B,,,,,,
2,01/22/2019,461.71609,7.299B,,,,,,
1,01/21/2019,468.59991,9.392B,,,,,,
5,01/18/2019,467.36502,10.396B,,,,,,
4,01/17/2019,459.16843,8.017B,,,,,,
3,01/16/2019,462.98956,8.021B,,,,,,
2,01/15/2019,462.65198,8.877B,,,,,,
1,01/14/2019,453.27109,6.612B,,,,,,
5,2019/11/1,457.6246,7.179B,,,,,,
4,2019/10/1,452.63107,8.527B,,,,,,
3,2019/9/1,451.52185,10.736B,,,,,,
2,2019/8/1,444.71255,8.617B,,,,,,
1,2019/7/1,445.81857,10.116B,,,,,,
5,2019/4/1,441.93521,10.332B,,,,,,
4,2019/3/1,431.43802,7.087B,,,,,,
3,2019/2/1,432.74435,6.866B,,,,,,
5,12/28/2018,437.70956,7.105B,,,,,,
4,12/27/2018,435.53378,8.054B,,,,,,
3,12/26/2018,435.99976,5.565B,,,,,,
2,12/25/2018,438.09988,7.869B,,,,,,
1,12/24/2018,440.37601,5.73B,,,,,,
5,12/21/2018,438.62958,7.676B,,,,,,
4,12/20/2018,445.50876,6.975B,,,,,,
3,12/19/2018,448.56122,5.552B,,,,,,
2,12/18/2018,453.71744,6.382B,,,,,,
1,12/17/2018,458.33047,6.65B,,,,,,
5,12/14/2018,458.32288,8.43B,,,,,,
4,12/13/2018,467.86288,9.044B,,,,,,
3,2018/12/12,460.84433,5.331B,,,,,,
2,2018/11/12,457.97754,5.322B,,,,,,
1,2018/10/12,454.9386,6.344B,,,,,,
5,2018/7/12,462.81274,5.336B,,,,,,
4,2018/6/12,462.26434,7.633B,,,,,,
3,2018/5/12,474.27429,7.615B,,,,,,
2,2018/4/12,477.94485,7.942B,,,,,,
1,2018/3/12,473.74118,12.149B,,,,,,
5,11/30/2018,455.90521,7.092B,,,,,,
4,11/29/2018,451.92267,8.05B,,,,,,
3,11/28/2018,457.14389,7.488B,,,,,,
2,11/27/2018,451.2912,5.541B,,,,,,
1,11/26/2018,452.57651,5.938B,,,,,,
5,11/23/2018,452.39621,8.464B,,,,,,
4,11/22/2018,463.70847,6.51B,,,,,,
3,11/21/2018,465.77817,8.412B,,,,,,
2,11/20/2018,463.36697,10.936B,,,,,,
1,11/19/2018,474.58987,11.596B,,,,,,
5,11/16/2018,469.5408,12.688B,,,,,,
4,11/15/2018,467.26117,9.856B,,,,,,
3,11/14/2018,461.10971,11.381B,,,,,,
2,11/13/2018,465.40189,12.649B,,,,,,
1,2018/12/11,460.26407,8.806B,,,,,,
5,2018/9/11,455.29532,8.428B,,,,,,
4,2018/8/11,463.31625,7.641B,,,,,,
3,2018/7/11,465.59393,9.162B,,,,,,
2,2018/6/11,468.69717,8.387B,,,,,,
1,2018/5/11,471.1131,10.971B,,,,,,
5,2018/2/11,477.47696,15.347B,,,,,,
4,2018/1/11,458.86362,13.265B,,,,,,
3,10/31/2018,452.10916,11.121B,,,,,,
2,10/30/2018,446.40823,11.607B,,,,,,
1,10/29/2018,441.96109,9.184B,,,,,,
5,10/26/2018,457.06561,10.13B,,,,,,
4,10/25/2018,459.68542,10.695B,,,,,,
3,10/24/2018,459.13046,11.091B,,,,,,
2,10/23/2018,458.81268,12.101B,,,,,,
1,10/22/2018,470.71896,14.586B,,,,,,
5,10/19/2018,452.39926,9.884B,,,,,,
4,10/18/2018,438.81232,7.377B,,,,,,
3,10/17/2018,450.12573,7.684B,,,,,,
2,10/16/2018,448.64276,6.889B,,,,,,
1,10/15/2018,451.99536,6.961B,,,,,,
5,2018/12/10,458.05179,9.861B,,,,,,
4,2018/11/10,453.43387,12.094B,,,,,,
3,2018/10/10,473.92487,6.449B,,,,,,
2,2018/9/10,475.05215,6.672B,,,,,,
1,2018/8/10,474.82922,9.789B,,,,,,
5,09/28/2018,500.62817,8.438B,,,,,,
4,09/27/2018,493.96832,6.977B,,,,,,
3,09/26/2018,496.23041,9.317B,,,,,,
2,09/25/2018,491.82968,6.905B,,,,,,
5,09/21/2018,496.97427,10.842B,,,,,,
4,09/20/2018,482.93396,6.456B,,,,,,
3,09/19/2018,483.11557,8.917B,,,,,,
2,09/18/2018,475.36014,7.043B,,,,,,
1,09/17/2018,466.01456,5.226B,,,,,,
5,09/14/2018,471.72769,6.013B,,,,,,
4,09/13/2018,471.76825,6.729B,,,,,,
3,2018/12/9,465.96524,5.463B,,,,,,
2,2018/11/9,468.34274,5.849B,,,,,,
1,2018/10/9,470.677,6.382B,,,,,,
5,2018/7/9,477.86032,6.395B,,,,,,
4,2018/6/9,477.16193,6.23B,,,,,,
3,2018/5/9,482.40298,6.43B,,,,,,
2,2018/4/9,490.9295,6.709B,,,,,,
1,2018/3/9,486.44345,6.643B,,,,,,
5,08/31/2018,487.59326,7.621B,,,,,,
4,08/30/2018,489.31082,6.839B,,,,,,
3,08/29/2018,495.46069,6.702B,,,,,,
2,08/28/2018,499.15881,7.545B,,,,,,
1,08/27/2018,499.095,9.427B,,,,,,
5,08/24/2018,487.27069,6.377B,,,,,,
4,08/23/2018,480.73123,6.111B,,,,,,
3,08/22/2018,483.05417,5.079B,,,,,,
2,08/21/2018,485.36584,7.521B,,,,,,
1,08/20/2018,476.38663,7.09B,,,,,,
5,08/17/2018,469.58533,6.74B,,,,,,
4,08/16/2018,476.08868,7.655B,,,,,,
3,08/15/2018,474.70383,6.817B,,,,,,
2,08/14/2018,489.09039,6.065B,,,,,,
1,08/13/2018,491.38269,7.619B,,,,,,
5,2018/10/8,496.49597,6.897B,,,,,,
4,2018/9/8,497.64618,9.196B,,,,,,
3,2018/8/8,484.44263,7.928B,,,,,,
2,2018/7/8,492.66876,9.178B,,,,,,
1,2018/6/8,477.32745,7.798B,,,,,,
5,2018/3/8,484.05374,7.08B,,,,,,
4,2018/2/8,492.62845,10.131B,,,,,,
3,2018/1/8,504.70508,9.035B,,,,,,
2,07/31/2018,515.61157,6.798B,,,,,,
1,07/30/2018,515.7478,8.212B,,,,,,
5,07/27/2018,516.78632,7.018B,,,,,,
4,07/26/2018,520.5874,9.035B,,,,,,
3,07/25/2018,528.49493,9.676B,,,,,,
2,07/24/2018,527.35742,15.691B,,,,,,
1,07/23/2018,518.59943,11.904B,,,,,,
5,07/20/2018,515.5639,10.198B,,,,,,
4,07/19/2018,503.76062,6.848B,,,,,,
3,07/18/2018,506.18442,6.653B,,,,,,
2,07/17/2018,515.20923,6.198B,,,,,,
1,07/16/2018,519.96014,6.828B,,,,,,
5,07/13/2018,519.05811,7.296B,,,,,,
4,2018/12/7,523.36475,9.635B,,,,,,
3,2018/11/7,510.78217,7.204B,,,,,,
2,2018/10/7,519.79791,6.955B,,,,,,
1,2018/9/7,522.59851,7.66B,,,,,,
5,2018/6/7,506.5744,8.61B,,,,,,
4,2018/5/7,502.90207,8.159B,,,,,,
3,2018/4/7,506.71814,7.516B,,,,,,
2,2018/3/7,514.08063,9.528B,,,,,,
1,2018/2/7,509.03882,8.435B,,,,,,
5,06/29/2018,530.04803,7.726B,,,,,,
4,06/28/2018,516.5246,7.592B,,,,,,
3,06/27/2018,525.25275,8.149B,,,,,,
2,06/26/2018,536.70013,8.499B,,,,,,
1,06/25/2018,542.69788,7.988B,,,,,,
5,06/22/2018,554.159,7.512B,,,,,,
4,06/21/2018,552.26257,9.391B,,,,,,
3,06/20/2018,560.28174,8.672B,,,,,,
2,06/19/2018,559.49646,16.071B,,,,,,
5,06/15/2018,584.39215,8.549B,,,,,,
4,06/14/2018,589.86481,6.847B,,,,,,
3,06/13/2018,590.89392,6.638B,,,,,,
2,2018/12/6,598.4223,7.321B,,,,,,
1,2018/11/6,591.29663,6.871B,,,,,,
5,2018/8/6,590.02106,8.334B,,,,,,
4,2018/7/6,599.6076,8.026B,,,,,,
3,2018/6/6,599.57672,7.312B,,,,,,
2,2018/5/6,600.01495,7.869B,,,,,,
1,2018/4/6,594.68317,7.662B,,,,,,
5,2018/1/6,587.28259,7.782B,,,,,,
4,05/31/2018,593.15735,9.267B,,,,,,
3,05/30/2018,581.96783,8.791B,,,,,,
2,05/29/2018,592.3587,8.155B,,,,,,
1,05/28/2018,599.01239,7.152B,,,,,,
5,05/25/2018,597.84113,7.084B,,,,,,
4,05/24/2018,598.47955,6.835B,,,,,,
3,05/23/2018,601.54547,8.372B,,,,,,
2,05/22/2018,612.00891,7.537B,,,,,,
1,05/21/2018,612.79938,9.264B,,,,,,
5,05/18/2018,611.33435,7.261B,,,,,,
4,05/17/2018,606.87769,5.903B,,,,,,
3,05/16/2018,610.97766,7.191B,,,,,,
2,05/15/2018,612.78589,7.605B,,,,,,
1,05/14/2018,616.68555,8.198B,,,,,,
5,2018/11/5,611.4267,7.336B,,,,,,
4,2018/10/5,613.15692,7.067B,,,,,,
3,2018/9/5,608.51489,6.671B,,,,,,
2,2018/8/5,608.83057,9.422B,,,,,,
1,2018/7/5,602.21588,8.729B,,,,,,
5,2018/4/5,593.2384,7.155B,,,,,,
4,2018/3/5,596.97498,9.396B,,,,,,
3,2018/2/5,591.53571,8.33B,,,,,,
5,04/27/2018,592.80096,8.953B,,,,,,
4,04/26/2018,592.36792,8.715B,,,,,,
3,04/25/2018,604.21057,7.817B,,,,,,
2,04/24/2018,605.31201,11.422B,,,,,,
1,04/23/2018,596.21124,9.036B,,,,,,
5,04/20/2018,597.29279,9.928B,,,,,,
4,04/19/2018,607.06836,9.905B,,,,,,
3,04/18/2018,600.26172,10.668B,,,,,,
2,04/17/2018,594.80524,9.061B,,,,,,
1,04/16/2018,605.1001,9.922B,,,,,,
5,04/13/2018,615.7085,7.154B,,,,,,
4,2018/12/4,618.57568,8.27B,,,,,,
3,2018/11/4,628.84717,11.193B,,,,,,
2,2018/10/4,623.53894,10.617B,,,,,,
1,2018/9/4,610.22968,8.411B,,,,,,
3,2018/4/4,610.42963,8.873B,,,,,,
2,2018/3/4,612.95569,9.514B,,,,,,
1,2018/2/4,618.8869,11.124B,,,,,,
5,03/30/2018,619.99011,9.751B,,,,,,
4,03/29/2018,617.75995,11.663B,,,,,,
3,03/28/2018,610.69165,10.149B,,,,,,
2,03/27/2018,621.57806,11.37B,,,,,,
1,03/26/2018,616.96265,11.514B,,,,,,
5,03/23/2018,618.29028,18.008B,,,,,,
4,03/22/2018,634.70508,8.91B,,,,,,
3,03/21/2018,642.20538,9.761B,,,,,,
2,03/20/2018,643.67859,8.061B,,,,,,
1,03/19/2018,643.54956,8.15B,,,,,,
5,03/16/2018,640.55188,8.49B,,,,,,
4,03/15/2018,647.55328,8.816B,,,,,,
3,03/14/2018,644.74103,9.901B,,,,,,
2,03/13/2018,646.85889,11.177B,,,,,,
1,2018/12/3,651.96661,14.091B,,,,,,
5,2018/9/3,648.55652,11.37B,,,,,,
4,2018/8/3,643.12415,9.116B,,,,,,
3,2018/7/3,638.1557,10.695B,,,,,,
2,2018/6/3,644.31982,13.876B,,,,,,
1,2018/5/3,632.91071,8.795B,,,,,,
5,2018/2/3,632.98206,9.616B,,,,,,
4,2018/1/3,637.07947,11.02B,,,,,,
3,02/28/2018,635.54602,10.934B,,,,,,
2,02/27/2018,642.36578,12.593B,,,,,,
1,02/26/2018,652.12305,13.788B,,,,,,
5,02/23/2018,642.49243,9.946B,,,,,,
4,02/22/2018,638.2558,10.581B,,,,,,
3,02/14/2018,625.01355,7.108B,,,,,,
2,02/13/2018,620.76215,11.257B,,,,,,
1,2018/12/2,614.78351,11.618B,,,,,,
5,2018/9/2,609.8114,20.635B,,,,,,
4,2018/8/2,634.10522,15.927B,,,,,,
3,2018/7/2,645.9917,20.313B,,,,,,
2,2018/6/2,660.3457,21.491B,,,,,,
1,2018/5/2,679.36328,16.135B,,,,,,
5,2018/2/2,677.83344,14.607B,,,,,,
4,2018/1/2,673.91998,19B,,,,,,
3,01/31/2018,680.08496,14.521B,,,,,,
2,01/30/2018,672.68878,13.903B,,,,,,
1,01/29/2018,678.7016,19.11B,,,,,,
5,01/26/2018,692.79425,17.723B,,,,,,
4,01/25/2018,690.39319,19.537B,,,,,,
3,01/24/2018,689.1499,21.982B,,,,,,
2,01/23/2018,684.2594,20.187B,,,,,,
1,01/22/2018,677.20178,17.464B,,,,,,
5,01/19/2018,669.27924,20.949B,,,,,,
4,01/18/2018,665.57855,17.203B,,,,,,
3,01/17/2018,660.25024,21.431B,,,,,,
2,01/16/2018,660.7713,16.149B,,,,,,
1,01/15/2018,656.19489,17.091B,,,,,,
5,2018/12/1,653.78204,11.135B,,,,,,
4,2018/11/1,647.2124,12.158B,,,,,,
3,2018/10/1,646.51044,15.112B,,,,,,
2,2018/9/1,641.58569,13.903B,,,,,,
1,2018/8/1,640.21173,17.388B,,,,,,
5,2018/5/1,637.66272,14.901B,,,,,,
4,2018/4/1,635.52448,13.454B,,,,,,
3,2018/3/1,632.3858,15.185B,,,,,,
2,2018/2/1,629.47009,14.694B,,,,,,
5,12/29/2017,619.49298,9.049B,,,,,,
4,12/28/2017,615.13104,11.854B,,,,,,
3,12/27/2017,608.71277,10.515B,,,,,,
2,12/26/2017,619.31799,9.112B,,,,,,
1,12/25/2017,617.99139,9.193B,,,,,,
5,12/22/2017,617.57062,7.347B,,,,,,
4,12/21/2017,618.85352,9.684B,,,,,,
3,12/20/2017,613.60889,9.06B,,,,,,
2,12/19/2017,611.26532,7.753B,,,,,,
1,12/18/2017,603.36591,7.785B,,,,,,
5,12/15/2017,603.19653,8.904B,,,,,,
4,12/14/2017,609.66278,8.077B,,,,,,
3,12/13/2017,612.24042,7.755B,,,,,,
2,2017/12/12,606.52985,8.434B,,,,,,
1,2017/11/12,615.60223,9.715B,,,,,,
5,2017/8/12,605.44427,8.928B,,,,,,
4,2017/7/12,600.44714,9.025B,,,,,,
3,2017/6/12,607.3075,10.929B,,,,,,
2,2017/5/12,611.42438,15.409B,,,,,,
1,2017/4/12,607.92297,10.265B,,,,,,
5,2017/1/12,607.15808,9.739B,,,,,,
4,11/30/2017,606.51605,10.798B,,,,,,
3,11/29/2017,613.2016,12.455B,,,,,,
2,11/28/2017,614.66766,10.206B,,,,,,
1,11/27/2017,614.70886,14.346B,,,,,,
5,11/24/2017,623.13312,13.086B,,,,,,
4,11/23/2017,623.133,17.815B,,,,,,
3,11/22/2017,640.26868,18.648B,,,,,,
2,11/21/2017,636.43256,18.035B,,,,,,
1,11/20/2017,624.03363,13.745B,,,,,,
5,11/17/2017,622.72021,19.178B,,,,,,
4,11/16/2017,619.9707,12.138B,,,,,,
3,11/15/2017,615.24646,12.064B,,,,,,
2,11/14/2017,618.3313,14.324B,,,,,,
1,11/13/2017,621.34216,15.145B,,,,,,
5,2017/10/11,618.72327,14.182B,,,,,,
4,2017/9/11,613.94208,12.106B,,,,,,
3,2017/8/11,611.16736,15.083B,,,,,,
2,2017/7/11,611.5741,15.212B,,,,,,
1,2017/6/11,607.83508,12.208B,,,,,,
5,2017/3/11,602.32593,12.94B,,,,,,
4,2017/2/11,604.53638,12.61B,,,,,,
3,2017/1/11,604.92554,13.042B,,,,,,
2,10/31/2017,604.45007,10.918B,,,,,,
1,10/30/2017,604.24689,15.739B,,,,,,
5,10/27/2017,605.01648,12.667B,,,,,,
4,10/26/2017,601.52429,12.99B,,,,,,
3,10/25/2017,599.4798,8.821B,,,,,,
2,10/24/2017,597.35602,9.306B,,,,,,
1,10/23/2017,593.61475,8.148B,,,,,,
5,10/20/2017,593.70917,7.298B,,,,,,
4,10/19/2017,595.86963,10.653B,,,,,,
3,10/18/2017,597.25659,10.097B,,,,,,
2,10/17/2017,593.06,8.224B,,,,,,
1,10/16/2017,594.17975,12.136B,,,,,,
5,10/13/2017,596.91296,9.014B,,,,,,
4,2017/12/10,595.73315,9.434B,,,,,,
3,2017/11/10,593.15857,10.442B,,,,,,
2,2017/10/10,591.00305,11.253B,,,,,,
1,2017/9/10,586.88837,13.554B,,,,,,
5,09/29/2017,578.23041,9.331B,,,,,,
4,09/28/2017,574.84381,9.354B,,,,,,
3,09/27/2017,576.12402,8.566B,,,,,,
2,09/26/2017,576.50409,8.187B,,,,,,
1,09/25/2017,577.13293,10.395B,,,,,,
5,09/22/2017,583.24164,10.062B,,,,,,
4,09/21/2017,584.51642,11.11B,,,,,,
3,09/20/2017,584.89893,10.113B,,,,,,
2,09/19/2017,582.97321,11.243B,,,,,,
1,09/18/2017,585.07794,11.793B,,,,,,
5,09/15/2017,585.71759,12.243B,,,,,,
4,09/14/2017,584.59216,11.536B,,,,,,
3,09/13/2017,586.80969,9.541B,,,,,,
2,2017/12/9,587.81976,14.419B,,,,,,
1,2017/11/9,586.09918,12.388B,,,,,,
5,2017/8/9,590.03894,10.604B,,,,,,
4,2017/7/9,590.26434,12.388B,,,,,,
3,2017/6/9,589.61969,13.14B,,,,,,
2,2017/5/9,590.12329,12.496B,,,,,,
1,2017/4/9,589.07751,14.957B,,,,,,
5,2017/1/9,583.92346,15.865B,,,,,,
4,08/31/2017,579.49133,13.294B,,,,,,
3,08/30/2017,581.21887,14.135B,,,,,,
2,08/29/2017,580.50684,12.823B,,,,,,
1,08/28/2017,580.18085,18.558B,,,,,,
5,08/25/2017,571.27972,12.994B,,,,,,
4,08/24/2017,561.06091,8.995B,,,,,,
3,08/23/2017,564.10425,10.496B,,,,,,
2,08/22/2017,563.30664,10.029B,,,,,,
1,08/21/2017,561.71924,10.031B,,,,,,
5,08/18/2017,558.69006,9.656B,,,,,,
4,08/17/2017,557.94604,10.866B,,,,,,
3,08/16/2017,553.77332,10.413B,,,,,,
2,08/15/2017,555.02332,10.644B,,,,,,
1,08/14/2017,554.28284,11.531B,,,,,,
5,2017/11/8,547.62549,15.039B,,,,,,
4,2017/10/8,558.49115,13.009B,,,,,,
3,2017/9/8,558.45593,12.468B,,,,,,
2,2017/8/8,556.70605,13.724B,,,,,,
1,2017/7/8,554.74768,12.423B,,,,,,
5,2017/4/8,551.75604,15.747B,,,,,,
4,2017/3/8,554.7525,14.615B,,,,,,
3,2017/2/8,559.89233,17.229B,,,,,,
2,2017/1/8,561.05219,15.255B,,,,,,
1,07/31/2017,555.86713,14.843B,,,,,,
5,07/28/2017,553.14496,11.141B,,,,,,
4,07/27/2017,551.35974,14.5B,,,,,,
3,07/26/2017,549.04401,13.633B,,,,,,
2,07/25/2017,551.06213,12.167B,,,,,,
1,07/24/2017,554.61267,13.487B,,,,,,
5,07/21/2017,552.737,11.794B,,,,,,
4,07/20/2017,555.802,14.241B,,,,,,
3,07/19/2017,552.80078,18.248B,,,,,,
2,07/18/2017,543.76135,12.462B,,,,,,
1,07/17/2017,541.14594,17.882B,,,,,,
5,07/14/2017,547.58435,10.551B,,,,,,
4,07/13/2017,543.63312,12.567B,,,,,,
3,2017/12/7,539.7688,12.229B,,,,,,
2,2017/11/7,540.46863,11.876B,,,,,,
1,2017/10/7,537.73395,12.059B,,,,,,
5,2017/7/7,538.12726,10.374B,,,,,,
4,2017/6/7,538.92322,10.238B,,,,,,
3,2017/5/7,539.05219,8.823B,,,,,,
2,2017/4/7,532.28796,9.507B,,,,,,
1,2017/3/7,537.99677,8.882B,,,,,,
5,06/30/2017,542.01678,8.151B,,,,,,
4,06/29/2017,539.97028,8.559B,,,,,,
3,06/28/2017,535.96454,9.792B,,,,,,
2,06/27/2017,539.8515,9.756B,,,,,,
1,06/26/2017,537.36273,13.464B,,,,,,
5,06/23/2017,531.3158,10.513B,,,,,,
4,06/22/2017,526.46637,13.553B,,,,,,
3,06/21/2017,526.4173,8.786B,,,,,,
2,06/20/2017,520.85388,8.051B,,,,,,
1,06/19/2017,522.0144,7.98B,,,,,,
5,06/16/2017,517.4953,7.645B,,,,,,
4,06/15/2017,518.66553,8.263B,,,,,,
3,06/14/2017,521.36896,8.381B,,,,,,
2,06/13/2017,527.23047,7.518B,,,,,,
1,2017/12/6,525.86206,9.038B,,,,,,
5,2017/9/6,526.53461,10.119B,,,,,,
4,2017/8/6,524.3056,9.022B,,,,,,
3,2017/7/6,521.07404,10.442B,,,,,,
2,2017/6/6,514.87811,6.409B,,,,,,
1,2017/5/6,510.63651,7.974B,,,,,,
5,2017/2/6,511.96878,8.267B,,,,,,
4,2017/1/6,514.15399,10.313B,,,,,,
3,05/31/2017,512.31091,10.483B,,,,,,
5,05/26/2017,507.48514,10.324B,,,,,,
4,05/25/2017,508.69925,13.072B,,,,,,
3,05/24/2017,498.22733,8.355B,,,,,,
2,05/23/2017,498.64484,11.691B,,,,,,
1,05/22/2017,497.06949,9.254B,,,,,,
5,05/19/2017,495.83377,7.147B,,,,,,
4,05/18/2017,494.4939,8.576B,,,,,,
3,05/17/2017,496.31262,9.974B,,,,,,
2,05/16/2017,498.95209,10.524B,,,,,,
1,05/15/2017,493.8822,8.298B,,,,,,
5,2017/12/5,491.18274,9.339B,,,,,,
4,2017/11/5,486.64673,10.925B,,,,,,
3,2017/10/5,483.54953,9.208B,,,,,,
2,2017/9/5,485.52243,7.677B,,,,,,
1,2017/8/5,486.7562,12.375B,,,,,,
5,2017/5/5,490.62286,10.99B,,,,,,
4,2017/4/5,493.99789,10.348B,,,,,,
3,2017/3/5,495.46048,9.167B,,,,,,
2,2017/2/5,497.51379,9.28B,,,,,,
5,04/28/2017,498.99222,10.163B,,,,,,
4,04/27/2017,500.08273,12.33B,,,,,,
3,04/26/2017,499.52634,11.194B,,,,,,
2,04/25/2017,500.11255,9.407B,,,,,,
1,04/24/2017,498.96155,11.466B,,,,,,
5,04/21/2017,502.97955,10.442B,,,,,,
4,04/20/2017,503.38077,11.418B,,,,,,
3,04/19/2017,500.8541,12.135B,,,,,,
2,04/18/2017,503.69366,11.093B,,,,,,
1,04/17/2017,506.21753,11.717B,,,,,,
5,04/14/2017,506.81094,13.547B,,,,,,
4,04/13/2017,510.68967,12.998B,,,,,,
3,2017/12/4,508.98312,18.182B,,,,,,
2,2017/11/4,510.08295,16.595B,,,,,,
1,2017/10/4,507.54248,14.189B,,,,,,
5,2017/7/4,509.64435,14.029B,,,,,,
4,2017/6/4,509.6145,13.677B,,,,,,
3,2017/5/4,508.30417,14.34B,,,,,,
5,03/31/2017,502.50748,9.158B,,,,,,
4,03/30/2017,498.44205,11.638B,,,,,,
3,03/29/2017,502.90891,10.485B,,,,,,
2,03/28/2017,503.95184,8.419B,,,,,,
1,03/27/2017,506.5744,10.702B,,,,,,
5,03/24/2017,507.01028,12.565B,,,,,,
4,03/23/2017,502.73416,9.432B,,,,,,
3,03/22/2017,501.63577,10.494B,,,,,,
2,03/21/2017,502.8428,8.771B,,,,,,
1,03/20/2017,500.12506,8.873B,,,,,,
5,03/17/2017,499.83392,10.376B,,,,,,
4,03/16/2017,504.71246,10.633B,,,,,,
3,03/15/2017,501.97733,7.91B,,,,,,
2,03/14/2017,500.81039,7.708B,,,,,,
1,03/13/2017,501.05017,9.168B,,,,,,
5,2017/10/3,496.57999,7.002B,,,,,,
4,2017/9/3,495.93976,8.457B,,,,,,
3,2017/8/3,499.30957,7.959B,,,,,,
2,2017/7/3,500.91461,8.033B,,,,,,
1,2017/6/3,500.05573,8.307B,,,,,,
5,2017/3/3,496.53986,8.099B,,,,,,
4,2017/2/3,498.67841,8.99B,,,,,,
3,2017/1/3,503.03082,10.326B,,,,,,
2,02/28/2017,503.29578,7.522B,,,,,,
1,02/27/2017,501.93314,9.867B,,,,,,
5,02/24/2017,505.93512,9.554B,,,,,,
4,02/23/2017,505.78455,9.954B,,,,,,
3,02/22/2017,507.4386,10.282B,,,,,,
2,02/21/2017,506.0257,11.484B,,,,,,
1,02/20/2017,505.28998,13.263B,,,,,,
5,02/17/2017,498.20053,11.46B,,,,,,
4,02/16/2017,501.7254,10.828B,,,,,,
3,02/15/2017,499.01022,12.764B,,,,,,
2,02/14/2017,500.0661,9.481B,,,,,,
1,02/13/2017,499.29892,12.014B,,,,,,
5,2017/10/2,496.01657,12.377B,,,,,,
4,2017/9/2,493.74045,9.756B,,,,,,
3,2017/8/2,492.22198,7.54B,,,,,,
2,2017/7/2,488.95676,6.375B,,,,,,
1,2017/6/2,492.29495,6.852B,,,,,,
5,2017/3/2,492.50406,5.519B,,,,,,
4,01/26/2017,492.50055,6.532B,,,,,,
3,01/25/2017,491.66278,5.838B,,,,,,
2,01/24/2017,490.60922,6.619B,,,,,,
1,01/23/2017,491.30032,7.556B,,,,,,
5,01/20/2017,487.9129,6.53B,,,,,,
4,01/19/2017,483.6763,6.616B,,,,,,
3,01/18/2017,487.7478,7.062B,,,,,,
2,01/17/2017,485.81223,6.945B,,,,,,
1,01/16/2017,481.50473,15.778B,,,,,,
5,01/13/2017,481.30713,8.418B,,,,,,
4,2017/12/1,481.86261,8.124B,,,,,,
3,2017/11/1,481.93314,9.107B,,,,,,
2,2017/10/1,484.94897,8.382B,,,,,,
1,2017/9/1,485.02652,8.371B,,,,,,
5,2017/6/1,483.08966,8.746B,,,,,,
4,2017/5/1,490.01706,8.834B,,,,,,
3,2017/4/1,487.56757,9.005B,,,,,,
2,2017/3/1,480.79224,8.657B,,,,,,
5,12/30/2016,476.97751,7.174B,,,,,,
4,12/29/2016,474.4371,7.009B,,,,,,
3,12/28/2016,473.08383,6.9B,,,,,,
2,12/27/2016,476.7113,7.549B,,,,,,
1,12/26/2016,478.11893,8.979B,,,,,,
5,12/23/2016,476.16705,9.744B,,,,,,
4,12/22/2016,480.16006,9.228B,,,,,,
3,12/21/2016,481.32755,10.825B,,,,,,
2,12/20/2016,476.49457,8.757B,,,,,,
1,12/19/2016,478.26776,8.164B,,,,,,
5,12/16/2016,479.93094,9.078B,,,,,,
4,12/15/2016,482.02509,11.496B,,,,,,
3,12/14/2016,491.09723,12.401B,,,,,,
2,12/13/2016,493.85559,12.111B,,,,,,
1,2016/12/12,494.38489,18.747B,,,,,,
5,2016/9/12,505.35199,15.03B,,,,,,
4,2016/8/12,501.93716,11.738B,,,,,,
3,2016/7/12,504.9903,11.435B,,,,,,
2,2016/6/12,503.12762,11.553B,,,,,,
1,2016/5/12,505.70029,18.085B,,,,,,
5,2016/2/12,513.19055,19.636B,,,,,,
4,2016/1/12,518.15125,18.017B,,,,,,
3,11/30/2016,513.02887,17.856B,,,,,,
2,11/29/2016,517.61536,23.692B,,,,,,
1,11/28/2016,511.84094,20.738B,,,,,,
5,11/25/2016,509.41025,15.362B,,,,,,
4,11/24/2016,504.01483,14.575B,,,,,,
3,11/23/2016,502.68054,16.239B,,,,,,
2,11/22/2016,503.76385,16.852B,,,,,,
1,11/21/2016,499.2616,14.643B,,,,,,
5,11/18/2016,496.11023,11.595B,,,,,,
4,11/17/2016,499.56171,12.156B,,,,,,
3,11/16/2016,498.82074,12.981B,,,,,,
2,11/15/2016,500.14868,13.457B,,,,,,
1,11/14/2016,500.94168,21.325B,,,,,,
5,2016/11/11,502.07474,19.878B,,,,,,
4,2016/10/11,497.47812,13.471B,,,,,,
3,2016/9/11,493.16879,13.911B,,,,,,
2,2016/8/11,497.00241,10.315B,,,,,,
1,2016/7/11,494.6275,9.988B,,,,,,
5,2016/4/11,496.28986,10.407B,,,,,,
4,2016/3/11,498.13998,12.622B,,,,,,
3,2016/2/11,493.99832,9.12B,,,,,,
2,2016/1/11,496.89377,7.494B,,,,,,
1,10/31/2016,492.85419,7.135B,,,,,,
5,10/28/2016,492.72394,9.313B,,,,,,
4,10/27/2016,493.0799,7.763B,,,,,,
3,10/26/2016,495.54651,9.802B,,,,,,
2,10/25/2016,497.57742,11.119B,,,,,,
1,10/24/2016,497.38983,15.301B,,,,,,
5,10/21/2016,492.06543,10.979B,,,,,,
4,10/20/2016,492.43298,7.924B,,,,,,
3,10/19/2016,492.76227,10.117B,,,,,,
2,10/18/2016,493.50418,10.286B,,,,,,
1,10/17/2016,486.54871,8.611B,,,,,,
5,10/14/2016,491.32751,8.232B,,,,,,
4,10/13/2016,490.90991,8.122B,,,,,,
3,2016/12/10,490.51816,6.867B,,,,,,
2,2016/11/10,491.76181,8.771B,,,,,,
1,2016/10/10,491.15308,8.052B,,,,,,
5,09/30/2016,488.01956,4.498B,,,,,,
4,09/29/2016,486.96246,5.545B,,,,,,
3,09/28/2016,484.04303,4.473B,,,,,,
2,09/27/2016,486.09619,5.846B,,,,,,
1,09/26/2016,483.38095,7.045B,,,,,,
5,09/23/2016,491.22961,5.799B,,,,,,
4,09/22/2016,494.12524,7.575B,,,,,,
3,09/21/2016,490.04446,5.914B,,,,,,
2,09/20/2016,488.41025,5.278B,,,,,,
1,09/19/2016,489.48087,5.883B,,,,,,
3,09/14/2016,485.60312,7.043B,,,,,,
2,09/13/2016,487.65768,6.718B,,,,,,
1,2016/12/9,488.03391,12.292B,,,,,,
5,2016/9/9,495.6077,8.266B,,,,,,
4,2016/8/9,500.82693,7.192B,,,,,,
3,2016/7/9,501.49619,10.294B,,,,,,
2,2016/6/9,500.06372,9.828B,,,,,,
1,2016/5/9,497.241,7.829B,,,,,,
5,2016/2/9,496.1843,8.279B,,,,,,
4,2016/1/9,494.97418,8.495B,,,,,,
3,08/31/2016,498.02362,7.957B,,,,,,
2,08/30/2016,495.85101,7.573B,,,,,,
1,08/29/2016,495.48093,7.704B,,,,,,
5,08/26/2016,495.97922,8.153B,,,,,,
4,08/25/2016,497.13376,10.059B,,,,,,
3,08/24/2016,500.37766,8.119B,,,,,,
2,08/23/2016,502.84839,9.292B,,,,,,
1,08/22/2016,501.47955,10.795B,,,,,,
5,08/19/2016,505.84305,11.996B,,,,,,
4,08/18/2016,507.52505,14.238B,,,,,,
3,08/17/2016,508.58652,13.885B,,,,,,
2,08/16/2016,509.85452,19.639B,,,,,,
1,08/15/2016,511.31964,22.054B,,,,,,
5,2016/12/8,496.2092,11.625B,,,,,,
4,2016/11/8,487.4584,10.104B,,,,,,
3,2016/10/8,488.63892,9.043B,,,,,,
2,2016/9/8,489.37424,9.107B,,,,,,
1,2016/8/8,485.62769,8.668B,,,,,,
5,2016/5/8,481.62381,7.72B,,,,,,
4,2016/4/8,482.15085,7.35B,,,,,,
3,2016/3/8,481.68259,7.286B,,,,,,
2,2016/2/8,481.31561,6.217B,,,,,,
1,2016/1/8,478.26224,8.7B,,,,,,
5,07/29/2016,482.60684,8.804B,,,,,,
4,07/28/2016,483.97388,11.278B,,,,,,
3,07/27/2016,482.37949,16.019B,,,,,,
2,07/26/2016,490.00946,8.105B,,,,,,
1,07/25/2016,483.78128,7.02B,,,,,,
5,07/22/2016,483.0835,8.603B,,,,,,
4,07/21/2016,486.99936,8.6B,,,,,,
3,07/20/2016,484.98361,7.27B,,,,,,
2,07/19/2016,484.94135,8.889B,,,,,,
1,07/18/2016,486.95621,11.031B,,,,,,
5,07/15/2016,489.70563,10.267B,,,,,,
4,07/14/2016,490.23993,10.753B,,,,,,
3,07/13/2016,491.021,17.52B,,,,,,
2,2016/12/7,489.33807,17.253B,,,,,,
1,2016/11/7,478.39453,13.853B,,,,,,
5,2016/8/7,477.40744,8.973B,,,,,,
4,2016/7/7,480.54645,11.86B,,,,,,
3,2016/6/7,480.69388,12.49B,,,,,,
2,2016/5/7,480.08963,13.023B,,,,,,
1,2016/4/7,480.85349,13.331B,,,,,,
5,2016/1/7,473.80997,7.175B,,,,,,
4,06/30/2016,473.93887,7.969B,,,,,,
3,06/29/2016,475.42313,10.372B,,,,,,
2,06/28/2016,471.73151,9.202B,,,,,,
1,06/27/2016,469.43832,8.327B,,,,,,
5,06/24/2016,464.24503,10.479B,,,,,,
4,06/23/2016,474.62915,6.775B,,,,,,
3,06/22/2016,476.43793,6.649B,,,,,,
2,06/21/2016,471.64749,8.797B,,,,,,
1,06/20/2016,473.29538,6.359B,,,,,,
5,06/17/2016,472.30389,8.54B,,,,,,
4,06/16/2016,469.59451,8.297B,,,,,,
3,06/15/2016,473.45389,8.739B,,,,,,
2,06/14/2016,466.48218,6.628B,,,,,,
1,06/13/2016,465.78986,9.298B,,,,,,
3,2016/8/6,482.08719,7.629B,,,,,,
2,2016/7/6,483.71704,6.893B,,,,,,
1,2016/6/6,484.20233,7.669B,,,,,,
5,2016/3/6,486.54852,10.149B,,,,,,
4,2016/2/6,481.43188,8.6B,,,,,,
3,2016/1/6,480.66232,11.315B,,,,,,
2,05/31/2016,481.56427,13.886B,,,,,,
1,05/30/2016,465.79626,6.31B,,,,,,
5,05/27/2016,466.68079,6.047B,,,,,,
4,05/26/2016,467.83276,6.039B,,,,,,
3,05/25/2016,466.76523,5.665B,,,,,,
2,05/24/2016,467.49002,5.873B,,,,,,
1,05/23/2016,470.73517,5.97B,,,,,,
5,05/20/2016,469.62003,5.608B,,,,,,
4,05/19/2016,468.03604,6.044B,,,,,,
3,05/18/2016,469.04691,8.272B,,,,,,
2,05/17/2016,473.20059,6.528B,,,,,,
1,05/16/2016,474.66049,5.946B,,,,,,
5,05/13/2016,470.71338,6.263B,,,,,,
4,2016/12/5,474.1947,7.877B,,,,,,
3,2016/11/5,475.00903,8.179B,,,,,,
2,2016/10/5,470.77332,6.885B,,,,,,
1,2016/9/5,470.06384,9.923B,,,,,,
5,2016/6/5,481.42264,10.868B,,,,,,
4,2016/5/5,494.13754,7.473B,,,,,,
3,2016/4/5,494.35651,9.086B,,,,,,
2,2016/3/5,495.0152,9.816B,,,,,,
5,04/29/2016,487.59598,5.803B,,,,,,
4,04/28/2016,488.18845,6.987B,,,,,,
3,04/27/2016,487.06393,6B,,,,,,
2,04/26/2016,489.90054,5.902B,,,,,,
1,04/25/2016,487.08112,6.752B,,,,,,
5,04/22/2016,488.12341,7.708B,,,,,,
4,04/21/2016,487.61197,10.475B,,,,,,
3,04/20/2016,491.77188,16.221B,,,,,,
2,04/19/2016,501.47159,8.087B,,,,,,
1,04/18/2016,498.5643,9.709B,,,,,,
5,04/15/2016,504.96216,9.981B,,,,,,
4,04/14/2016,505.26453,11.316B,,,,,,
3,04/13/2016,503.3154,19.561B,,,,,,
2,2016/12/4,497.88062,9.287B,,,,,,
1,2016/11/4,500.00708,12.521B,,,,,,
5,2016/8/4,492.61261,10.101B,,,,,,
4,2016/7/4,496.57892,11.241B,,,,,,
3,2016/6/4,502.83679,12.02B,,,,,,
2,2016/5/4,503.87976,14.605B,,,,,,
5,2016/1/4,497.31345,11.812B,,,,,,
4,03/31/2016,498.7196,12.155B,,,,,,
3,03/30/2016,497.61353,11.78B,,,,,,
2,03/29/2016,481.99997,9.729B,,,,,,
1,03/28/2016,488.29657,10.344B,,,,,,
5,03/25/2016,490.43262,9.74B,,,,,,
4,03/24/2016,488.26105,13.313B,,,,,,
3,03/23/2016,497.62305,12.568B,,,,,,
2,03/22/2016,497.23932,16.102B,,,,,,
1,03/21/2016,501.3403,23.327B,,,,,,
5,03/18/2016,490.13583,19.73B,,,,,,
4,03/17/2016,482.50253,12.166B,,,,,,
3,03/16/2016,473.78607,12.474B,,,,,,
2,03/15/2016,472.29462,9.831B,,,,,,
1,03/14/2016,471.64468,11.711B,,,,,,
5,2016/11/3,465.93564,7.333B,,,,,,
4,2016/10/3,462.94836,7.607B,,,,,,
3,2016/9/3,471.65778,11.147B,,,,,,
2,2016/8/3,478.01523,13.624B,,,,,,
1,2016/7/3,476.80939,13.246B,,,,,,
5,2016/4/3,475.33215,21.917B,,,,,,
4,2016/3/3,468.22134,17.311B,,,,,,
3,2016/2/3,465.78122,17.597B,,,,,,
2,2016/1/3,447.29074,11.605B,,,,,,
1,02/29/2016,439.03976,12.934B,,,,,,
5,02/26/2016,450.9209,10.695B,,,,,,
4,02/25/2016,446.70871,15.783B,,,,,,
3,02/24/2016,476.14273,11.178B,,,,,,
2,02/23/2016,473.08859,11.257B,,,,,,
1,02/22/2016,478.21457,14.095B,,,,,,
5,02/19/2016,467.92685,8.734B,,,,,,
4,02/18/2016,468.69653,12.44B,,,,,,
3,02/17/2016,469.35202,12.829B,,,,,,
2,02/16/2016,466.12466,11.258B,,,,,,
1,02/15/2016,453.63959,7.292B,,,,,,
5,2016/5/2,450.97906,7.685B,,,,,,
4,2016/4/2,454.64734,9.178B,,,,,,
3,2016/3/2,448.40759,7.739B,,,,,,
2,2016/2/2,450.28339,8.86B,,,,,,
1,2016/1/2,440.99594,8.68B,,,,,,
5,01/29/2016,448.13589,11.33B,,,,,,
4,01/28/2016,433.90598,9.922B,,,,,,
3,01/27/2016,445.5657,13.223B,,,,,,
2,01/26/2016,446.75677,12.693B,,,,,,
1,01/25/2016,475.61578,8.154B,,,,,,
5,01/22/2016,473.14905,8.995B,,,,,,
4,01/21/2016,468.35364,11.119B,,,,,,
3,01/20/2016,482.23041,13.065B,,,,,,
2,01/19/2016,490.06006,12.765B,,,,,,
1,01/18/2016,476.04065,10.113B,,,,,,
5,01/15/2016,474.44702,12.46B,,,,,,
4,01/14/2016,488.83533,13.454B,,,,,,
3,01/13/2016,479.87936,12.067B,,,,,,
2,2016/12/1,489.56534,12.823B,,,,,,
1,2016/11/1,485.61017,17.464B,,,,,,
5,2016/8/1,509.67526,18.596B,,,,,,
4,2016/7/1,499.45935,4.41B,,,,,,
3,2016/6/1,540.51123,14.597B,,,,,,
2,2016/5/1,533.38336,16.212B,,,,,,
1,2016/4/1,531.14484,11.537B,,,,,,
4,12/31/2015,575.10669,10.187B,,,,,,
3,12/30/2015,579.97156,10.563B,,,,,,
2,12/29/2015,580.38391,10.189B,,,,,,
1,12/28/2015,574.55133,15.399B,,,,,,
5,12/25/2015,593.90051,11.962B,,,,,,
4,12/24/2015,591.21259,14.718B,,,,,,
3,12/23/2015,597.05078,20.702B,,,,,,
2,12/22/2015,598.30737,18.03B,,,,,,
1,12/21/2015,596.16705,21.744B,,,,,,
5,12/18/2015,581.33344,17.347B,,,,,,
4,12/17/2015,579.35309,17.792B,,,,,,
3,12/16/2015,569.38214,11.134B,,,,,,
2,12/15/2015,572.01959,12.648B,,,,,,
1,12/14/2015,574.59698,15.177B,,,,,,
5,2015/11/12,558.47113,11.032B,,,,,,
4,2015/10/12,563.04535,12.022B,,,,,,
3,2015/9/12,565.80792,11.333B,,,,,,
2,2015/8/12,564.94055,12.578B,,,,,,
1,2015/7/12,575.66693,11.388B,,,,,,
5,2015/4/12,574.91125,15.12B,,,,,,
4,2015/3/12,587.20416,19.776B,,,,,,
3,2015/2/12,581.55542,21.354B,,,,,,
2,2015/1/12,561.22003,13.654B,,,,,,
1,11/30/2015,557.47839,17.32B,,,,,,
5,11/27/2015,556.06677,20.894B,,,,,,
4,11/26/2015,588.38525,17.353B,,,,,,
3,11/25/2015,591.87488,15.194B,,,,,,
2,11/24/2015,587.47223,14.338B,,,,,,
1,11/23/2015,587.62469,17.563B,,,,,,
5,11/20/2015,591.30884,18.695B,,,,,,
4,11/19/2015,591.61377,15.463B,,,,,,
3,11/18/2015,582.04169,18.569B,,,,,,
2,11/17/2015,589.35675,24.853B,,,,,,
1,11/16/2015,590.75696,16.169B,,,,,,
5,11/13/2015,587.72882,20.349B,,,,,,
4,2015/12/11,595.41034,21.754B,,,,,,
3,2015/11/11,601.83765,23.223B,,,,,,
2,2015/10/11,602.78619,28.652B,,,,,,
1,2015/9/11,603.68695,35.68B,,,,,,
5,2015/6/11,597.2218,29.875B,,,,,,
4,2015/5/11,583.92993,39.805B,,,,,,
3,2015/4/11,572.68585,20.542B,,,,,,
2,2015/3/11,547.01318,10.14B,,,,,,
1,2015/2/11,548.28497,13B,,,,,,
5,10/30/2015,559.43756,13.914B,,,,,,
4,10/29/2015,556.26855,12.701B,,,,,,
3,10/28/2015,554.47681,17.098B,,,,,,
2,10/27/2015,565.39819,19.206B,,,,,,
1,10/26/2015,564.88214,20.425B,,,,,,
5,10/23/2015,562.75464,19.829B,,,,,,
4,10/22/2015,554.05872,18.431B,,,,,,
3,10/21/2015,546.99506,28.208B,,,,,,
2,10/20/2015,563.47986,17.903B,,,,,,
1,10/19/2015,555.6366,20.761B,,,,,,
5,10/16/2015,556.2829,20.896B,,,,,,
4,10/15/2015,549.9361,17.116B,,,,,,
3,10/14/2015,536.4209,15.217B,,,,,,
2,10/13/2015,543.25366,14.543B,,,,,,
1,2015/12/10,545.26227,22.14B,,,,,,
5,2015/9/10,526.71588,12.435B,,,,,,
4,2015/8/10,518.8042,13.208B,,,,,,
3,09/30/2015,503.77444,7.856B,,,,,,
2,09/29/2015,499.77274,8.715B,,,,,,
1,09/28/2015,509.47421,7.422B,,,,,,
5,09/25/2015,507.29108,12.142B,,,,,,
4,09/24/2015,515.09198,10.201B,,,,,,
3,09/23/2015,511.13388,12.317B,,,,,,
2,09/22/2015,523.62976,14.622B,,,,,,
1,09/21/2015,519.48663,12.279B,,,,,,
5,09/18/2015,510.76477,10.69B,,,,,,
4,09/17/2015,508.49033,16.94B,,,,,,
3,09/16/2015,519.35846,15.971B,,,,,,
2,09/15/2015,494.88693,14.356B,,,,,,
1,09/14/2015,515.1803,20.546B,,,,,,
5,2015/11/9,525.11499,10.855B,,,,,,
4,2015/10/9,526.51105,14.488B,,,,,,
3,2015/9/9,533.02368,22.047B,,,,,,
2,2015/8/9,523.8139,15.46B,,,,,,
1,2015/7/9,510.37637,20.422B,,,,,,
3,2015/2/9,529.2854,34.779B,,,,,,
2,2015/1/9,527.94037,35.246B,,,,,,
1,08/31/2015,527.43872,28.025B,,,,,,
5,08/28/2015,523.18866,29.95B,,,,,,
4,08/27/2015,500.58365,26.729B,,,,,,
3,08/26/2015,471.80603,30.827B,,,,,,
2,08/25/2015,474.54526,27.608B,,,,,,
1,08/24/2015,511.33881,25.544B,,,,,,
5,08/21/2015,561.90979,21.799B,,,,,,
4,08/20/2015,588.65619,21.217B,,,,,,
3,08/19/2015,607.27515,26.905B,,,,,,
2,08/18/2015,598.16931,31.988B,,,,,,
1,08/17/2015,637.54608,25.694B,,,,,,
5,08/14/2015,637.08789,25.339B,,,,,,
4,08/13/2015,636.83087,24.284B,,,,,,
3,2015/12/8,628.93481,25.515B,,,,,,
2,2015/11/8,643.06348,32.203B,,,,,,
1,2015/10/8,657.73944,30.678B,,,,,,
5,2015/7/8,629.10724,18.335B,,,,,,
4,2015/6/8,617.06525,14.728B,,,,,,
3,2015/5/8,622.53882,20.048B,,,,,,
2,2015/4/8,636.01959,22.024B,,,,,,
1,2015/3/8,617.39954,24.58B,,,,,,
5,07/31/2015,614.73407,22.238B,,,,,,
4,07/30/2015,614.39801,27.155B,,,,,,
3,07/29/2015,633.33966,27.697B,,,,,,
2,07/28/2015,613.82111,38.353B,,,,,,
1,07/27/2015,614.92267,36.505B,,,,,,
5,07/24/2015,672.60614,39.205B,,,,,,
4,07/23/2015,684.00299,35.447B,,,,,,
3,07/22/2015,669.71039,31.895B,,,,,,
2,07/21/2015,671.17865,31.837B,,,,,,
1,07/20/2015,669.78088,35.267B,,,,,,
5,07/17/2015,668.66858,33.111B,,,,,,
4,07/16/2015,643.88318,33.053B,,,,,,
3,07/15/2015,638.67694,42.196B,,,,,,
2,07/14/2015,662.7901,45.442B,,,,,,
1,07/13/2015,678.23053,50.209B,,,,,,
5,2015/10/7,660.73853,50.07B,,,,,,
4,2015/9/7,627.70782,50.387B,,,,,,
3,2015/8/7,590.18427,58.147B,,,,,,
2,2015/7/7,632.39618,67.939B,,,,,,
1,2015/6/7,643.93866,64.809B,,,,,,
5,2015/3/7,626.31628,42.93B,,,,,,
4,2015/2/7,662.16351,45.706B,,,,,,
3,2015/1/7,686.10394,43.172B,,,,,,
2,06/30/2015,721.62579,52.705B,,,,,,
1,06/29/2015,674.9458,52.566B,,,,,,
5,06/26/2015,698.36121,44.664B,,,,,,
4,06/25/2015,758.01514,44.614B,,,,,,
3,06/24/2015,786.25476,43.464B,,,,,,
2,06/23/2015,770.8808,36.509B,,,,,,
5,06/19/2015,746.71924,35.81B,,,,,,
4,06/18/2015,794.45538,36.44B,,,,,,
3,06/17/2015,827.69556,39.712B,,,,,,
2,06/16/2015,815.97223,41.168B,,,,,,
1,06/15/2015,841.03839,47.575B,,,,,,
5,2015/12/6,859.25513,43.013B,,,,,,
4,2015/11/6,855.55664,39.234B,,,,,,
3,2015/10/6,855.75629,44.217B,,,,,,
2,2015/9/6,857.32312,57.043B,,,,,,
1,2015/8/6,862.54834,63.731B,,,,,,
5,2015/5/6,843.47418,54.596B,,,,,,
4,2015/4/6,835.49664,48.277B,,,,,,
3,2015/3/6,831.09924,41.426B,,,,,,
2,2015/2/6,832.57312,41.297B,,,,,,
1,2015/1/6,819.10846,41.75B,,,,,,
5,05/29/2015,781.78766,42.788B,,,,,,
4,05/28/2015,778.71143,57.183B,,,,,,
3,05/27/2015,836.14673,47.08B,,,,,,
2,05/26/2015,837.95398,48.795B,,,,,,
1,05/25/2015,822.35327,46.574B,,,,,,
5,05/22/2015,798.91168,45.585B,,,,,,
4,05/21/2015,781.44537,30.505B,,,,,,
3,05/20/2015,766.34149,36.318B,,,,,,
2,05/19/2015,762.25201,31.479B,,,,,,
1,05/18/2015,737.41437,26.918B,,,,,,
5,05/15/2015,744.33301,32.843B,,,,,,
4,05/14/2015,758.04327,33.773B,,,,,,
3,05/13/2015,760.55963,37.073B,,,,,,
2,2015/12/5,764.59082,37.705B,,,,,,
1,2015/11/5,754.94232,37.384B,,,,,,
5,2015/8/5,733.91254,30.241B,,,,,,
4,2015/7/5,720.29663,29.776B,,,,,,
3,2015/6/5,734.47864,37.607B,,,,,,
2,2015/5/5,740.67273,46.042B,,,,,,
1,2015/4/5,770.97278,37.784B,,,,,,
4,04/30/2015,766.13538,39.973B,,,,,,
3,04/29/2015,769.9408,39.506B,,,,,,
2,04/28/2015,764.20001,60.864B,,,,,,
1,04/27/2015,773.16095,51.308B,,,,,,
5,04/24/2015,759.17621,48.015B,,,,,,
4,04/23/2015,764.89441,49.743B,,,,,,
3,04/22/2015,765.3255,51.621B,,,,,,
2,04/21/2015,744.8222,49.031B,,,,,,
1,04/20/2015,729.73016,68.644B,,,,,,
5,04/17/2015,741.62329,55.28B,,,,,,
4,04/16/2015,729.0849,42.26B,,,,,,
3,04/15/2015,705.95367,47.215B,,,,,,
2,04/14/2015,714.33832,43.443B,,,,,,
1,04/13/2015,711.01208,43.415B,,,,,,
5,2015/10/4,699.22357,34.819B,,,,,,
4,2015/9/4,687.27533,43.97B,,,,,,
3,2015/8/4,692.67035,45.868B,,,,,,
2,2015/7/4,687.51416,41.536B,,,,,,
5,2015/3/4,673.51477,32.13B,,,,,,
4,2015/2/4,665.2757,33.907B,,,,,,
3,2015/1/4,664.84412,32.951B,,,,,,
2,03/31/2015,653.26196,43.607B,,,,,,
1,03/30/2015,658.63989,42.83B,,,,,,
5,03/27/2015,639.05017,29.876B,,,,,,
4,03/26/2015,636.15265,34.676B,,,,,,
3,03/25/2015,634.59845,37.997B,,,,,,
2,03/24/2015,640.41101,46.858B,,,,,,
1,03/23/2015,638.75934,39.112B,,,,,,
5,03/20/2015,627.39941,40.182B,,,,,,
4,03/19/2015,619.78259,39.155B,,,,,,
3,03/18/2015,617.40375,41.519B,,,,,,
2,03/17/2015,601.14911,37.163B,,,,,,
1,03/16/2015,591.72394,27.544B,,,,,,
5,03/13/2015,577.81738,24.686B,,,,,,
4,2015/12/3,573.49701,26.566B,,,,,,
3,2015/11/3,562.68408,18.895B,,,,,,
2,2015/10/3,562.44287,19.427B,,,,,,
1,2015/9/3,564.7749,23.394B,,,,,,
5,2015/6/3,555.69189,18.152B,,,,,,
4,2015/5/3,557.75519,21.751B,,,,,,
3,2015/4/3,562.95892,19.966B,,,,,,
2,2015/3/3,559.09918,26.187B,,,,,,
1,2015/2/3,573.87933,24.818B,,,,,,
5,02/27/2015,569.84052,22.279B,,,,,,
4,02/26/2015,569.71387,22.933B,,,,,,
3,02/25/2015,555.69861,16.554B,,,,,,
2,02/17/2015,563.15704,16.533B,,,,,,
1,02/16/2015,559.67548,16.564B,,,,,,
5,02/13/2015,555.99091,20.109B,,,,,,
4,2015/12/2,551.12439,15.608B,,,,,,
3,2015/11/2,550.10236,14.461B,,,,,,
2,2015/10/2,545.80951,15.931B,,,,,,
1,2015/9/2,535.62158,17.235B,,,,,,
5,2015/6/2,530.48798,19.266B,,,,,,
4,2015/5/2,538.62518,25.043B,,,,,,
3,2015/4/2,544.89319,19.13B,,,,,,
2,2015/3/2,549.0863,19.285B,,,,,,
1,2015/2/2,536.05896,19.518B,,,,,,
5,01/30/2015,549.25635,19.648B,,,,,,
4,01/29/2015,557.45337,21.162B,,,,,,
3,01/28/2015,564.29547,21.622B,,,,,,
2,01/27/2015,572.823,28.767B,,,,,,
1,01/26/2015,577.25916,23.977B,,,,,,
5,01/23/2015,573.17371,28.017B,,,,,,
4,01/22/2015,574.65216,26.885B,,,,,,
3,01/21/2015,571.58032,33.793B,,,,,,
2,01/20/2015,546.64917,29.784B,,,,,,
1,01/19/2015,539.388,32.951B,,,,,,
5,01/16/2015,584.80469,28.268B,,,,,,
4,01/15/2015,582.52185,23.781B,,,,,,
3,01/14/2015,564.95251,19.601B,,,,,,
2,01/13/2015,566.50653,18.715B,,,,,,
1,2015/12/1,566.51392,26.657B,,,,,,
5,2015/9/1,571.24133,34.998B,,,,,,
4,2015/8/1,572.84521,29.5B,,,,,,
3,2015/7/1,586.54443,32.019B,,,,,,
2,2015/6/1,585.98218,42.096B,,,,,,
1,2015/5/1,585.37207,45.12B,,,,,,
3,12/31/2014,569.27295,34.593B,,,,,,
2,12/30/2014,557.49017,32.823B,,,,,,
1,12/29/2014,555.30725,42.502B,,,,,,
5,12/26/2014,553.14856,38.461B,,,,,,
4,12/25/2014,537.42474,30.98B,,,,,,
3,12/24/2014,519.672,31.745B,,,,,,
2,12/23/2014,533.86707,36.974B,,,,,,
1,12/22/2014,545.8067,54.98B,,,,,,
5,12/19/2014,543.91754,41.121B,,,,,,
4,12/18/2014,538.47577,35.597B,,,,,,
3,12/17/2014,542.24182,44.814B,,,,,,
2,12/16/2014,533.61578,35.812B,,,,,,
1,12/15/2014,519.79645,29.019B,,,,,,
5,2014/12/12,516.15216,30.107B,,,,,,
4,2014/11/12,514.11877,36.709B,,,,,,
3,2014/10/12,521.64026,42.502B,,,,,,
2,2014/9/12,502.15982,63.287B,,,,,,
1,2014/8/12,526.953,48.446B,,,,,,
5,2014/5/12,508.02878,52.488B,,,,,,
4,2014/4/12,504.39526,42.681B,,,,,,
3,2014/3/12,482.30087,46.616B,,,,,,
2,2014/2/12,475.2442,36.147B,,,,,,
1,2014/1/12,458.46875,36.549B,,,,,,
5,11/28/2014,457.27618,37.532B,,,,,,
4,11/27/2014,448.63593,26.546B,,,,,,
3,11/26/2014,443.37274,24.396B,,,,,,
2,11/25/2014,437.70859,22.261B,,,,,,
1,11/24/2014,431.46823,27.984B,,,,,,
5,11/21/2014,421.96768,15.103B,,,,,,
4,11/20/2014,414.31494,10.615B,,,,,,
3,11/19/2014,414.63312,12.215B,,,,,,
2,11/18/2014,415.25726,14.294B,,,,,,
1,11/17/2014,419.05695,15.848B,,,,,,
5,11/14/2014,420.90131,16.505B,,,,,,
4,11/13/2014,421.36255,21.982B,,,,,,
3,2014/12/11,423.72122,18.469B,,,,,,
2,2014/11/11,417.76666,32.371B,,,,,,
1,2014/10/11,419.29858,22.66B,,,,,,
5,2014/7/11,408.64822,20.876B,,,,,,
4,2014/6/11,409.94357,14.965B,,,,,,
3,2014/5/11,409.65588,19.049B,,,,,,
2,2014/4/11,410.96463,21.825B,,,,,,
1,2014/3/11,410.64099,20.58B,,,,,,
5,10/31/2014,410.21899,23.917B,,,,,,
4,10/30/2014,403.80182,18.963B,,,,,,
3,10/29/2014,401.2085,15.858B,,,,,,
2,10/28/2014,395.17496,10.152B,,,,,,
1,10/27/2014,387.17792,7.386B,,,,,,
5,10/24/2014,390.849,7.497B,,,,,,
4,10/23/2014,391.608,10.349B,,,,,,
3,10/22/2014,395.20279,8.866B,,,,,,
2,10/21/2014,397.60641,9.624B,,,,,,
1,10/20/2014,400.80841,9.144B,,,,,,
5,10/17/2014,398.94324,13.276B,,,,,,
4,10/16/2014,398.94812,15.817B,,,,,,
3,10/15/2014,402.30457,13.58B,,,,,,
2,10/14/2014,399.32135,12.739B,,,,,,
1,10/13/2014,400.82715,13.159B,,,,,,
5,2014/10/10,402.34036,14.763B,,,,,,
4,2014/9/10,404.91965,13.792B,,,,,,
3,2014/8/10,403.74408,12.195B,,,,,,
2,09/30/2014,399.30078,11.58B,,,,,,
1,09/29/2014,398.06787,12.34B,,,,,,
5,09/26/2014,397.72855,10.03B,,,,,,
4,09/25/2014,397.17798,13.866B,,,,,,
3,09/24/2014,397.95697,14.271B,,,,,,
2,09/23/2014,390.98288,8.403B,,,,,,
1,09/22/2014,387.44626,10.224B,,,,,,
5,09/19/2014,394.86975,10.181B,,,,,,
4,09/18/2014,392.2139,11.593B,,,,,,
3,09/17/2014,391.14639,12.527B,,,,,,
2,09/16/2014,388.52448,18.674B,,,,,,
1,09/15/2014,396.72308,12.225B,,,,,,
5,2014/12/9,397.53461,10.916B,,,,,,
4,2014/11/9,395.24652,13.298B,,,,,,
3,2014/10/9,396.87274,10.918B,,,,,,
2,2014/9/9,398.45911,11.819B,,,,,,
5,2014/5/9,399.07761,13.355B,,,,,,
4,2014/4/9,395.38876,11.127B,,,,,,
3,2014/3/9,392.31888,12.973B,,,,,,
2,2014/2/9,388.13065,11.444B,,,,,,
1,2014/1/9,383.44598,7.732B,,,,,,
5,08/29/2014,380.75409,6.321B,,,,,,
4,08/28/2014,376.30093,7.049B,,,,,,
3,08/27/2014,378.87115,6.768B,,,,,,
2,08/26/2014,377.71689,9.384B,,,,,,
1,08/25/2014,380.71191,9.737B,,,,,,
5,08/22/2014,384.50574,8.982B,,,,,,
4,08/21/2014,382.64835,10.069B,,,,,,
3,08/20/2014,385.36481,10.129B,,,,,,
2,08/19/2014,386.68817,11.585B,,,,,,
1,08/18/2014,386.491,10.451B,,,,,,
5,08/15/2014,383.56866,9.359B,,,,,,
4,08/14/2014,379.6741,9.797B,,,,,,
3,08/13/2014,383.34921,11.045B,,,,,,
2,2014/12/8,382.75015,9.182B,,,,,,
1,2014/11/8,384.35336,9.16B,,,,,,
5,2014/8/8,378.73212,8.674B,,,,,,
4,2014/7/8,377.68677,11.673B,,,,,,
3,2014/6/8,383.17947,11.634B,,,,,,
2,2014/5/8,383.97449,11.186B,,,,,,
1,2014/4/8,384.48541,11.671B,,,,,,
5,2014/1/8,377.0296,12.632B,,,,,,
4,07/31/2014,380.61978,11.099B,,,,,,
3,07/30/2014,376.24133,12.302B,,,,,,
2,07/29/2014,377.24417,13.427B,,,,,,
1,07/28/2014,375.56717,17.987B,,,,,,
5,07/25/2014,365.0545,9.897B,,,,,,
4,07/24/2014,361.16422,11.944B,,,,,,
3,07/23/2014,354.54639,8.421B,,,,,,
2,07/22/2014,353.48422,7.854B,,,,,,
1,07/21/2014,348.86224,5.417B,,,,,,
5,07/18/2014,348.62253,6.547B,,,,,,
4,07/17/2014,347.82443,5.945B,,,,,,
3,07/16/2014,349.8522,8.156B,,,,,,
2,07/15/2014,350.35617,7.182B,,,,,,
1,07/14/2014,350.16495,6.616B,,,,,,
5,2014/11/7,346.28549,6.137B,,,,,,
4,2014/10/7,345.49231,5.573B,,,,,,
3,2014/9/7,346.57172,6.202B,,,,,,
2,2014/8/7,351.5701,5.074B,,,,,,
1,2014/7/7,350.78238,5.024B,,,,,,
5,2014/4/7,351.22681,5.285B,,,,,,
4,2014/3/7,350.77258,6.369B,,,,,,
3,2014/2/7,349.55911,5.969B,,,,,,
2,2014/1/7,349.12805,5.332B,,,,,,
1,06/30/2014,348.97617,5.43B,,,,,,
5,06/27/2014,345.77292,5.272B,,,,,,
4,06/26/2014,345.25528,4.435B,,,,,,
3,06/25/2014,342.20447,3.767B,,,,,,
2,06/24/2014,344.24539,4.016B,,,,,,
1,06/23/2014,342.82892,4.118B,,,,,,
5,06/20/2014,343.16144,4.239B,,,,,,
4,06/19/2014,341.57303,5.316B,,,,,,
3,06/18/2014,346.69217,4.946B,,,,,,
2,06/17/2014,348.41888,4.993B,,,,,,
1,06/16/2014,351.93561,6.33B,,,,,,
5,06/13/2014,350.58832,5.925B,,,,,,
4,2014/12/6,346.31317,4.303B,,,,,,
3,2014/11/6,346.98837,4.256B,,,,,,
2,2014/10/6,347.21396,5.051B,,,,,,
1,2014/9/6,342.03223,3.931B,,,,,,
5,2014/6/6,341.51083,3.574B,,,,,,
4,2014/5/6,343.78278,3.648B,,,,,,
3,2014/4/6,340.42035,4.182B,,,,,,
2,2014/3/6,343.79987,4.198B,,,,,,
5,05/30/2014,345.18887,4.392B,,,,,,
4,05/29/2014,345.51727,4.489B,,,,,,
3,05/28/2014,346.83551,5.006B,,,,,,
2,05/27/2014,343.63629,3.59B,,,,,,
1,05/26/2014,345.50345,3.955B,,,,,,
5,05/23/2014,344.45169,3.762B,,,,,,
4,05/22/2014,341.64951,4.625B,,,,,,
3,05/21/2014,342.40222,3.895B,,,,,,
2,05/20/2014,339.27792,3.73B,,,,,,
1,05/19/2014,339.09021,4.289B,,,,,,
5,05/16/2014,344.22803,4.225B,,,,,,
4,05/15/2014,344.3703,4.673B,,,,,,
3,05/14/2014,348.74573,4.851B,,,,,,
2,05/13/2014,349.3121,6.491B,,,,,,
1,2014/12/5,349.75998,8.347B,,,,,,
5,2014/9/5,342.61533,4.918B,,,,,,
4,2014/8/5,342.82578,4.833B,,,,,,
3,2014/7/5,342.85925,4.461B,,,,,,
2,2014/6/5,346.55872,4.809B,,,,,,
1,2014/5/5,345.15118,4.934B,,,,,,
3,04/30/2014,344.86124,4.533B,,,,,,
2,04/29/2014,344.86411,4.82B,,,,,,
1,04/28/2014,341.28378,6.049B,,,,,,
5,04/25/2014,346.6525,6.025B,,,,,,
4,04/24/2014,351.16132,4.506B,,,,,,
3,04/23/2014,351.53497,4.776B,,,,,,
2,04/22/2014,352.19724,5.709B,,,,,,
1,04/21/2014,351.44983,5.628B,,,,,,
5,04/18/2014,357.38046,5.076B,,,,,,
4,04/17/2014,357.7774,4.833B,,,,,,
3,04/16/2014,358.74246,5.168B,,,,,,
2,04/15/2014,358.25024,6.822B,,,,,,
1,04/14/2014,364.7933,6.227B,,,,,,
5,2014/11/4,365.53485,9.062B,,,,,,
4,2014/10/4,365.98596,11.455B,,,,,,
3,2014/9/4,361.04443,6.636B,,,,,,
2,2014/8/4,360.88654,9.722B,,,,,,
5,2014/4/4,351.89386,4.795B,,,,,,
4,2014/3/4,348.57639,7.154B,,,,,,
3,2014/2/4,351.40143,6.504B,,,,,,
2,2014/1/4,348.51852,4.887B,,,,,,
1,03/31/2014,345.14835,5.546B,,,,,,
5,03/28/2014,346.42062,7.009B,,,,,,
4,03/27/2014,346.9169,7.128B,,,,,,
3,03/26/2014,349.62189,5.828B,,,,,,
2,03/25/2014,350.60303,8.688B,,,,,,
1,03/24/2014,351.3291,10.449B,,,,,,
5,03/21/2014,346.67233,10.402B,,,,,,
4,03/20/2014,335.11038,6.763B,,,,,,
3,03/19/2014,342.44034,5.93B,,,,,,
2,03/18/2014,345.19421,5.535B,,,,,,
1,03/17/2014,346.74185,5.241B,,,,,,
5,03/14/2014,345.10925,5.862B,,,,,,
4,03/13/2014,348.77588,6.923B,,,,,,
3,2014/12/3,343.95178,7.007B,,,,,,
2,2014/11/3,343.47488,5.762B,,,,,,
1,2014/10/3,341.72592,7.111B,,,,,,
5,2014/7/3,354.1217,6.427B,,,,,,
4,2014/6/3,355.05872,6.909B,,,,,,
3,2014/5/3,353.18689,6.133B,,,,,,
2,2014/4/3,355.46689,7.307B,,,,,,
1,2014/3/3,356.30835,8.207B,,,,,,
5,02/28/2014,354.54636,7.667B,,,,,,
4,02/27/2014,351.4501,9.01B,,,,,,
3,02/26/2014,353.24936,7.799B,,,,,,
2,02/25/2014,352.32892,9.324B,,,,,,
1,02/24/2014,363.13547,8.922B,,,,,,
5,02/21/2014,371.73199,7.637B,,,,,,
4,02/20/2014,376.01895,10.644B,,,,,,
3,02/19/2014,379.95688,9.935B,,,,,,
2,02/18/2014,376.18744,8.705B,,,,,,
1,02/17/2014,381.17685,8.783B,,,,,,
5,02/14/2014,378.59534,6.708B,,,,,,
4,02/13/2014,375.95929,9.622B,,,,,,
3,2014/12/2,377.91879,7.659B,,,,,,
2,2014/11/2,377.12433,9.923B,,,,,,
1,2014/10/2,374.22375,8.307B,,,,,,
5,2014/7/2,364.91556,5.046B,,,,,,
4,01/30/2014,363.27274,4.363B,,,,,,
3,01/29/2014,367.87558,5.022B,,,,,,
2,01/28/2014,366.81512,5.327B,,,,,,
1,01/27/2014,366.32208,7.034B,,,,,,
5,01/24/2014,371.26007,6.117B,,,,,,
4,01/23/2014,368.83411,5.635B,,,,,,
3,01/22/2014,370.84473,7.064B,,,,,,
2,01/21/2014,361.47174,4.031B,,,,,,
1,01/20/2014,357.84384,4.056B,,,,,,
5,01/17/2014,360.08661,5.027B,,,,,,
4,01/16/2014,365.2439,5.23B,,,,,,
3,01/15/2014,365.48273,4.896B,,,,,,
2,01/14/2014,366.31064,5.405B,,,,,,
1,01/13/2014,363.01758,5.012B,,,,,,
5,2014/10/1,364.40204,5.417B,,,,,,
4,2014/9/1,366.98776,5.599B,,,,,,
3,2014/8/1,370.46582,5.135B,,,,,,
2,2014/7/1,369.8136,4.375B,,,,,,
1,2014/6/1,369.72321,6.63B,,,,,,
5,2014/3/1,378.57233,5.978B,,,,,,
4,2014/2/1,383.798,4.519B,,,,,,
2,12/31/2013,384.97556,5.663B,,,,,,
1,12/30/2013,379.2858,4.841B,,,,,,
5,12/27/2013,379.62952,5.339B,,,,,,
4,12/26/2013,373.38004,5.15B,,,,,,
3,12/25/2013,379.89221,4.401B,,,,,,
2,12/24/2013,376.77798,4.56B,,,,,,
1,12/23/2013,376.33875,4.558B,,,,,,
5,12/20/2013,375.44058,6.52B,,,,,,
4,12/19/2013,384.08755,4.81B,,,,,,
3,12/18/2013,388.22525,4.002B,,,,,,
2,12/17/2013,388.1236,4.848B,,,,,,
1,12/16/2013,389.99985,6.458B,,,,,,
5,12/13/2013,396.35681,5.15B,,,,,,
4,2013/12/12,396.76254,5.015B,,,,,,
3,2013/11/12,397.35233,6.808B,,,,,,
2,2013/10/12,404.13171,6.694B,,,,,,
1,2013/9/12,403.54865,5.716B,,,,,,
5,2013/6/12,403.13113,6.611B,,,,,,
4,2013/5/12,405.16711,7.771B,,,,,,
3,2013/4/12,406.39941,10.265B,,,,,,
2,2013/3/12,401.00861,7.446B,,,,,,
1,2013/2/12,397.0303,11.966B,,,,,,
5,11/29/2013,400.28622,6.18B,,,,,,
4,11/28/2013,400.41525,9.066B,,,,,,
3,11/27/2013,396.3819,7.529B,,,,,,
2,11/26/2013,391.93222,5.919B,,,,,,
1,11/25/2013,392.09274,6.614B,,,,,,
5,11/22/2013,393.55368,7.5B,,,,,,
4,11/21/2013,395.54703,8.771B,,,,,,
3,11/20/2013,398.01227,7.229B,,,,,,
2,11/19/2013,395.84537,7.865B,,,,,,
1,11/18/2013,398.63828,11.003B,,,,,,
5,11/15/2013,385.82162,8.639B,,,,,,
4,11/14/2013,378.30798,5.731B,,,,,,
3,11/13/2013,375.6059,5.985B,,,,,,
2,2013/12/11,384.18597,5.269B,,,,,,
1,2013/11/11,380.1712,4.574B,,,,,,
5,2013/8/11,379.00403,5.379B,,,,,,
4,2013/7/11,384.32077,5.482B,,,,,,
3,2013/6/11,386.45169,6.378B,,,,,,
2,2013/5/11,390.97409,6.208B,,,,,,
1,2013/4/11,390.11685,5.18B,,,,,,
5,2013/1/11,391.09888,6.306B,,,,,,
4,10/31/2013,389.44055,8.274B,,,,,,
3,10/30/2013,395.20511,9.218B,,,,,,
2,10/29/2013,389.47409,10.674B,,,,,,
1,10/28/2013,388.77908,6.288B,,,,,,
5,10/25/2013,389.2583,7.707B,,,,,,
4,10/24/2013,394.61969,6.456B,,,,,,
3,10/23/2013,397.49701,9.155B,,,,,,
2,10/22/2013,401.48569,9.07B,,,,,,
1,10/21/2013,405.76001,8.491B,,,,,,
5,10/18/2013,398.06616,6.029B,,,,,,
4,10/17/2013,395.7836,7.122B,,,,,,
3,10/16/2013,397.10229,8.898B,,,,,,
2,10/15/2013,404.31876,8.917B,,,,,,
1,10/14/2013,404.7641,10.008B,,,,,,
5,2013/11/10,403.3378,9.339B,,,,,,
4,2013/10/10,397.21982,9.033B,,,,,,
3,2013/9/10,400.89914,7.628B,,,,,,
2,2013/8/10,398.81931,8.479B,,,,,,
1,09/30/2013,393.54346,5.951B,,,,,,
5,09/27/2013,391.48865,6.597B,,,,,,
4,09/26/2013,389.53848,8.624B,,,,,,
3,09/25/2013,396.87439,9.052B,,,,,,
2,09/24/2013,399.25586,9.785B,,,,,,
1,09/23/2013,404.1073,8.013B,,,,,,
3,09/18/2013,397.39102,7.104B,,,,,,
2,09/17/2013,396.52405,9.946B,,,,,,
1,09/16/2013,404.94583,10.538B,,,,,,
5,09/13/2013,406.76309,11.078B,,,,,,
4,2013/12/9,409.84882,14.517B,,,,,,
3,2013/11/9,405.80029,16.691B,,,,,,
2,2013/10/9,404.39444,15.486B,,,,,,
1,2013/9/9,398.72717,14.989B,,,,,,
5,2013/6/9,385.22702,7.334B,,,,,,
4,2013/5/9,382.6427,6.295B,,,,,,
3,2013/4/9,384.09488,7.873B,,,,,,
2,2013/3/9,384.68484,8.055B,,,,,,
1,2013/2/9,379.16595,7.951B,,,,,,
5,08/30/2013,378.12076,8.765B,,,,,,
4,08/29/2013,378.77805,6.609B,,,,,,
3,08/28/2013,380.38889,8.926B,,,,,,
2,08/27/2013,382.39069,6.599B,,,,,,
1,08/26/2013,381.48077,7.037B,,,,,,
5,08/23/2013,373.62015,6.897B,,,,,,
4,08/22/2013,376.39182,5.534B,,,,,,
3,08/21/2013,377.01099,5.501B,,,,,,
2,08/20/2013,377.56998,7.309B,,,,,,
1,08/19/2013,380.77219,7.248B,,,,,,
5,08/16/2013,376.80197,12.037B,,,,,,
4,08/15/2013,379.80792,6.195B,,,,,,
3,08/14/2013,383.86169,7.594B,,,,,,
2,08/13/2013,385.36157,7.839B,,,,,,
1,2013/12/8,384.29904,9.786B,,,,,,
5,2013/9/8,373.41513,6.46B,,,,,,
4,2013/8/8,371.87131,5.31B,,,,,,
3,2013/7/8,372.69952,7.305B,,,,,,
2,2013/6/8,374.67386,7.375B,,,,,,
1,2013/5/8,371.9903,5.534B,,,,,,
5,2013/2/8,366.63669,6.089B,,,,,,
4,2013/1/8,366.26114,6.26B,,,,,,
3,07/31/2013,357.81641,4.833B,,,,,,
2,07/30/2013,357.06052,5.519B,,,,,,
1,07/29/2013,354.82593,5.46B,,,,,,
5,07/26/2013,362.71249,4.894B,,,,,,
4,07/25/2013,364.75833,6.577B,,,,,,
3,07/24/2013,366.50821,6.959B,,,,,,
2,07/23/2013,369.18646,7.481B,,,,,,
1,07/22/2013,358.58679,5.328B,,,,,,
5,07/19/2013,356.87744,7.054B,,,,,,
4,07/18/2013,365.61118,5.714B,,,,,,
3,07/17/2013,372.08221,6.766B,,,,,,
2,07/16/2013,377.80734,6.562B,,,,,,
1,07/15/2013,375.91595,7.476B,,,,,,
5,2013/12/7,370.73288,8.973B,,,,,,
4,2013/11/7,379.39047,12.579B,,,,,,
3,2013/10/7,362.57397,6.115B,,,,,,
2,2013/9/7,352.82959,4.149B,,,,,,
1,2013/8/7,352.74289,5.478B,,,,,,
5,2013/5/7,363.11661,6.182B,,,,,,
4,2013/4/7,362.7247,7.258B,,,,,,
3,2013/3/7,359.46826,6.584B,,,,,,
2,2013/2/7,362.29968,6.184B,,,,,,
1,2013/1/7,360.90417,5.773B,,,,,,
5,06/28/2013,358.55042,7.945B,,,,,,
4,06/27/2013,351.39615,7.541B,,,,,,
3,06/26/2013,352.74069,7.926B,,,,,,
2,06/25/2013,352.37027,10.755B,,,,,,
1,06/24/2013,353.32379,8.66B,,,,,,
5,06/21/2013,377.78259,5.871B,,,,,,
4,06/20/2013,378.81696,5.52B,,,,,,
3,06/19/2013,391.84009,5.435B,,,,,,
2,06/18/2013,394.67163,4.863B,,,,,,
1,06/17/2013,392.48914,5.04B,,,,,,
5,06/14/2013,394.20157,5.596B,,,,,,
4,06/13/2013,391.22604,6.973B,,,,,,
5,2013/7/6,405.01508,6.103B,,,,,,
4,2013/6/6,411.95609,5.25B,,,,,,
3,2013/5/6,417.85617,4.564B,,,,,,
2,2013/4/6,418.63818,6.632B,,,,,,
1,2013/3/6,424.45374,5.977B,,,,,,
5,05/31/2013,424.87994,6.253B,,,,,,
4,05/30/2013,429.67966,7.015B,,,,,,
3,05/29/2013,431.31882,7.928B,,,,,,
2,05/28/2013,431.97891,8.42B,,,,,,
1,05/27/2013,424.66504,6.42B,,,,,,
5,05/24/2013,423.58078,6.074B,,,,,,
4,05/23/2013,421.07092,8.483B,,,,,,
3,05/22/2013,427.00885,7.419B,,,,,,
2,05/21/2013,426.17722,7.151B,,,,,,
1,05/20/2013,425.0936,8.634B,,,,,,
5,05/17/2013,422.02707,8.185B,,,,,,
4,05/16/2013,415.12863,7.08B,,,,,,
3,05/15/2013,407.90201,4.419B,,,,,,
2,05/14/2013,405.8894,5.488B,,,,,,
1,05/13/2013,411.72122,5.181B,,,,,,
5,2013/10/5,413.70239,4.882B,,,,,,
4,2013/9/5,412.08881,6.024B,,,,,,
3,2013/8/5,414.06903,5.955B,,,,,,
2,2013/7/5,411.09796,5.449B,,,,,,
1,2013/6/5,409.61664,6.042B,,,,,,
5,2013/3/5,404.98279,6.233B,,,,,,
4,2013/2/5,397.92706,4.702B,,,,,,
5,04/26/2013,396.96771,4.712B,,,,,,
4,04/25/2013,399.93436,6.056B,,,,,,
3,04/24/2013,403.93958,6.305B,,,,,,
2,04/23/2013,396.41226,6.065B,,,,,,
1,04/22/2013,409.02362,6.251B,,,,,,
5,04/19/2013,410.46265,7.552B,,,,,,
4,04/18/2013,398.46924,4.286B,,,,,,
3,04/17/2013,398.30743,4.469B,,,,,,
2,04/16/2013,398.00513,5.528B,,,,,,
1,04/15/2013,393.85464,4.654B,,,,,,
5,2013/12/4,397.61505,3.992B,,,,,,
4,2013/11/4,399.88962,4.299B,,,,,,
3,2013/10/4,401.25107,4.75B,,,,,,
2,2013/9/4,401.3656,5.239B,,,,,,
1,2013/8/4,398.54578,5.33B,,,,,,
3,2013/3/4,400.50751,4.556B,,,,,,
2,2013/2/4,401.12137,5.568B,,,,,,
1,2013/1/4,401.64108,4.735B,,,,,,
5,03/29/2013,401.73294,5.24B,,,,,,
4,03/28/2013,402.18561,8.758B,,,,,,
3,03/27/2013,415.77295,5.691B,,,,,,
2,03/26/2013,414.59506,6.396B,,,,,,
1,03/25/2013,420.43652,5.626B,,,,,,
5,03/22/2013,421.43768,5.565B,,,,,,
4,03/21/2013,420.67984,6.955B,,,,,,
3,03/20/2013,420.22989,9.07B,,,,,,
2,03/19/2013,406.35614,5.454B,,,,,,
1,03/18/2013,402.66022,5.981B,,,,,,
5,03/15/2013,408.76688,8.137B,,,,,,
4,03/14/2013,407.7803,4.761B,,,,,,
3,03/13/2013,406.80606,5.643B,,,,,,
2,2013/12/3,411.08206,7.194B,,,,,,
1,2013/11/3,416.86719,5.095B,,,,,,
5,2013/8/3,419.55853,5.943B,,,,,,
4,2013/7/3,421.09747,9.408B,,,,,,
3,2013/6/3,426.07748,9.583B,,,,,,
2,2013/5/3,421.55792,8.966B,,,,,,
1,2013/4/3,408.91736,11.062B,,,,,,
5,2013/1/3,428.85956,7.334B,,,,,,
4,02/28/2013,429.60886,8.692B,,,,,,
3,02/27/2013,416.61481,6.323B,,,,,,
2,02/26/2013,412.12741,8B,,,,,,
1,02/25/2013,417.84991,5.316B,,,,,,
5,02/22/2013,416.4361,6.02B,,,,,,
4,02/21/2013,418.02225,10.066B,,,,,,
3,02/20/2013,433.14233,7.002B,,,,,,
2,02/19/2013,429.91708,8.063B,,,,,,
1,02/18/2013,438.58481,7.644B,,,,,,
5,2013/8/2,444.64273,7.743B,,,,,,
4,2013/7/2,442.77646,8.998B,,,,,,
3,2013/6/2,445.36783,8.278B,,,,,,
2,2013/5/2,444.8988,11.613B,,,,,,
1,2013/4/2,440.86954,12.794B,,,,,,
5,2013/1/2,440.67337,10.388B,,,,,,
4,01/31/2013,432.03711,9.674B,,,,,,
3,01/30/2013,432.23392,9.987B,,,,,,
2,01/29/2013,429.73373,10.104B,,,,,,
1,01/28/2013,426.00208,9.127B,,,,,,
5,01/25/2013,413.18005,5.849B,,,,,,
4,01/24/2013,415.17386,11.128B,,,,,,
3,01/23/2013,419.02325,7.574B,,,,,,
2,01/22/2013,417.22598,10.577B,,,,,,
1,01/21/2013,419.67081,8.413B,,,,,,
5,01/18/2013,417.58197,7.794B,,,,,,
4,01/17/2013,410.40466,6.992B,,,,,,
3,01/16/2013,414.25687,9.354B,,,,,,
2,01/15/2013,417.68268,9.862B,,,,,,
1,01/14/2013,414.43857,9.355B,,,,,,
5,2013/11/1,399.43863,7.424B,,,,,,
4,2013/10/1,406.47794,7.109B,,,,,,
3,2013/9/1,405.36707,7.023B,,,,,,
2,2013/8/1,405.66248,7.184B,,,,,,
1,2013/7/1,406.78595,7.517B,,,,,,
5,2013/4/1,405.09805,9.799B,,,,,,
1,12/31/2012,404.64346,8.2B,,,,,,
5,12/28/2012,397.85818,6.717B,,,,,,
4,12/27/2012,391.75558,7.326B,,,,,,
3,12/26/2012,393.71039,7.159B,,,,,,
2,12/25/2012,392.66046,9.55B,,,,,,
1,12/24/2012,382.03384,5.309B,,,,,,
5,12/21/2012,380.53711,6.871B,,,,,,
4,12/20/2012,382.49466,6.566B,,,,,,
3,12/19/2012,380.33893,6.329B,,,,,,
2,12/18/2012,379.8595,8.578B,,,,,,
1,12/17/2012,379.20593,9.409B,,,,,,
5,12/14/2012,377.17981,11.089B,,,,,,
4,12/13/2012,359.84644,4.194B,,,,,,
3,2012/12/12,362.73825,4.501B,,,,,,
2,2012/11/12,361.57983,5.147B,,,,,,
1,2012/10/12,364.26492,7.338B,,,,,,
5,2012/7/12,360.62936,7.617B,,,,,,
4,2012/6/12,353.81042,4.857B,,,,,,
3,2012/5/12,354.40024,8.249B,,,,,,
2,2012/4/12,342.37231,3.623B,,,,,,
1,2012/3/12,338.61334,4.019B,,,,,,
5,11/30/2012,343.6268,3.641B,,,,,,
4,11/29/2012,339.69302,2.967B,,,,,,
3,11/28/2012,341.90756,3.001B,,,,,,
2,11/27/2012,345.38416,3.195B,,,,,,
1,11/26/2012,349.46576,2.474B,,,,,,
5,11/23/2012,352.03918,2.867B,,,,,,
4,11/22/2012,349.58197,2.291B,,,,,,
3,11/21/2012,352.54843,3.051B,,,,,,
2,11/20/2012,347.34799,2.395B,,,,,,
1,11/19/2012,348.86279,2.698B,,,,,,
5,11/16/2012,349.16287,3.025B,,,,,,
4,11/15/2012,351.91437,2.832B,,,,,,
3,11/14/2012,357.11462,2.676B,,,,,,
2,11/13/2012,355.08121,3.408B,,,,,,
1,2012/12/11,361.50455,3.472B,,,,,,
5,2012/9/11,358.89236,3.051B,,,,,,
4,2012/8/11,358.89728,3.543B,,,,,,
3,2012/7/11,364.61237,3.307B,,,,,,
2,2012/6/11,365.01257,3.928B,,,,,,
1,2012/5/11,368.57208,3.951B,,,,,,
5,2012/2/11,369.58057,3.983B,,,,,,
4,2012/1/11,368.22113,5.076B,,,,,,
3,10/31/2012,361.51157,3.717B,,,,,,
2,10/30/2012,358.9267,3.408B,,,,,,
1,10/29/2012,358.10333,2.758B,,,,,,
5,10/26/2012,359.46381,4.09B,,,,,,
4,10/25/2012,367.11514,4.435B,,,,,,
3,10/24/2012,369.36282,3.754B,,,,,,
2,10/23/2012,370.05075,3.722B,,,,,,
1,10/22/2012,374.3732,3.437B,,,,,,
5,10/19/2012,372.96844,3.593B,,,,,,
4,10/18/2012,373.75439,5.062B,,,,,,
3,10/17/2012,367.86362,3.335B,,,,,,
2,10/16/2012,366.84897,3.206B,,,,,,
1,10/15/2012,365.96506,2.865B,,,,,,
5,2012/12/10,367.71301,3.687B,,,,,,
4,2012/11/10,366.82062,4.13B,,,,,,
3,2012/10/10,368.90161,4.269B,,,,,,
2,2012/9/10,365.71887,5.255B,,,,,,
1,2012/8/10,361.11703,3.553B,,,,,,
5,09/28/2012,364.80734,5.788B,,,,,,
4,09/27/2012,357.22827,5.302B,,,,,,
3,09/26/2012,346.64853,2.745B,,,,,,
2,09/25/2012,350.4343,2.788B,,,,,,
1,09/24/2012,351.08963,3.75B,,,,,,
5,09/21/2012,348.69785,3.812B,,,,,,
4,09/20/2012,348.34247,4.255B,,,,,,
3,09/19/2012,355.88446,3.435B,,,,,,
2,09/18/2012,353.69385,3.323B,,,,,,
1,09/17/2012,357.1188,4.898B,,,,,,
5,09/14/2012,366.54562,6.157B,,,,,,
4,09/13/2012,363.04865,4.205B,,,,,,
3,2012/12/9,366.64154,4.962B,,,,,,
2,2012/11/9,364.85858,4.626B,,,,,,
1,2012/10/9,367.05728,6.533B,,,,,,
5,2012/7/9,365.26096,9.453B,,,,,,
4,2012/6/9,349.54971,3.17B,,,,,,
3,2012/5/9,346.41519,3.475B,,,,,,
2,2012/4/9,347.23819,3.485B,,,,,,
1,2012/3/9,351.40018,3.855B,,,,,,
5,08/31/2012,347.24518,2.596B,,,,,,
4,08/30/2012,348.20889,3.549B,,,,,,
3,08/29/2012,348.63586,2.901B,,,,,,
2,08/28/2012,352.27267,3.377B,,,,,,
1,08/27/2012,350.45676,3.739B,,,,,,
5,08/24/2012,358.05292,3.187B,,,,,,
4,08/23/2012,362.29999,3.134B,,,,,,
3,08/22/2012,361.32751,3.171B,,,,,,
2,08/21/2012,363.95001,3.49B,,,,,,
1,08/20/2012,361.89929,2.74B,,,,,,
5,08/17/2012,363.74838,2.607B,,,,,,
4,08/16/2012,364.30984,2.59B,,,,,,
3,08/15/2012,366.41602,3.058B,,,,,,
2,08/14/2012,370.60583,3.985B,,,,,,
1,08/13/2012,369.539,4.478B,,,,,,
5,2012/10/8,377.11182,3.47B,,,,,,
4,2012/9/8,379.17426,3.566B,,,,,,
3,2012/8/8,375.61218,3.781B,,,,,,
2,2012/7/8,375.15475,3.829B,,,,,,
1,2012/6/8,374.20761,4.182B,,,,,,
5,2012/3/8,369.28317,2.977B,,,,,,
4,2012/2/8,366.62982,3.152B,,,,,,
3,2012/1/8,370.2807,3.142B,,,,,,
2,07/31/2012,366.65021,3.21B,,,,,,
1,07/30/2012,366.07733,3.048B,,,,,,
5,07/27/2012,368.04877,3.109B,,,,,,
4,07/26/2012,367.65094,3.131B,,,,,,
3,07/25/2012,369.36319,2.49B,,,,,,
2,07/24/2012,372.00439,3.031B,,,,,,
1,07/23/2012,370.31027,3.239B,,,,,,
5,07/20/2012,376.23413,3.762B,,,,,,
4,07/19/2012,380.34546,4.695B,,,,,,
3,07/18/2012,378.98077,4.175B,,,,,,
2,07/17/2012,378.74573,3.342B,,,,,,
1,07/16/2012,376.14517,4.277B,,,,,,
5,07/13/2012,383.36667,3.673B,,,,,,
4,2012/12/7,384.20334,5.672B,,,,,,
3,2012/11/7,380.79846,3.762B,,,,,,
2,2012/10/7,378.04437,3.555B,,,,,,
1,2012/9/7,379.14661,4.922B,,,,,,
5,2012/6/7,388.42157,4.961B,,,,,,
4,2012/5/7,382.314,3.473B,,,,,,
3,2012/4/7,388.26181,3.445B,,,,,,
2,2012/3/7,388.55469,3.869B,,,,,,
1,2012/2/7,388.24481,4.051B,,,,,,
5,06/29/2012,387.34433,3.799B,,,,,,
4,06/28/2012,381.49991,3.054B,,,,,,
3,06/27/2012,384.86987,3.001B,,,,,,
2,06/26/2012,385.76849,3.173B,,,,,,
1,06/25/2012,385.97794,4.011B,,,,,,
4,06/21/2012,394.63156,3.54B,,,,,,
3,06/20/2012,401.30347,2.985B,,,,,,
2,06/19/2012,402.57108,3.27B,,,,,,
1,06/18/2012,405.94669,3.569B,,,,,,
5,06/15/2012,403.15451,4.279B,,,,,,
4,06/14/2012,401.849,4.025B,,,,,,
3,06/13/2012,406.45056,4.501B,,,,,,
2,2012/12/6,401.38071,3.794B,,,,,,
1,2012/11/6,402.69882,4.01B,,,,,,
5,2012/8/6,395.96698,4.386B,,,,,,
4,2012/7/6,399.40674,3.484B,,,,,,
3,2012/6/6,401.79752,3.386B,,,,,,
2,2012/5/6,401.80298,3.778B,,,,,,
1,2012/4/6,402.04019,5.248B,,,,,,
5,2012/1/6,413.24619,4.419B,,,,,,
4,05/31/2012,413.21936,4.411B,,,,,,
3,05/30/2012,416.09052,5.186B,,,,,,
2,05/29/2012,417.88507,7.214B,,,,,,
1,05/28/2012,412.44403,5.634B,,,,,,
5,05/25/2012,406.06357,3.927B,,,,,,
4,05/24/2012,409.52139,4.284B,,,,,,
3,05/23/2012,413.29642,4.372B,,,,,,
2,05/22/2012,415.74762,4.277B,,,,,,
1,05/21/2012,409.35904,3.86B,,,,,,
5,05/18/2012,406.91412,4.342B,,,,,,
4,05/17/2012,413.41525,4.373B,,,,,,
3,05/16/2012,407.32928,4.328B,,,,,,
2,05/15/2012,414.07593,4.577B,,,,,,
1,05/14/2012,413.69321,5.208B,,,,,,
5,2012/11/5,417.80884,4.101B,,,,,,
4,2012/10/5,420.75815,4.696B,,,,,,
3,2012/9/5,421.10571,5.84B,,,,,,
2,2012/8/5,429.39816,6.311B,,,,,,
1,2012/7/5,431.00339,6.855B,,,,,,
5,2012/4/5,431.40005,6.322B,,,,,,
4,2012/3/5,427.61877,5.936B,,,,,,
3,2012/2/5,426.8107,8.015B,,,,,,
5,04/27/2012,417.02243,4.823B,,,,,,
4,04/26/2012,418.2673,5.897B,,,,,,
3,04/25/2012,417.58606,6.247B,,,,,,
2,04/24/2012,413.13635,7.114B,,,,,,
1,04/23/2012,413.19116,5.866B,,,,,,
5,04/20/2012,416.60147,6.145B,,,,,,
4,04/19/2012,411.83704,4.645B,,,,,,
3,04/18/2012,412.60522,5.869B,,,,,,
2,04/17/2012,403.4863,3.782B,,,,,,
1,04/16/2012,408.18967,4.084B,,,,,,
5,04/13/2012,409.34247,5.309B,,,,,,
4,2012/12/4,407.71448,5.649B,,,,,,
3,2012/11/4,399.61877,4.251B,,,,,,
2,2012/10/4,399.32617,4.134B,,,,,,
1,2012/9/4,395.5589,3.537B,,,,,,
5,2012/6/4,399.54178,4.237B,,,,,,
4,2012/5/4,398.16071,5.433B,,,,,,
5,03/30/2012,389.75311,3.703B,,,,,,
4,03/29/2012,387.68637,4.613B,,,,,,
3,03/28/2012,392.754,5.001B,,,,,,
2,03/27/2012,404.35977,3.594B,,,,,,
1,03/26/2012,405.0856,3.182B,,,,,,
5,03/23/2012,404.93933,4.333B,,,,,,
4,03/22/2012,409.9754,4.493B,,,,,,
3,03/21/2012,409.23428,5.8B,,,,,,
2,03/20/2012,408.84708,5.811B,,,,,,
1,03/19/2012,416.18741,5.765B,,,,,,
5,03/16/2012,414.89728,5.809B,,,,,,
4,03/15/2012,408.41391,7.257B,,,,,,
3,03/14/2012,411.34119,10.843B,,,,,,
2,03/13/2012,423.6908,5.84B,,,,,,
1,2012/12/3,419.48923,6.233B,,,,,,
5,2012/9/3,422.24826,5.526B,,,,,,
4,2012/8/3,417.18097,5.755B,,,,,,
3,2012/7/3,412.29843,5.695B,,,,,,
2,2012/6/3,415.08466,6.245B,,,,,,
1,2012/5/3,422.07431,7.14B,,,,,,
5,2012/2/3,425.4201,6.412B,,,,,,
4,2012/1/3,417.99127,4.215B,,,,,,
3,02/29/2012,418.46335,5.912B,,,,,,
2,02/28/2012,422.67355,7.759B,,,,,,
1,02/27/2012,421.5578,10.151B,,,,,,
5,02/24/2012,420.41357,8.6B,,,,,,
4,02/23/2012,413.73083,7.038B,,,,,,
3,02/22/2012,412.46146,7.638B,,,,,,
2,02/21/2012,406.91943,4.789B,,,,,,
1,02/20/2012,403.50443,5.615B,,,,,,
5,02/17/2012,402.82715,3.899B,,,,,,
4,02/16/2012,402.47476,5.44B,,,,,,
3,02/15/2012,404.73166,5.809B,,,,,,
2,02/14/2012,400.42978,4.043B,,,,,,
1,02/13/2012,401.94641,5.191B,,,,,,
5,2012/10/2,402.55872,6.158B,,,,,,
4,2012/9/2,401.50348,5.93B,,,,,,
3,2012/8/2,401.30093,5.619B,,,,,,
2,2012/7/2,389.55783,3.968B,,,,,,
1,2012/6/2,396.78085,4.508B,,,,,,
5,2012/3/2,397.41357,4.995B,,,,,,
4,2012/2/2,394.39053,4.207B,,,,,,
3,2012/1/2,385.17554,3.502B,,,,,,
2,01/31/2012,390.57581,3.07B,,,,,,
1,01/30/2012,389.69974,4.352B,,,,,,
5,01/20/2012,395.29047,5.453B,,,,,,
4,01/19/2012,390.73483,5.562B,,,,,,
3,01/18/2012,383.62802,6.389B,,,,,,
2,01/17/2012,389.42804,6.421B,,,,,,
1,01/16/2012,371.55853,3.053B,,,,,,
5,01/13/2012,379.05423,4.551B,,,,,,
4,2012/12/1,385.43533,4.712B,,,,,,
3,2012/11/1,385.60675,5.871B,,,,,,
2,2012/10/1,387.61902,8.115B,,,,,,
1,2012/9/1,375.04672,5.473B,,,,,,
5,2012/6/1,362.75256,3.52B,,,,,,
4,2012/5/1,360.74689,4.302B,,,,,,
3,2012/4/1,365.03787,3.434B,,,,,,
5,12/30/2011,372.35773,3.572B,,,,,,
4,12/29/2011,365.86639,3.082B,,,,,,
3,12/28/2011,364.83212,3.282B,,,,,,
2,12/27/2011,364.51886,2.923B,,,,,,
1,12/26/2011,369.60236,2.817B,,,,,,
5,12/23/2011,372.01907,3.307B,,,,,,
4,12/22/2011,370.3472,3.661B,,,,,,
3,12/21/2011,368.74091,3.112B,,,,,,
2,12/20/2011,374.44244,3.234B,,,,,,
1,12/19/2011,376.05994,3.784B,,,,,,
5,12/16/2011,377.01575,3.621B,,,,,,
4,12/15/2011,367.21124,3.67B,,,,,,
3,12/14/2011,376.19333,2.528B,,,,,,
2,12/13/2011,380.23831,3.564B,,,,,,
1,2011/12/12,389.34772,2.186B,,,,,,
5,2011/9/12,395.0546,2.401B,,,,,,
4,2011/8/12,397.41266,2.775B,,,,,,
3,2011/7/12,396.89609,2.323B,,,,,,
2,2011/6/12,397.20621,2.627B,,,,,,
1,2011/5/12,397.60699,3.203B,,,,,,
5,2011/2/12,402.75153,3.215B,,,,,,
4,2011/1/12,405.46344,6.343B,,,,,,
3,11/30/2011,395.26593,4.228B,,,,,,
2,11/29/2011,409.50204,2.998B,,,,,,
1,11/28/2011,403.22177,2.563B,,,,,,
5,11/25/2011,403.22156,2.388B,,,,,,
4,11/24/2011,406.83823,3.027B,,,,,,
3,11/23/2011,406.13141,2.848B,,,,,,
2,11/22/2011,409.94031,2.903B,,,,,,
1,11/21/2011,410.19272,2.794B,,,,,,
5,11/18/2011,409.9165,4.236B,,,,,,
4,11/17/2011,419.08987,3.519B,,,,,,
3,11/16/2011,420.52383,5.589B,,,,,,
2,11/15/2011,432.34882,4.172B,,,,,,
1,11/14/2011,432.64508,4.635B,,,,,,
5,2011/11/11,424.64383,3.66B,,,,,,
4,2011/10/11,425.28601,5.109B,,,,,,
3,2011/9/11,433.67282,4.684B,,,,,,
2,2011/8/11,429.74335,4.778B,,,,,,
1,2011/7/11,430.85092,4.531B,,,,,,
5,2011/4/11,435.78461,6.184B,,,,,,
4,2011/3/11,431.75183,8.466B,,,,,,
3,2011/2/11,431.39011,6.428B,,,,,,
2,2011/1/11,424.20728,5.515B,,,,,,
1,10/31/2011,423.82373,5.034B,,,,,,
5,10/28/2011,425.81885,7.154B,,,,,,
4,10/27/2011,417.77676,4.866B,,,,,,
3,10/26/2011,417.16254,7.299B,,,,,,
2,10/25/2011,412.5108,5.789B,,,,,,
1,10/24/2011,404.16437,4.63B,,,,,,
5,10/21/2011,392.78867,2.981B,,,,,,
4,10/20/2011,394.73361,3.98B,,,,,,
3,10/19/2011,404.94778,3.108B,,,,,,
2,10/18/2011,406.1814,3.933B,,,,,,
1,10/17/2011,418.60135,3.611B,,,,,,
5,10/14/2011,415.75778,3.829B,,,,,,
4,10/13/2011,417.0741,6.028B,,,,,,
3,2011/12/10,415.81631,6.585B,,,,,,
2,2011/11/10,400.25,4.496B,,,,,,
1,2011/10/10,400.89081,2.823B,,,,,,
5,09/30/2011,404.41031,3.195B,,,,,,
4,09/29/2011,404.50504,3.7B,,,,,,
3,09/28/2011,408.30023,3.407B,,,,,,
2,09/27/2011,412.29742,3.494B,,,,,,
1,09/26/2011,407.87323,3.906B,,,,,,
5,09/23/2011,417.88947,4.259B,,,,,,
4,09/22/2011,419.63876,4.705B,,,,,,
3,09/21/2011,434.36179,5.613B,,,,,,
2,09/20/2011,421.32184,2.557B,,,,,,
1,09/19/2011,419.48804,2.905B,,,,,,
5,09/16/2011,428.29636,2.752B,,,,,,
4,09/15/2011,427.14838,3.113B,,,,,,
3,09/14/2011,427.2818,3.038B,,,,,,
2,09/13/2011,425.07742,2.669B,,,,,,
5,2011/9/9,430.65262,2.704B,,,,,,
4,2011/8/9,431.85599,2.681B,,,,,,
3,2011/7/9,434.57233,3.323B,,,,,,
2,2011/6/9,426.14865,2.968B,,,,,,
1,2011/5/9,429.69495,3.196B,,,,,,
5,2011/2/9,439.29654,2.925B,,,,,,
4,2011/1/9,444.28448,3.006B,,,,,,
3,08/31/2011,446.32907,3.207B,,,,,,
2,08/30/2011,445.37888,4.309B,,,,,,
1,08/29/2011,447.07867,4.423B,,,,,,
5,08/26/2011,454.22345,4.555B,,,,,,
4,08/25/2011,454.43457,7.212B,,,,,,
3,08/24/2011,439.82095,3.526B,,,,,,
2,08/23/2011,440.98843,3.256B,,,,,,
1,08/22/2011,434.08347,3.416B,,,,,,
5,08/19/2011,438.97186,4.316B,,,,,,
4,08/18/2011,443.70493,4.071B,,,,,,
3,08/17/2011,451.85028,3.914B,,,,,,
2,08/16/2011,453.96707,5.089B,,,,,,
1,08/15/2011,456.60413,5.972B,,,,,,
5,2011/12/8,449.69739,5.703B,,,,,,
4,2011/11/8,448.30713,5.885B,,,,,,
3,2011/10/8,440.30557,5.857B,,,,,,
2,2011/9/8,435.13669,6.973B,,,,,,
1,2011/8/8,434.10455,7.13B,,,,,,
5,2011/5/8,449.88153,4.92B,,,,,,
4,2011/4/8,459.78241,3.291B,,,,,,
3,2011/3/8,459.2515,3.86B,,,,,,
2,2011/2/8,459.18689,3.893B,,,,,,
1,2011/1/8,462.78864,3.384B,,,,,,
5,07/29/2011,461.71088,4.623B,,,,,,
4,07/28/2011,462.68735,4.806B,,,,,,
3,07/27/2011,465.62967,4.825B,,,,,,
2,07/26/2011,462.17072,4.342B,,,,,,
1,07/25/2011,460.55685,6.695B,,,,,,
5,07/22/2011,475.88531,3.719B,,,,,,
4,07/21/2011,473.84433,4.403B,,,,,,
3,07/20/2011,478.65225,4.406B,,,,,,
2,07/19/2011,478.78058,5.332B,,,,,,
1,07/18/2011,482.72452,6.06B,,,,,,
5,07/15/2011,484.12332,6.147B,,,,,,
4,07/14/2011,482.0896,6.023B,,,,,,
3,07/13/2011,480.10001,5.401B,,,,,,
2,2011/12/7,472.64905,5.701B,,,,,,
1,2011/11/7,481.38391,4.781B,,,,,,
5,2011/8/7,480.96265,5.12B,,,,,,
4,2011/7/7,479.69812,7.171B,,,,,,
3,2011/6/7,481.40259,6.146B,,,,,,
2,2011/5/7,482.85086,6.767B,,,,,,
1,2011/4/7,483.05432,8.031B,,,,,,
5,2011/1/7,471.73892,5.669B,,,,,,
4,06/30/2011,470.93689,6.238B,,,,,,
3,06/29/2011,464.20688,5.338B,,,,,,
2,06/28/2011,470.14343,5.568B,,,,,,
1,06/27/2011,468.6377,6.547B,,,,,,
5,06/24/2011,467.56293,8.528B,,,,,,
4,06/23/2011,457.32761,4.587B,,,,,,
3,06/22/2011,450.02893,3.728B,,,,,,
2,06/21/2011,449.83347,4.199B,,,,,,
1,06/20/2011,443.78693,3.796B,,,,,,
5,06/17/2011,446.70657,4.112B,,,,,,
4,06/16/2011,450.63297,4.107B,,,,,,
3,06/15/2011,457.11627,4.432B,,,,,,
2,06/14/2011,462.34714,5.591B,,,,,,
1,06/13/2011,455.09695,3.831B,,,,,,
5,2011/10/6,457.10239,4.214B,,,,,,
4,2011/9/6,455.85498,4.744B,,,,,,
3,2011/8/6,464.63516,4.286B,,,,,,
2,2011/7/6,463.54913,3.681B,,,,,,
5,2011/3/6,460.91324,3.904B,,,,,,
4,2011/2/6,455.9303,5.256B,,,,,,
3,2011/1/6,463.75009,3.837B,,,,,,
2,05/31/2011,463.26743,3.965B,,,,,,
1,05/30/2011,455.73129,3.459B,,,,,,
5,05/27/2011,456.38504,4.27B,,,,,,
4,05/26/2011,458.82657,3.694B,,,,,,
3,05/25/2011,460.52747,3.914B,,,,,,
2,05/24/2011,465.71606,4.152B,,,,,,
1,05/23/2011,464.75211,5.58B,,,,,,
5,05/20/2011,480.82254,3.847B,,,,,,
4,05/19/2011,479.78091,4.306B,,,,,,
3,05/18/2011,482.63242,3.959B,,,,,,
2,05/17/2011,478.98364,5.112B,,,,,,
1,05/16/2011,476.42261,4.514B,,,,,,
5,05/13/2011,481.43765,4.682B,,,,,,
4,2011/12/5,477.25781,4.869B,,,,,,
3,2011/11/5,484.38086,4.758B,,,,,,
2,2011/10/5,485.7536,4.085B,,,,,,
1,2011/9/5,481.98337,4.594B,,,,,,
5,2011/6/5,480.71768,5.516B,,,,,,
4,2011/5/5,481.45215,5.249B,,,,,,
3,2011/4/5,481.87079,6.654B,,,,,,
2,2011/3/5,494.24081,5.485B,,,,,,
5,04/29/2011,491.8692,5.359B,,,,,,
4,04/28/2011,486.01584,6.483B,,,,,,
3,04/27/2011,492.94305,6.229B,,,,,,
2,04/26/2011,495.32568,5.889B,,,,,,
1,04/25/2011,497.80539,7.41B,,,,,,
5,04/22/2011,507.10608,6.688B,,,,,,
4,04/21/2011,510.83569,7.298B,,,,,,
3,04/20/2011,505.05057,7.216B,,,,,,
2,04/19/2011,504.6799,8.489B,,,,,,
1,04/18/2011,514.54883,8.658B,,,,,,
5,04/15/2011,514.22113,7.833B,,,,,,
4,04/14/2011,513.45978,8.874B,,,,,,
3,04/13/2011,516.12982,8.672B,,,,,,
2,2011/12/4,508.65726,10.137B,,,,,,
1,2011/11/4,509.83084,10.426B,,,,,,
5,2011/8/4,513.11462,7.379B,,,,,,
4,2011/7/4,508.15002,8.45B,,,,,,
3,2011/6/4,505.96991,10.544B,,,,,,
5,2011/1/4,499.82117,6.299B,,,,,,
4,03/31/2011,492.21024,6.436B,,,,,,
3,03/30/2011,496.60349,7.817B,,,,,,
2,03/29/2011,496.60529,10.507B,,,,,,
1,03/28/2011,501.39743,9.738B,,,,,,
5,03/25/2011,502.20792,8.674B,,,,,,
4,03/24/2011,495.87619,6.121B,,,,,,
3,03/23/2011,498.2338,7.196B,,,,,,
2,03/22/2011,491.86737,5.716B,,,,,,
1,03/21/2011,488.51639,5.896B,,,,,,
5,03/18/2011,489.50937,6.098B,,,,,,
4,03/17/2011,486.25095,8.552B,,,,,,
3,03/16/2011,494.3002,7.863B,,,,,,
2,03/15/2011,487.46497,9.573B,,,,,,
1,03/14/2011,496.82831,6.352B,,,,,,
5,2011/11/3,493.93506,6.703B,,,,,,
4,2011/10/3,498.99738,7.781B,,,,,,
3,2011/9/3,508.93347,7.786B,,,,,,
2,2011/8/3,508.08487,8.472B,,,,,,
1,2011/7/3,508.58081,11.819B,,,,,,
5,2011/4/3,498.00775,7.986B,,,,,,
4,2011/3/3,490.36804,10.1B,,,,,,
3,2011/2/3,493.4649,8.079B,,,,,,
2,2011/1/3,495.49292,8.847B,,,,,,
1,02/28/2011,492.9635,7.627B,,,,,,
5,02/25/2011,486.1817,6.142B,,,,,,
4,02/24/2011,485.35022,6.633B,,,,,,
3,02/23/2011,482.89456,7.106B,,,,,,
2,02/22/2011,480.78693,10.764B,,,,,,
1,02/21/2011,496.08783,7.92B,,,,,,
5,02/18/2011,488.87003,7.513B,,,,,,
4,02/17/2011,493.29895,8.869B,,,,,,
3,02/16/2011,493.32224,9.101B,,,,,,
2,02/15/2011,488.32498,10.93B,,,,,,
1,02/14/2011,487.97815,12.067B,,,,,,
5,2011/11/2,473.45319,7.571B,,,,,,
4,2011/10/2,471.27744,6.624B,,,,,,
3,2011/9/2,461.72928,6.002B,,,,,,
2,2011/1/2,466.85626,4.964B,,,,,,
1,01/31/2011,466.49097,6.696B,,,,,,
5,01/28/2011,460.39038,6.281B,,,,,,
4,01/27/2011,459.39072,8.229B,,,,,,
3,01/26/2011,452.23672,4.323B,,,,,,
2,01/25/2011,445.99393,4.881B,,,,,,
1,01/24/2011,448.35818,6.529B,,,,,,
5,01/21/2011,452.99969,7.278B,,,,,,
4,01/20/2011,447.04919,6.079B,,,,,,
3,01/19/2011,462.32175,5.613B,,,,,,
2,01/18/2011,452.33075,4.265B,,,,,,
1,01/17/2011,451.04865,6.655B,,,,,,
5,01/14/2011,469.1748,5.324B,,,,,,
4,01/13/2011,476.02423,5.183B,,,,,,
3,2011/12/1,475.83771,5.819B,,,,,,
2,2011/11/1,472.18524,5.657B,,,,,,
1,2011/10/1,468.26266,6.542B,,,,,,
5,2011/7/1,477.62051,8.399B,,,,,,
4,2011/6/1,476.81927,5.96B,,,,,,
3,2011/5/1,479.67102,7.918B,,,,,,
2,2011/4/1,482.64163,8.528B,,,,,,
5,12/31/2010,474.71979,6.241B,,,,,,
4,12/30/2010,464.20102,5.409B,,,,,,
3,12/29/2010,462.42825,4.511B,,,,,,
2,12/28/2010,459.6261,5.62B,,,,,,
1,12/27/2010,467.47134,6.988B,,,,,,
5,12/24/2010,476.92325,5.503B,,,,,,
4,12/23/2010,479.85056,6.122B,,,,,,
3,12/22/2010,483.67224,6.985B,,,,,,
2,12/21/2010,487.99487,7.975B,,,,,,
1,12/20/2010,476.23898,7.454B,,,,,,
5,12/17/2010,484.11542,4.484B,,,,,,
4,12/16/2010,484.75729,5.669B,,,,,,
3,12/15/2010,487.56104,7.217B,,,,,,
2,12/14/2010,491.35468,8.399B,,,,,,
1,12/13/2010,489.20807,9.553B,,,,,,
5,2010/10/12,474.98529,5.702B,,,,,,
4,2010/9/12,469.04431,6.602B,,,,,,
3,2010/8/12,475.8299,5.942B,,,,,,
2,2010/7/12,481.54364,5.835B,,,,,,
1,2010/6/12,476.14014,5.627B,,,,,,
5,2010/3/12,474.05524,5.04B,,,,,,
4,2010/2/12,473.51929,6.094B,,,,,,
3,2010/1/12,470.52124,4.88B,,,,,,
2,11/30/2010,470.52423,8.558B,,,,,,
1,11/29/2010,478.94333,5.889B,,,,,,
5,11/26/2010,479.16806,6.436B,,,,,,
4,11/25/2010,484.71985,8.329B,,,,,,
3,11/24/2010,477.44211,7.518B,,,,,,
2,11/23/2010,467.60312,7.72B,,,,,,
1,11/22/2010,477.77393,8.297B,,,,,,
5,11/19/2010,478.77792,8.31B,,,,,,
4,11/18/2010,474.54089,6.559B,,,,,,
3,11/17/2010,467.27979,8.307B,,,,,,
2,11/16/2010,477.43353,10.808B,,,,,,
1,11/15/2010,498.81769,10.232B,,,,,,
5,2010/12/11,495.98206,16.04B,,,,,,
4,2010/11/11,529.81555,13.869B,,,,,,
3,2010/10/11,527.47504,11.982B,,,,,,
2,2010/9/11,530.39642,12.22B,,,,,,
1,2010/8/11,531.07141,12.609B,,,,,,
5,2010/5/11,528.9184,13.743B,,,,,,
4,2010/4/11,522.42578,11.659B,,,,,,
3,2010/3/11,512.32623,12.615B,,,,,,
2,2010/2/11,518.54144,15.453B,,,,,,
1,2010/1/11,519.14008,12.586B,,,,,,
5,10/29/2010,506.51627,9.988B,,,,,,
4,10/28/2010,508.0737,9.835B,,,,,,
3,10/27/2010,509.44727,12.376B,,,,,,
2,10/26/2010,520.22211,14.264B,,,,,,
1,10/25/2010,522.8183,14.543B,,,,,,
5,10/22/2010,507.45795,11.636B,,,,,,
4,10/21/2010,507.29596,12.363B,,,,,,
3,10/20/2010,510.1568,16.617B,,,,,,
2,10/19/2010,507.46753,13.004B,,,,,,
1,10/18/2010,497.6084,21.706B,,,,,,
5,10/15/2010,501.06653,19.267B,,,,,,
4,10/14/2010,484.51251,17.88B,,,,,,
3,10/13/2010,482.64862,14.412B,,,,,,
2,2010/12/10,475.35037,12.7B,,,,,,
1,2010/11/10,470.12228,15.842B,,,,,,
5,2010/8/10,456.36569,9.983B,,,,,,
4,09/30/2010,438.80029,6.288B,,,,,,
3,09/29/2010,429.84628,5.668B,,,,,,
2,09/28/2010,430.1145,5.854B,,,,,,
1,09/27/2010,434.0853,4.895B,,,,,,
2,09/21/2010,426.07559,3.569B,,,,,,
1,09/20/2010,424.47949,5.018B,,,,,,
5,09/17/2010,426.116,5.185B,,,,,,
4,09/16/2010,424.92477,7.391B,,,,,,
3,09/15/2010,432.08359,7.147B,,,,,,
2,09/14/2010,439.52106,6.996B,,,,,,
1,09/13/2010,438.09622,6.715B,,,,,,
5,2010/10/9,433.11139,6.492B,,,,,,
4,2010/9/9,431.49762,8.124B,,,,,,
3,2010/8/9,438.74527,7.266B,,,,,,
2,2010/7/9,439.24786,7.309B,,,,,,
1,2010/6/9,438.28668,9.362B,,,,,,
5,2010/3/9,429.20206,7.248B,,,,,,
4,2010/2/9,429.19373,7.055B,,,,,,
3,2010/1/9,423.51346,7.673B,,,,,,
2,08/31/2010,426.28119,6.555B,,,,,,
1,08/30/2010,428.48889,6.544B,,,,,,
5,08/27/2010,420.50104,4.025B,,,,,,
4,08/26/2010,419.37802,4.813B,,,,,,
3,08/25/2010,418.1777,6.32B,,,,,,
2,08/24/2010,428.27283,6.093B,,,,,,
1,08/23/2010,425.97324,4.88B,,,,,,
5,08/20/2010,426.84061,7.145B,,,,,,
4,08/19/2010,435.24417,7.677B,,,,,,
3,08/18/2010,432.49289,7.061B,,,,,,
2,08/17/2010,433.19312,7.615B,,,,,,
1,08/16/2010,429.33926,8.058B,,,,,,
5,08/13/2010,420.18054,5.842B,,,,,,
4,2010/12/8,415.08392,5.978B,,,,,,
3,2010/11/8,420.69534,5.49B,,,,,,
2,2010/10/8,418.28677,7.83B,,,,,,
1,2010/9/8,431.23953,7.46B,,,,,,
5,2010/6/8,427.82504,7.478B,,,,,,
4,2010/5/8,420.84869,6.704B,,,,,,
3,2010/4/8,424.74146,7.11B,,,,,,
2,2010/3/8,423.14645,8.153B,,,,,,
1,2010/2/8,430.64496,7.153B,,,,,,
5,07/30/2010,423.44589,6.242B,,,,,,
4,07/29/2010,424.41138,9.572B,,,,,,
3,07/28/2010,422.44049,7.918B,,,,,,
2,07/27/2010,412.5921,4.965B,,,,,,
1,07/26/2010,414.64047,5.347B,,,,,,
5,07/23/2010,411.93988,6.442B,,,,,,
4,07/22/2010,410.21918,6.091B,,,,,,
3,07/21/2010,405.397,7.052B,,,,,,
2,07/20/2010,404.41113,7.299B,,,,,,
1,07/19/2010,395.7616,5.379B,,,,,,
5,07/16/2010,386.14435,3.501B,,,,,,
4,07/15/2010,384.82245,4.036B,,,,,,
3,07/14/2010,391.70551,4.66B,,,,,,
2,07/13/2010,388.98465,4.314B,,,,,,
1,2010/12/7,395.24124,5.836B,,,,,,
5,2010/9/7,390.77414,5.837B,,,,,,
4,2010/8/7,380.13681,3.392B,,,,,,
3,2010/7/7,380.65747,3.56B,,,,,,
2,2010/6/7,378.1709,3.962B,,,,,,
1,2010/5/7,370.82721,3.21B,,,,,,
5,2010/2/7,374.23096,4.484B,,,,,,
4,2010/1/7,372.46698,3.272B,,,,,,
3,06/30/2010,377.95587,3.537B,,,,,,
2,06/29/2010,381.30823,4.861B,,,,,,
1,06/28/2010,399.93774,2.756B,,,,,,
5,06/25/2010,402.80981,3.059B,,,,,,
4,06/24/2010,405.53232,2.916B,,,,,,
3,06/23/2010,404.92264,3.553B,,,,,,
2,06/22/2010,408.60147,3.902B,,,,,,
1,06/21/2010,409.0654,5.516B,,,,,,
5,06/18/2010,394.89798,4.173B,,,,,,
4,06/17/2010,401.62436,3.255B,,,,,,
5,2010/11/6,403.7562,4.047B,,,,,,
4,2010/10/6,402.59164,4.281B,,,,,,
3,2010/9/6,407.45346,6.002B,,,,,,
2,2010/8/6,395.21756,3.502B,,,,,,
1,2010/7/6,394.65274,3.946B,,,,,,
5,2010/4/6,401.8848,3.269B,,,,,,
4,2010/3/6,400.71411,3.951B,,,,,,
3,2010/2/6,403.7966,3.95B,,,,,,
2,2010/1/6,401.76892,4.476B,,,,,,
1,05/31/2010,406.16052,4.612B,,,,,,
5,05/28/2010,417.24152,5.143B,,,,,,
4,05/27/2010,418.75003,5.333B,,,,,,
3,05/26/2010,412.11835,3.977B,,,,,,
2,05/25/2010,411.93719,5.499B,,,,,,
1,05/24/2010,420.8053,7.435B,,,,,,
5,05/21/2010,405.547,5.436B,,,,,,
4,05/20/2010,399.2475,4.206B,,,,,,
3,05/19/2010,404.57187,4.547B,,,,,,
2,05/18/2010,405.91559,5.439B,,,,,,
1,05/17/2010,397.60315,5.204B,,,,,,
5,05/14/2010,420.11237,4.242B,,,,,,
4,05/13/2010,422.81717,5.503B,,,,,,
3,2010/12/5,412.77811,5.289B,,,,,,
2,2010/11/5,410.1958,5.823B,,,,,,
1,2010/10/5,418.69669,5.021B,,,,,,
5,2010/7/5,415.60413,6.1B,,,,,,
4,2010/6/5,424.3483,5.865B,,,,,,
3,2010/5/5,444.76257,5.957B,,,,,,
2,2010/4/5,442.34531,4.117B,,,,,,
5,04/30/2010,449.4176,5.437B,,,,,,
4,04/29/2010,448.30191,4.814B,,,,,,
3,04/28/2010,453.80466,4.588B,,,,,,
2,04/27/2010,455.39117,6.511B,,,,,,
1,04/26/2010,464.65253,5.078B,,,,,,
5,04/23/2010,467.33124,6.113B,,,,,,
4,04/22/2010,469.02155,7.093B,,,,,,
3,04/21/2010,474.09976,6.679B,,,,,,
2,04/20/2010,464.89511,6.4B,,,,,,
1,04/19/2010,465.34177,8.819B,,,,,,
5,04/16/2010,491.69101,4.704B,,,,,,
4,04/15/2010,497.30063,6.093B,,,,,,
3,04/14/2010,498.63858,6.018B,,,,,,
2,04/13/2010,496.88193,7.973B,,,,,,
1,2010/12/4,491.0087,7.441B,,,,,,
5,2010/9/4,495.04395,5.116B,,,,,,
4,2010/8/4,490.29358,6.204B,,,,,,
3,2010/7/4,496.18356,5.39B,,,,,,
2,2010/6/4,498.86386,6.505B,,,,,,
5,2010/2/4,499.20096,6.887B,,,,,,
4,2010/1/4,496.89218,6.758B,,,,,,
3,03/31/2010,490.09113,5.301B,,,,,,
2,03/30/2010,493.23273,5.632B,,,,,,
1,03/29/2010,491.99286,8.452B,,,,,,
5,03/26/2010,479.7132,4.732B,,,,,,
4,03/25/2010,472.95908,4.485B,,,,,,
3,03/24/2010,479.97845,4.444B,,,,,,
2,03/23/2010,479.84604,4.643B,,,,,,
1,03/22/2010,483.78812,4.932B,,,,,,
5,03/19/2010,482.51242,4.594B,,,,,,
4,03/18/2010,478.68549,4.677B,,,,,,
3,03/17/2010,479.62439,4.567B,,,,,,
2,03/16/2010,469.3844,3.076B,,,,,,
1,03/15/2010,466.33212,3.773B,,,,,,
5,2010/12/3,473.68338,3.983B,,,,,,
4,2010/11/3,479.99078,4.736B,,,,,,
3,2010/10/3,480.47787,4.616B,,,,,,
2,2010/9/3,484.28329,5.4B,,,,,,
1,2010/8/3,481.39255,4.128B,,,,,,
5,2010/5/3,477.51614,4.505B,,,,,,
4,2010/4/3,476.17676,6.882B,,,,,,
3,2010/3/3,488.59927,6.04B,,,,,,
2,2010/2/3,485.05618,5.688B,,,,,,
1,2010/1/3,487.0022,6.029B,,,,,,
5,02/26/2010,480.75974,5.19B,,,,,,
4,02/25/2010,482.2359,6.735B,,,,,,
3,02/24/2010,475.24286,4.979B,,,,,,
2,02/23/2010,468.479,4.26B,,,,,,
1,02/22/2010,473.65302,3.812B,,,,,,
5,2010/12/2,475.81998,3.396B,,,,,,
4,2010/11/2,471.1904,3.567B,,,,,,
3,2010/10/2,470.79684,3.412B,,,,,,
2,2010/9/2,464.23456,3.583B,,,,,,
1,2010/8/2,461.56827,3.727B,,,,,,
5,2010/5/2,461.84866,5.895B,,,,,,
4,2010/4/2,471.48117,5.884B,,,,,,
3,2010/3/2,473.22617,6.465B,,,,,,
2,2010/2/2,460.85178,5.002B,,,,,,
1,2010/1/2,461.77271,5.684B,,,,,,
5,01/29/2010,469.34949,5.007B,,,,,,
4,01/28/2010,469.69635,4.686B,,,,,,
3,01/27/2010,468.53079,5.254B,,,,,,
2,01/26/2010,475.00287,6.154B,,,,,,
1,01/25/2010,487.48538,5.211B,,,,,,
5,01/22/2010,493.0784,8.855B,,,,,,
4,01/21/2010,499.29309,7.011B,,,,,,
3,01/20/2010,497.19998,9.152B,,,,,,
2,01/19/2010,513.73615,7.455B,,,,,,
1,01/18/2010,512.78552,8.24B,,,,,,
5,01/15/2010,510.14926,7.219B,,,,,,
4,01/14/2010,508.11462,8.278B,,,,,,
3,01/13/2010,501.11966,11.201B,,,,,,
2,2010/12/1,517.78467,9.312B,,,,,,
1,2010/11/1,510.08615,8.98B,,,,,,
5,2010/8/1,509.72244,6.065B,,,,,,
4,2010/7/1,508.4371,8.014B,,,,,,
3,2010/6/1,518.75195,7.827B,,,,,,
2,2010/5/1,522.0351,8.56B,,,,,,
1,2010/4/1,517.8078,6.591B,,,,,,
4,12/31/2009,523.7486,6.906B,,,,,,
3,12/30/2009,521.42133,8.811B,,,,,,
2,12/29/2009,512.59802,5.518B,,,,,,
1,12/28/2009,509.25012,5.522B,,,,,,
5,12/25/2009,501.638,4.681B,,,,,,
4,12/24/2009,503.63458,6.424B,,,,,,
3,12/23/2009,488.61813,4.795B,,,,,,
2,12/22/2009,484.10876,5.381B,,,,,,
1,12/21/2009,497.41846,4.823B,,,,,,
5,12/18/2009,496.73917,6.592B,,,,,,
4,12/17/2009,509.64371,6.311B,,,,,,
3,12/16/2009,521.4884,5.68B,,,,,,
2,12/15/2009,524.80096,6.899B,,,,,,
1,12/14/2009,529.09302,8.351B,,,,,,
5,2009/11/12,523.61298,5.44B,,,,,,
