Date,Adj Close,Volume,Return,,,,,,,,,,,,,,,,,,,,,
2015-01-02,308.519989,2783200,,,,,,,,,,,,,,,,,,,,,,
2015-01-05,302.190002,2774200,-0.020517267,,,,,,,,,,,,,,,,,,,,,
2015-01-06,295.290009,3519000,-0.022833293,,,,,,,,,,,,,,,,,,,,,
2015-01-07,298.420013,2640300,0.010599763,,,,,,,,,,,,,,,,,,,,,
2015-01-08,300.459991,3088400,0.006835929,,,,,,,,,,,,,,,,,,,,,
2015-01-09,296.929993,2592400,-0.011748646,,,,,,,,,,,,,,,,,,,,,
2015-01-12,291.410004,3421400,-0.018590204,,,,,,,,,,,,,,,,,,,,,
2015-01-13,294.73999,4136400,0.011427151,,,,,,,,,,,,,,,,,,,,,
2015-01-14,293.269989,5538700,-0.00498745,,,,,,,,,,,,,,,,,,,,,
2015-01-15,286.950012,4419200,-0.02155003,,,,,,,,,,,,,,,,,,,,,
2015-01-16,290.73999,3478200,0.013207799,,,,,,,,,,,,,,,,,,,,,
2015-01-20,289.440002,3075100,-0.004471308,,,,,,,,,,,,,,,,,,,,,
2015-01-21,297.25,10065100,0.026983133,,,,,,,,,,,,,,,,,,,,,
2015-01-22,310.320007,5362600,0.043969746,,,,,,,,,,,,,,,,,,,,,
2015-01-23,312.390015,4496400,0.006670559,,,,,,,,,,,,,,,,,,,,,
2015-01-26,309.660004,3169700,-0.008739111,,,,,,,,,,,,,,,,,,,,,
2015-01-27,306.75,2920300,-0.009397416,,,,,,,,,,,,,,,,,,,,,
2015-01-28,303.910004,3063800,-0.009258341,,,,,,,,,,,,,,,,,,,,,
2015-01-29,311.779999,8656600,0.025895808,,,,,,,,,,,,,,,,,,,,,
2015-01-30,354.529999,23856100,0.137115916,,,,,,,,,,,,,,,,,,,,,
2015-02-02,364.470001,10231900,0.028037125,,,,,,,,,,,,,,,,,,,,,
2015-02-03,363.549988,6212600,-0.002524249,,,,,,,,,,,,,,,,,,,,,
2015-02-04,364.75,4169900,0.003300817,,,,,,,,,,,,,,,,,,,,,
2015-02-05,373.890015,7247600,0.0250583,,,,,,,,,,,,,,,,,,,,,
2015-02-06,374.279999,3892400,0.001043045,,,,,,,,,,,,,,,,,,,,,
2015-02-09,370.559998,2724600,-0.009939086,,,,,,,,,,,,,,,,,,,,,
2015-02-10,373,2287200,0.006584634,,,,,,,,,,,,,,,,,,,,,
2015-02-11,375.140015,2786500,0.005737306,,,,,,,,,,,,,,,,,,,,,
2015-02-12,377.170013,2791100,0.005411308,,,,,,,,,,,,,,,,,,,,,
2015-02-13,381.829987,3475100,0.012355102,,,,,,,,,,,,,,,,,,,,,
2015-02-17,375.429993,3673200,-0.016761371,,,,,,,,,,,,,,,,,,,,,
2015-02-18,373.369995,2650600,-0.005487036,,,,,,,,,,,,,,,,,,,,,
2015-02-19,379,2953800,0.01507889,,,,,,,,,,,,,,,,,,,,,
2015-02-20,383.660004,3258000,0.012295525,,,,,,,,,,,,,,,,,,,,,
2015-02-23,380.140015,2177000,-0.009174761,,,,,,,,,,,,,,,,,,,,,
2015-02-24,378.589996,1920800,-0.004077495,,,,,,,,,,,,,,,,,,,,,
2015-02-25,385.369995,3174500,0.017908553,,,,,,,,,,,,,,,,,,,,,
2015-02-26,384.799988,2687100,-0.001479116,,,,,,,,,,,,,,,,,,,,,
2015-02-27,380.160004,2532300,-0.012058171,,,,,,,,,,,,,,,,,,,,,
2015-03-02,385.660004,2139200,0.014467592,,,,,,,,,,,,,,,,,,,,,
2015-03-03,384.609985,1946500,-0.002722655,,,,,,,,,,,,,,,,,,,,,
2015-03-04,382.720001,2259100,-0.004914027,,,,,,,,,,,,,,,,,,,,,
2015-03-05,387.829987,2693500,0.013351761,,,,,,,,,,,,,,,,,,,,,
2015-03-06,380.089996,2627000,-0.019957175,,,,,,,,,,,,,,,,,,,,,
2015-03-09,378.559998,2311400,-0.004025357,,,,,,,,,,,,,,,,,,,,,
2015-03-10,369.51001,3121000,-0.023906351,,,,,,,,,,,,,,,,,,,,,
2015-03-11,366.369995,2495100,-0.008497781,,,,,,,,,,,,,,,,,,,,,
2015-03-12,374.23999,2810000,0.021481003,,,,,,,,,,,,,,,,,,,,,
2015-03-13,370.579987,2611700,-0.009779829,,,,,,,,,,,,,,,,,,,,,
2015-03-16,373.350006,2354100,0.007474821,,,,,,,,,,,,,,,,,,,,,
2015-03-17,371.920013,2037000,-0.003830167,,,,,,,,,,,,,,,,,,,,,
2015-03-18,375.140015,2654100,0.008657781,,,,,,,,,,,,,,,,,,,,,
2015-03-19,373.23999,1915700,-0.005064842,,,,,,,,,,,,,,,,,,,,,
2015-03-20,378.48999,3763600,0.014066017,,,,,,,,,,,,,,,,,,,,,
2015-03-23,375.109985,2239300,-0.008930236,,,,,,,,,,,,,,,,,,,,,
2015-03-24,374.089996,2228200,-0.002719173,,,,,,,,,,,,,,,,,,,,,
2015-03-25,370.959991,3429500,-0.008366984,,,,,,,,,,,,,,,,,,,,,
2015-03-26,367.350006,2930000,-0.009731467,,,,,,,,,,,,,,,,,,,,,
2015-03-27,370.559998,2609800,0.008738239,,,,,,,,,,,,,,,,,,,,,
2015-03-30,374.589996,1820900,0.010875426,,,,,,,,,,,,,,,,,,,,,
2015-03-31,372.100006,2506100,-0.006647241,,,,,,,,,,,,,,,,,,,,,
2015-04-01,370.26001,2458100,-0.004944896,,,,,,,,,,,,,,,,,,,,,
2015-04-02,372.25,1875300,0.005374574,,,,,,,,,,,,,,,,,,,,,
2015-04-06,377.040009,3050700,0.012867721,,,,,,,,,,,,,,,,,,,,,
2015-04-07,374.410004,1954900,-0.0069754,,,,,,,,,,,,,,,,,,,,,
2015-04-08,381.200012,2636400,0.018135221,,,,,,,,,,,,,,,,,,,,,
2015-04-09,383.540009,2392300,0.006138502,,,,,,,,,,,,,,,,,,,,,
2015-04-10,382.649994,2573500,-0.002320527,,,,,,,,,,,,,,,,,,,,,
2015-04-13,382.359985,1894500,-0.000757896,,,,,,,,,,,,,,,,,,,,,
2015-04-14,385.109985,2583600,0.007192175,,,,,,,,,,,,,,,,,,,,,
2015-04-15,383.450012,1933200,-0.004310387,,,,,,,,,,,,,,,,,,,,,
2015-04-16,386.040009,2080400,0.006754458,,,,,,,,,,,,,,,,,,,,,
2015-04-17,375.559998,3839700,-0.027147474,,,,,,,,,,,,,,,,,,,,,
2015-04-20,389.51001,5016100,0.037144563,,,,,,,,,,,,,,,,,,,,,
2015-04-21,391.179993,4643500,0.004287394,,,,,,,,,,,,,,,,,,,,,
2015-04-22,389.799988,3474700,-0.003527801,,,,,,,,,,,,,,,,,,,,,
2015-04-23,389.98999,7980000,0.000487435,,,,,,,,,,,,,,,,,,,,,
2015-04-24,445.100006,17176900,0.14131136,,,,,,,,,,,,,,,,,,,,,
2015-04-27,438.559998,5430900,-0.014693345,,,,,,,,,,,,,,,,,,,,,
2015-04-28,429.309998,4140500,-0.021091755,,,,,,,,,,,,,,,,,,,,,
2015-04-29,429.369995,3621700,0.000139752,,,,,,,,,,,,,,,,,,,,,
2015-04-30,421.779999,3647900,-0.017677053,,,,,,,,,,,,,,,,,,,,,
2015-05-01,422.869995,3565800,0.002584276,,,,,,,,,,,,,,,,,,,,,
2015-05-04,423.040009,2270400,0.000402048,,,,,,,,,,,,,,,,,,,,,
2015-05-05,421.190002,2856400,-0.004373125,,,,,,,,,,,,,,,,,,,,,
2015-05-06,419.100006,2552500,-0.004962122,,,,,,,,,,,,,,,,,,,,,
2015-05-07,426.880005,2766100,0.018563586,,,,,,,,,,,,,,,,,,,,,
2015-05-08,433.690002,2908800,0.015952954,,,,,,,,,,,,,,,,,,,,,
2015-05-11,432.850006,2393700,-0.001936858,,,,,,,,,,,,,,,,,,,,,
2015-05-12,431.019989,1947800,-0.004227832,,,,,,,,,,,,,,,,,,,,,
2015-05-13,426.869995,1996300,-0.00962831,,,,,,,,,,,,,,,,,,,,,
2015-05-14,432.279999,1888500,0.012673657,,,,,,,,,,,,,,,,,,,,,
2015-05-15,426,4240300,-0.014527619,,,,,,,,,,,,,,,,,,,,,
2015-05-18,425.23999,2390200,-0.001784061,,,,,,,,,,,,,,,,,,,,,
2015-05-19,421.709991,2464200,-0.008301192,,,,,,,,,,,,,,,,,,,,,
2015-05-20,423.859985,2196200,0.005098276,,,,,,,,,,,,,,,,,,,,,
2015-05-21,431.630005,4121400,0.018331572,,,,,,,,,,,,,,,,,,,,,
2015-05-22,427.630005,2020600,-0.009267196,,,,,,,,,,,,,,,,,,,,,
2015-05-26,425.470001,2244200,-0.005051105,,,,,,,,,,,,,,,,,,,,,
2015-05-27,431.420013,2231100,0.013984563,,,,,,,,,,,,,,,,,,,,,
2015-05-28,426.570007,1912400,-0.011241959,,,,,,,,,,,,,,,,,,,,,
2015-05-29,429.230011,3016100,0.006235797,,,,,,,,,,,,,,,,,,,,,
2015-06-01,430.920013,2253300,0.003937288,,,,,,,,,,,,,,,,,,,,,
2015-06-02,430.98999,1668900,0.00016239,,,,,,,,,,,,,,,,,,,,,
2015-06-03,436.589996,2727900,0.012993355,,,,,,,,,,,,,,,,,,,,,
2015-06-04,430.779999,2510800,-0.013307673,,,,,,,,,,,,,,,,,,,,,
2015-06-05,426.950012,1907900,-0.008890819,,,,,,,,,,,,,,,,,,,,,
2015-06-08,423.5,2172500,-0.008080599,,,,,,,,,,,,,,,,,,,,,
2015-06-09,425.480011,2288700,0.004675351,,,,,,,,,,,,,,,,,,,,,
2015-06-10,430.769989,2172300,0.012432965,,,,,,,,,,,,,,,,,,,,,
2015-06-11,432.970001,2922500,0.005107162,,,,,,,,,,,,,,,,,,,,,
2015-06-12,429.920013,2054400,-0.00704434,,,,,,,,,,,,,,,,,,,,,
2015-06-15,423.670013,2051000,-0.014537588,,,,,,,,,,,,,,,,,,,,,
2015-06-16,427.26001,2296400,0.008473569,,,,,,,,,,,,,,,,,,,,,
2015-06-17,427.809998,2185900,0.001287244,,,,,,,,,,,,,,,,,,,,,
2015-06-18,439.390015,3378400,0.027068131,,,,,,,,,,,,,,,,,,,,,
2015-06-19,434.920013,4495100,-0.010173199,,,,,,,,,,,,,,,,,,,,,
2015-06-22,436.290009,1823600,0.003149995,,,,,,,,,,,,,,,,,,,,,
2015-06-23,445.98999,3245000,0.022232874,,,,,,,,,,,,,,,,,,,,,
2015-06-24,440.839996,2620800,-0.011547331,,,,,,,,,,,,,,,,,,,,,
2015-06-25,440.100006,2237500,-0.001678591,,,,,,,,,,,,,,,,,,,,,
2015-06-26,438.100006,2624500,-0.004544422,,,,,,,,,,,,,,,,,,,,,
2015-06-29,429.859985,2753200,-0.018808539,,,,,,,,,,,,,,,,,,,,,
2015-06-30,434.089996,2596900,0.009840439,,,,,,,,,,,,,,,,,,,,,
2015-07-01,437.390015,1987100,0.007602154,,,,,,,,,,,,,,,,,,,,,
2015-07-02,437.709991,1343400,0.000731558,,,,,,,,,,,,,,,,,,,,,
2015-07-06,436.040009,1903200,-0.00381527,,,,,,,,,,,,,,,,,,,,,
2015-07-07,436.720001,3454200,0.001559472,,,,,,,,,,,,,,,,,,,,,
2015-07-08,429.700012,2383100,-0.016074347,,,,,,,,,,,,,,,,,,,,,
2015-07-09,434.390015,2271400,0.010914598,,,,,,,,,,,,,,,,,,,,,
2015-07-10,443.51001,2401000,0.020994946,,,,,,,,,,,,,,,,,,,,,
2015-07-13,455.570007,3956800,0.027192164,,,,,,,,,,,,,,,,,,,,,
2015-07-14,465.570007,4736200,0.021950523,,,,,,,,,,,,,,,,,,,,,
2015-07-15,461.190002,2987400,-0.009407833,,,,,,,,,,,,,,,,,,,,,
2015-07-16,475.480011,4095600,0.03098508,,,,,,,,,,,,,,,,,,,,,
2015-07-17,483.01001,4932200,0.015836626,,,,,,,,,,,,,,,,,,,,,
2015-07-20,488.100006,4752500,0.010538076,,,,,,,,,,,,,,,,,,,,,
2015-07-21,488,3181800,-0.000204888,,,,,,,,,,,,,,,,,,,,,
2015-07-22,488.269989,3114900,0.000553256,,,,,,,,,,,,,,,,,,,,,
2015-07-23,482.179993,9374400,-0.012472599,,,,,,,,,,,,,,,,,,,,,
2015-07-24,529.419983,21909400,0.097971692,,,,,,,,,,,,,,,,,,,,,
2015-07-27,531.409973,7491000,0.003758812,,,,,,,,,,,,,,,,,,,,,
2015-07-28,526.030029,5273100,-0.010123905,,,,,,,,,,,,,,,,,,,,,
2015-07-29,529,3752600,0.00564601,,,,,,,,,,,,,,,,,,,,,
2015-07-30,536.76001,3743100,0.014669206,,,,,,,,,,,,,,,,,,,,,
2015-07-31,536.150024,3025600,-0.001136422,,,,,,,,,,,,,,,,,,,,,
2015-08-03,535.030029,3014200,-0.002088958,,,,,,,,,,,,,,,,,,,,,
2015-08-04,531.900024,2934600,-0.005850148,,,,,,,,,,,,,,,,,,,,,
2015-08-05,537.01001,2889400,0.009607042,,,,,,,,,,,,,,,,,,,,,
2015-08-06,529.460022,3820500,-0.014059306,,,,,,,,,,,,,,,,,,,,,
2015-08-07,522.619995,3969200,-0.012918873,,,,,,,,,,,,,,,,,,,,,
2015-08-10,524,2615900,0.002640551,,,,,,,,,,,,,,,,,,,,,
2015-08-11,527.460022,2676600,0.006603095,,,,,,,,,,,,,,,,,,,,,
2015-08-12,525.909973,3962300,-0.002938704,,,,,,,,,,,,,,,,,,,,,
2015-08-13,529.659973,2895200,0.007130498,,,,,,,,,,,,,,,,,,,,,
2015-08-14,531.52002,1994800,0.003511776,,,,,,,,,,,,,,,,,,,,,
2015-08-17,535.219971,2581700,0.006961076,,,,,,,,,,,,,,,,,,,,,
2015-08-18,535.02002,2071300,-0.000373587,,,,,,,,,,,,,,,,,,,,,
2015-08-19,532.919983,2324000,-0.003925156,,,,,,,,,,,,,,,,,,,,,
2015-08-20,515.780029,4408000,-0.032162341,,,,,,,,,,,,,,,,,,,,,
2015-08-21,494.470001,6706500,-0.041316117,,,,,,,,,,,,,,,,,,,,,
2015-08-24,463.369995,10097600,-0.062895638,,,,,,,,,,,,,,,,,,,,,
2015-08-25,466.369995,5679300,0.006474308,,,,,,,,,,,,,,,,,,,,,
2015-08-26,500.769989,6358600,0.073761165,,,,,,,,,,,,,,,,,,,,,
2015-08-27,518.369995,6114500,0.035145888,,,,,,,,,,,,,,,,,,,,,
2015-08-28,518.01001,2746700,-0.000694456,,,,,,,,,,,,,,,,,,,,,
2015-08-31,512.890015,3002300,-0.009883969,,,,,,,,,,,,,,,,,,,,,
2015-09-01,496.540009,3864500,-0.031878191,,,,,,,,,,,,,,,,,,,,,
2015-09-02,510.549988,3707100,0.028215207,,,,,,,,,,,,,,,,,,,,,
2015-09-03,504.720001,3149700,-0.011419033,,,,,,,,,,,,,,,,,,,,,
2015-09-04,499,2692500,-0.011333018,,,,,,,,,,,,,,,,,,,,,
2015-09-08,517.539978,3810700,0.037154265,,,,,,,,,,,,,,,,,,,,,
2015-09-09,516.890015,4370700,-0.00125587,,,,,,,,,,,,,,,,,,,,,
2015-09-10,522.23999,2576000,0.010350316,,,,,,,,,,,,,,,,,,,,,
2015-09-11,529.440002,3227900,0.013786788,,,,,,,,,,,,,,,,,,,,,
2015-09-14,521.380005,3130200,-0.015223627,,,,,,,,,,,,,,,,,,,,,
2015-09-15,522.369995,2865900,0.001898788,,,,,,,,,,,,,,,,,,,,,
2015-09-16,527.390015,2252800,0.009610085,,,,,,,,,,,,,,,,,,,,,
2015-09-17,538.869995,4169500,0.021767534,,,,,,,,,,,,,,,,,,,,,
2015-09-18,540.26001,6160100,0.0025795,,,,,,,,,,,,,,,,,,,,,
2015-09-21,548.390015,3283300,0.015048319,,,,,,,,,,,,,,,,,,,,,
2015-09-22,538.400024,3841700,-0.018216945,,,,,,,,,,,,,,,,,,,,,
2015-09-23,536.070007,2237600,-0.004327669,,,,,,,,,,,,,,,,,,,,,
2015-09-24,533.75,3501000,-0.004327806,,,,,,,,,,,,,,,,,,,,,
2015-09-25,524.25,4031000,-0.017798595,,,,,,,,,,,,,,,,,,,,,
2015-09-28,504.059998,5434500,-0.038512164,,,,,,,,,,,,,,,,,,,,,
2015-09-29,496.070007,4457500,-0.01585127,,,,,,,,,,,,,,,,,,,,,
2015-09-30,511.890015,4004700,0.031890676,,,,,,,,,,,,,,,,,,,,,
2015-10-01,520.719971,3768500,0.017249713,,,,,,,,,,,,,,,,,,,,,
2015-10-02,532.539978,4597800,0.022699354,,,,,,,,,,,,,,,,,,,,,
2015-10-05,543.679993,3391400,0.020918645,,,,,,,,,,,,,,,,,,,,,
2015-10-06,537.47998,4502800,-0.011403791,,,,,,,,,,,,,,,,,,,,,
2015-10-07,541.940002,3812100,0.008298024,,,,,,,,,,,,,,,,,,,,,
2015-10-08,533.159973,4676400,-0.016201109,,,,,,,,,,,,,,,,,,,,,
2015-10-09,539.799988,3537400,0.012454076,,,,,,,,,,,,,,,,,,,,,
2015-10-12,550.190002,2776100,0.019247896,,,,,,,,,,,,,,,,,,,,,
2015-10-13,548.900024,2938000,-0.002344605,,,,,,,,,,,,,,,,,,,,,
2015-10-14,544.830017,3582100,-0.007414842,,,,,,,,,,,,,,,,,,,,,
2015-10-15,562.440002,4937000,0.03232198,,,,,,,,,,,,,,,,,,,,,
2015-10-16,570.76001,4315800,0.014792703,,,,,,,,,,,,,,,,,,,,,
2015-10-19,573.150024,4375400,0.004187424,,,,,,,,,,,,,,,,,,,,,
2015-10-20,560.880005,4346200,-0.021408041,,,,,,,,,,,,,,,,,,,,,
2015-10-21,555.77002,3343600,-0.009110656,,,,,,,,,,,,,,,,,,,,,
2015-10-22,563.909973,7779400,0.014646261,,,,,,,,,,,,,,,,,,,,,
2015-10-23,599.030029,10692700,0.062279544,,,,,,,,,,,,,,,,,,,,,
2015-10-26,608.609985,4269700,0.015992447,,,,,,,,,,,,,,,,,,,,,
2015-10-27,611.01001,3787100,0.003943453,,,,,,,,,,,,,,,,,,,,,
2015-10-28,617.099976,3926200,0.009967048,,,,,,,,,,,,,,,,,,,,,
2015-10-29,626.549988,3896000,0.015313583,,,,,,,,,,,,,,,,,,,,,
2015-10-30,625.900024,3874400,-0.00103737,,,,,,,,,,,,,,,,,,,,,
2015-11-02,628.349976,2816500,0.003914286,,,,,,,,,,,,,,,,,,,,,
2015-11-03,625.309998,3246900,-0.004838033,,,,,,,,,,,,,,,,,,,,,
2015-11-04,640.950012,4840500,0.025011617,,,,,,,,,,,,,,,,,,,,,
2015-11-05,655.650024,4723800,0.022934725,,,,,,,,,,,,,,,,,,,,,
2015-11-06,659.369995,4092200,0.005673714,,,,,,,,,,,,,,,,,,,,,
2015-11-09,655.48999,4048800,-0.005884412,,,,,,,,,,,,,,,,,,,,,
2015-11-10,659.679993,3489500,0.006392169,,,,,,,,,,,,,,,,,,,,,
2015-11-11,673.25,5387300,0.020570591,,,,,,,,,,,,,,,,,,,,,
2015-11-12,665.599976,4284700,-0.011362828,,,,,,,,,,,,,,,,,,,,,
2015-11-13,642.349976,6261100,-0.034930891,,,,,,,,,,,,,,,,,,,,,
2015-11-16,647.809998,7435900,0.008500073,,,,,,,,,,,,,,,,,,,,,
2015-11-17,643.299988,4320200,-0.006961933,,,,,,,,,,,,,,,,,,,,,
2015-11-18,663.539978,4469800,0.031462755,,,,,,,,,,,,,,,,,,,,,
2015-11-19,661.27002,4705200,-0.003420982,,,,,,,,,,,,,,,,,,,,,
2015-11-20,668.450012,3896100,0.010857882,,,,,,,,,,,,,,,,,,,,,
2015-11-23,678.98999,4385100,0.015767788,,,,,,,,,,,,,,,,,,,,,
2015-11-24,671.150024,4543400,-0.011546512,,,,,,,,,,,,,,,,,,,,,
2015-11-25,675.340027,2697900,0.00624302,,,,,,,,,,,,,,,,,,,,,
2015-11-27,673.26001,1966800,-0.003079955,,,,,,,,,,,,,,,,,,,,,
2015-11-30,664.799988,5693200,-0.012565757,,,,,,,,,,,,,,,,,,,,,
2015-12-01,679.059998,4751200,0.021450076,,,,,,,,,,,,,,,,,,,,,
2015-12-02,676.01001,4273500,-0.004491485,,,,,,,,,,,,,,,,,,,,,
2015-12-03,666.25,5064700,-0.014437671,,,,,,,,,,,,,,,,,,,,,
2015-12-04,672.640015,4534800,0.009591017,,,,,,,,,,,,,,,,,,,,,
2015-12-07,669.830017,3732800,-0.004177566,,,,,,,,,,,,,,,,,,,,,
2015-12-08,677.330017,3651900,0.011196871,,,,,,,,,,,,,,,,,,,,,
2015-12-09,664.789978,5158200,-0.018513928,,,,,,,,,,,,,,,,,,,,,
2015-12-10,662.320007,3455500,-0.003715416,,,,,,,,,,,,,,,,,,,,,
2015-12-11,640.150024,5474400,-0.03347322,,,,,,,,,,,,,,,,,,,,,
2015-12-14,657.909973,4329700,0.027743417,,,,,,,,,,,,,,,,,,,,,
2015-12-15,658.640015,4753400,0.001109638,,,,,,,,,,,,,,,,,,,,,
2015-12-16,675.77002,3964500,0.026008145,,,,,,,,,,,,,,,,,,,,,
2015-12-17,670.650024,3681600,-0.007576536,,,,,,,,,,,,,,,,,,,,,
2015-12-18,664.140015,6841300,-0.009707014,,,,,,,,,,,,,,,,,,,,,
2015-12-21,664.51001,3250900,0.000557104,,,,,,,,,,,,,,,,,,,,,
2015-12-22,663.150024,2667800,-0.0020466,,,,,,,,,,,,,,,,,,,,,
2015-12-23,663.700012,2722900,0.000829357,,,,,,,,,,,,,,,,,,,,,
2015-12-24,662.789978,1091200,-0.001371153,,,,,,,,,,,,,,,,,,,,,
2015-12-28,675.200012,3783600,0.018723931,,,,,,,,,,,,,,,,,,,,,
2015-12-29,693.969971,5735000,0.027799109,,,,,,,,,,,,,,,,,,,,,
2015-12-30,689.070007,3519000,-0.007060772,,,,,,,,,,,,,,,,,,,,,
2015-12-31,675.890015,3749600,-0.019127218,,,,,,,,,,,,,,,,,,,,,
2016-01-04,636.98999,9314500,-0.05755378,,,,,,,,,,,,,,,,,,,,,
2016-01-05,633.789978,5822600,-0.005023646,,,,,,,,,,,,,,,,,,,,,
2016-01-06,632.650024,5329200,-0.001798631,,,,,,,,,,,,,,,,,,,,,
2016-01-07,607.940002,7074900,-0.039057964,,,,,,,,,,,,,,,,,,,,,
2016-01-08,607.049988,5512900,-0.001463983,,,,,,,,,,,,,,,,,,,,,
2016-01-11,617.73999,4891600,0.017609756,,,,,,,,,,,,,,,,,,,,,
2016-01-12,617.890015,4724100,0.000242861,,,,,,,,,,,,,,,,,,,,,
2016-01-13,581.809998,7655200,-0.058392297,,,,,,,,,,,,,,,,,,,,,
2016-01-14,593,7238000,0.019233086,,,,,,,,,,,,,,,,,,,,,
2016-01-15,570.179993,7784500,-0.038482305,,,,,,,,,,,,,,,,,,,,,
2016-01-19,574.47998,4807200,0.007541455,,,,,,,,,,,,,,,,,,,,,
2016-01-20,571.77002,7966400,-0.00471724,,,,,,,,,,,,,,,,,,,,,
2016-01-21,575.02002,4952200,0.005684104,,,,,,,,,,,,,,,,,,,,,
2016-01-22,596.380005,5120100,0.037146507,,,,,,,,,,,,,,,,,,,,,
2016-01-25,596.530029,4396100,0.000251558,,,,,,,,,,,,,,,,,,,,,
2016-01-26,601.25,3765700,0.007912378,,,,,,,,,,,,,,,,,,,,,
2016-01-27,583.349976,5152900,-0.02977135,,,,,,,,,,,,,,,,,,,,,
2016-01-28,635.349976,14015200,0.089140314,,,,,,,,,,,,,,,,,,,,,
2016-01-29,587,14677600,-0.076099753,,,,,,,,,,,,,,,,,,,,,
2016-02-01,574.809998,6355100,-0.020766613,,,,,,,,,,,,,,,,,,,,,
2016-02-02,552.099976,6312000,-0.039508746,,,,,,,,,,,,,,,,,,,,,
2016-02-03,531.070007,10048700,-0.038090871,,,,,,,,,,,,,,,,,,,,,
2016-02-04,536.26001,6199100,0.009772729,,,,,,,,,,,,,,,,,,,,,
2016-02-05,502.130005,9708900,-0.063644509,,,,,,,,,,,,,,,,,,,,,
2016-02-08,488.100006,9825500,-0.027940969,,,,,,,,,,,,,,,,,,,,,
2016-02-09,482.070007,7077900,-0.012354024,,,,,,,,,,,,,,,,,,,,,
2016-02-10,490.480011,6786200,0.017445607,,,,,,,,,,,,,,,,,,,,,
2016-02-11,503.820007,7397400,0.027197838,,,,,,,,,,,,,,,,,,,,,
2016-02-12,507.079987,5384800,0.006470525,,,,,,,,,,,,,,,,,,,,,
2016-02-16,521.099976,5118500,0.027648476,,,,,,,,,,,,,,,,,,,,,
2016-02-17,534.099976,4824000,0.024947228,,,,,,,,,,,,,,,,,,,,,
2016-02-18,525,4735000,-0.017037964,,,,,,,,,,,,,,,,,,,,,
2016-02-19,534.900024,4974700,0.018857189,,,,,,,,,,,,,,,,,,,,,
2016-02-22,559.5,5566600,0.045989858,,,,,,,,,,,,,,,,,,,,,
2016-02-23,552.940002,4050800,-0.011724751,,,,,,,,,,,,,,,,,,,,,
2016-02-24,554.039978,6231700,0.001989323,,,,,,,,,,,,,,,,,,,,,
2016-02-25,555.150024,4525500,0.002003549,,,,,,,,,,,,,,,,,,,,,
2016-02-26,555.22998,4877000,0.000144026,,,,,,,,,,,,,,,,,,,,,
2016-02-29,552.52002,4145400,-0.004880788,,,,,,,,,,,,,,,,,,,,,
2016-03-01,579.039978,5038500,0.047998185,,,,,,,,,,,,,,,,,,,,,
2016-03-02,580.210022,4582200,0.002020662,,,,,,,,,,,,,,,,,,,,,
2016-03-03,577.48999,2741300,-0.004688013,,,,,,,,,,,,,,,,,,,,,
2016-03-04,575.140015,3416500,-0.004069291,,,,,,,,,,,,,,,,,,,,,
2016-03-07,562.799988,4926900,-0.021455692,,,,,,,,,,,,,,,,,,,,,
2016-03-08,560.26001,4730000,-0.00451311,,,,,,,,,,,,,,,,,,,,,
2016-03-09,559.469971,4377300,-0.001410129,,,,,,,,,,,,,,,,,,,,,
2016-03-10,558.929993,3919900,-0.00096516,,,,,,,,,,,,,,,,,,,,,
2016-03-11,569.609985,3771300,0.019107924,,,,,,,,,,,,,,,,,,,,,
2016-03-14,573.369995,3454200,0.006601025,,,,,,,,,,,,,,,,,,,,,
2016-03-15,577.02002,3876800,0.006365916,,,,,,,,,,,,,,,,,,,,,
2016-03-16,574.27002,3537700,-0.004765866,,,,,,,,,,,,,,,,,,,,,
2016-03-17,559.440002,5928100,-0.02582412,,,,,,,,,,,,,,,,,,,,,
2016-03-18,552.080017,7296900,-0.013155986,,,,,,,,,,,,,,,,,,,,,
2016-03-21,553.97998,5155700,0.003441463,,,,,,,,,,,,,,,,,,,,,
2016-03-22,560.47998,4000600,0.011733276,,,,,,,,,,,,,,,,,,,,,
2016-03-23,569.630005,3983700,0.016325338,,,,,,,,,,,,,,,,,,,,,
2016-03-24,582.950012,5185500,0.023383612,,,,,,,,,,,,,,,,,,,,,
2016-03-28,579.869995,3121500,-0.005283501,,,,,,,,,,,,,,,,,,,,,
2016-03-29,593.859985,4392600,0.02412608,,,,,,,,,,,,,,,,,,,,,
2016-03-30,598.690002,3890500,0.008133259,,,,,,,,,,,,,,,,,,,,,
2016-03-31,593.640015,2681800,-0.008435062,,,,,,,,,,,,,,,,,,,,,
2016-04-01,598.5,2917400,0.008186754,,,,,,,,,,,,,,,,,,,,,
2016-04-04,593.190002,2470800,-0.008872177,,,,,,,,,,,,,,,,,,,,,
2016-04-05,586.140015,2308900,-0.011884872,,,,,,,,,,,,,,,,,,,,,
2016-04-06,602.080017,2849900,0.027194871,,,,,,,,,,,,,,,,,,,,,
2016-04-07,591.429993,3189000,-0.017688719,,,,,,,,,,,,,,,,,,,,,
2016-04-08,594.599976,2591900,0.005359862,,,,,,,,,,,,,,,,,,,,,
2016-04-11,595.929993,2704300,0.002236827,,,,,,,,,,,,,,,,,,,,,
2016-04-12,603.169983,2641100,0.012149061,,,,,,,,,,,,,,,,,,,,,
2016-04-13,614.820007,4228300,0.019314661,,,,,,,,,,,,,,,,,,,,,
2016-04-14,620.75,3512100,0.009645088,,,,,,,,,,,,,,,,,,,,,
2016-04-15,625.890015,2887700,0.00828033,,,,,,,,,,,,,,,,,,,,,
2016-04-18,635.349976,4360900,0.015114414,,,,,,,,,,,,,,,,,,,,,
2016-04-19,627.900024,4055900,-0.011725745,,,,,,,,,,,,,,,,,,,,,
2016-04-20,632.98999,2609400,0.008106332,,,,,,,,,,,,,,,,,,,,,
2016-04-21,631,2596300,-0.003143794,,,,,,,,,,,,,,,,,,,,,
2016-04-22,620.5,5083900,-0.016640254,,,,,,,,,,,,,,,,,,,,,
2016-04-25,626.200012,2682900,0.00918616,,,,,,,,,,,,,,,,,,,,,
2016-04-26,616.880005,2521400,-0.014883435,,,,,,,,,,,,,,,,,,,,,
2016-04-27,606.570007,4068800,-0.016713134,,,,,,,,,,,,,,,,,,,,,
2016-04-28,602,7872600,-0.007534179,,,,,,,,,,,,,,,,,,,,,
2016-04-29,659.590027,10310700,0.095664497,,,,,,,,,,,,,,,,,,,,,
2016-05-02,683.849976,6578500,0.036780345,,,,,,,,,,,,,,,,,,,,,
2016-05-03,671.320007,4923400,-0.018322687,,,,,,,,,,,,,,,,,,,,,
2016-05-04,670.900024,4635500,-0.000625608,,,,,,,,,,,,,,,,,,,,,
2016-05-05,659.090027,4884100,-0.017603214,,,,,,,,,,,,,,,,,,,,,
2016-05-06,673.950012,4365300,0.022546214,,,,,,,,,,,,,,,,,,,,,
2016-05-09,679.75,3982200,0.008605962,,,,,,,,,,,,,,,,,,,,,
2016-05-10,703.070007,6105600,0.034306741,,,,,,,,,,,,,,,,,,,,,
2016-05-11,713.22998,7338200,0.01445087,,,,,,,,,,,,,,,,,,,,,
2016-05-12,717.929993,5048200,0.006589758,,,,,,,,,,,,,,,,,,,,,
2016-05-13,709.919983,4763400,-0.011157091,,,,,,,,,,,,,,,,,,,,,
2016-05-16,710.659973,5432900,0.001042357,,,,,,,,,,,,,,,,,,,,,
2016-05-17,695.27002,5121400,-0.02165586,,,,,,,,,,,,,,,,,,,,,
2016-05-18,697.450012,4283200,0.003135461,,,,,,,,,,,,,,,,,,,,,
2016-05-19,698.52002,3025600,0.001534172,,,,,,,,,,,,,,,,,,,,,
2016-05-20,702.799988,2916200,0.006127194,,,,,,,,,,,,,,,,,,,,,
2016-05-23,696.75,2595100,-0.008608407,,,,,,,,,,,,,,,,,,,,,
2016-05-24,704.200012,3033800,0.010692518,,,,,,,,,,,,,,,,,,,,,
2016-05-25,708.349976,3267700,0.005893161,,,,,,,,,,,,,,,,,,,,,
2016-05-26,714.909973,2446700,0.009260955,,,,,,,,,,,,,,,,,,,,,
2016-05-27,712.23999,2249200,-0.003734712,,,,,,,,,,,,,,,,,,,,,
2016-05-31,722.789978,3618300,0.014812406,,,,,,,,,,,,,,,,,,,,,
2016-06-01,719.440002,3263100,-0.004634785,,,,,,,,,,,,,,,,,,,,,
2016-06-02,728.23999,3026600,0.012231719,,,,,,,,,,,,,,,,,,,,,
2016-06-03,725.539978,3367300,-0.003707585,,,,,,,,,,,,,,,,,,,,,
2016-06-06,726.72998,2704800,0.00164016,,,,,,,,,,,,,,,,,,,,,
2016-06-07,723.73999,2732500,-0.004114307,,,,,,,,,,,,,,,,,,,,,
2016-06-08,726.640015,2223400,0.004006998,,,,,,,,,,,,,,,,,,,,,
2016-06-09,727.650024,2170300,0.001389972,,,,,,,,,,,,,,,,,,,,,
2016-06-10,717.909973,3425700,-0.013385626,,,,,,,,,,,,,,,,,,,,,
2016-06-13,715.23999,3352200,-0.003719106,,,,,,,,,,,,,,,,,,,,,
2016-06-14,719.299988,2506900,0.005676414,,,,,,,,,,,,,,,,,,,,,
2016-06-15,714.26001,2709400,-0.007006782,,,,,,,,,,,,,,,,,,,,,
2016-06-16,717.51001,3098000,0.004550164,,,,,,,,,,,,,,,,,,,,,
2016-06-17,706.390015,5897800,-0.015498035,,,,,,,,,,,,,,,,,,,,,
2016-06-20,714.01001,3677200,0.010787235,,,,,,,,,,,,,,,,,,,,,
2016-06-21,715.820007,2137500,0.002534974,,,,,,,,,,,,,,,,,,,,,
2016-06-22,710.599976,2260500,-0.007292379,,,,,,,,,,,,,,,,,,,,,
2016-06-23,722.080017,2825000,0.01615542,,,,,,,,,,,,,,,,,,,,,
2016-06-24,698.960022,7632500,-0.032018605,,,,,,,,,,,,,,,,,,,,,
2016-06-27,691.359985,5568000,-0.01087335,,,,,,,,,,,,,,,,,,,,,
2016-06-28,707.950012,4037000,0.023996221,,,,,,,,,,,,,,,,,,,,,
2016-06-29,715.599976,3070100,0.010805797,,,,,,,,,,,,,,,,,,,,,
2016-06-30,715.619995,2855100,2.79751E-05,,,,,,,,,,,,,,,,,,,,,
2016-07-01,725.679993,2920400,0.014057737,,,,,,,,,,,,,,,,,,,,,
2016-07-05,728.099976,2431400,0.00333478,,,,,,,,,,,,,,,,,,,,,
2016-07-06,737.609985,3938200,0.013061405,,,,,,,,,,,,,,,,,,,,,
2016-07-07,736.570007,2945800,-0.001409929,,,,,,,,,,,,,,,,,,,,,
2016-07-08,745.809998,3429200,0.01254462,,,,,,,,,,,,,,,,,,,,,
2016-07-11,753.780029,3195300,0.010686409,,,,,,,,,,,,,,,,,,,,,
2016-07-12,748.210022,5623700,-0.007389433,,,,,,,,,,,,,,,,,,,,,
2016-07-13,742.630005,4142300,-0.007457822,,,,,,,,,,,,,,,,,,,,,
2016-07-14,741.200012,2390500,-0.001925579,,,,,,,,,,,,,,,,,,,,,
2016-07-15,735.440002,3121400,-0.007771195,,,,,,,,,,,,,,,,,,,,,
2016-07-18,736.070007,2954900,0.000856637,,,,,,,,,,,,,,,,,,,,,
2016-07-19,739.950012,2216800,0.005271245,,,,,,,,,,,,,,,,,,,,,
2016-07-20,745.719971,2214000,0.007797769,,,,,,,,,,,,,,,,,,,,,
2016-07-21,744.429993,2317100,-0.001729842,,,,,,,,,,,,,,,,,,,,,
2016-07-22,744.859985,2277700,0.000577612,,,,,,,,,,,,,,,,,,,,,
2016-07-25,739.609985,2679300,-0.007048305,,,,,,,,,,,,,,,,,,,,,
2016-07-26,735.590027,2529700,-0.00543524,,,,,,,,,,,,,,,,,,,,,
2016-07-27,736.669983,2913100,0.001468149,,,,,,,,,,,,,,,,,,,,,
2016-07-28,752.609985,7617600,0.021637914,,,,,,,,,,,,,,,,,,,,,
2016-07-29,758.809998,6777100,0.008238016,,,,,,,,,,,,,,,,,,,,,
2016-08-01,767.73999,3578200,0.011768416,,,,,,,,,,,,,,,,,,,,,
2016-08-02,760.580017,3603300,-0.009326039,,,,,,,,,,,,,,,,,,,,,
2016-08-03,754.640015,3581500,-0.007809832,,,,,,,,,,,,,,,,,,,,,
2016-08-04,760.77002,3178200,0.008123085,,,,,,,,,,,,,,,,,,,,,
2016-08-05,765.97998,2704400,0.006848272,,,,,,,,,,,,,,,,,,,,,
2016-08-08,766.559998,1986300,0.000757223,,,,,,,,,,,,,,,,,,,,,
2016-08-09,768.309998,1876100,0.002282926,,,,,,,,,,,,,,,,,,,,,
2016-08-10,768.559998,1604300,0.000325389,,,,,,,,,,,,,,,,,,,,,
2016-08-11,771.23999,2019700,0.00348703,,,,,,,,,,,,,,,,,,,,,
2016-08-12,772.559998,1563300,0.00171154,,,,,,,,,,,,,,,,,,,,,
2016-08-15,768.48999,2118500,-0.00526821,,,,,,,,,,,,,,,,,,,,,
2016-08-16,764.039978,1604600,-0.005790592,,,,,,,,,,,,,,,,,,,,,
2016-08-17,764.630005,1891100,0.000772246,,,,,,,,,,,,,,,,,,,,,
2016-08-18,764.460022,1458800,-0.000222308,,,,,,,,,,,,,,,,,,,,,
2016-08-19,757.309998,2343200,-0.009353038,,,,,,,,,,,,,,,,,,,,,
2016-08-22,759.47998,1679300,0.002865381,,,,,,,,,,,,,,,,,,,,,
2016-08-23,762.450012,1524100,0.003910613,,,,,,,,,,,,,,,,,,,,,
2016-08-24,757.25,1744100,-0.006820135,,,,,,,,,,,,,,,,,,,,,
2016-08-25,759.219971,1623000,0.00260148,,,,,,,,,,,,,,,,,,,,,
2016-08-26,769,2776800,0.01288168,,,,,,,,,,,,,,,,,,,,,
2016-08-29,771.289978,2198600,0.002977865,,,,,,,,,,,,,,,,,,,,,
2016-08-30,767.580017,1709200,-0.004810073,,,,,,,,,,,,,,,,,,,,,
2016-08-31,769.159973,1633800,0.00205836,,,,,,,,,,,,,,,,,,,,,
2016-09-01,770.619995,1792300,0.001898203,,,,,,,,,,,,,,,,,,,,,
2016-09-02,772.440002,2181800,0.002361744,,,,,,,,,,,,,,,,,,,,,
2016-09-06,788.869995,3719800,0.021270251,,,,,,,,,,,,,,,,,,,,,
2016-09-07,784.47998,2424600,-0.005564941,,,,,,,,,,,,,,,,,,,,,
2016-09-08,784.059998,2030500,-0.000535364,,,,,,,,,,,,,,,,,,,,,
2016-09-09,760.140015,4257300,-0.030507848,,,,,,,,,,,,,,,,,,,,,
2016-09-12,771.48999,3124700,0.014931427,,,,,,,,,,,,,,,,,,,,,
2016-09-13,761.01001,3117200,-0.013584078,,,,,,,,,,,,,,,,,,,,,
2016-09-14,761.090027,2523000,0.000105146,,,,,,,,,,,,,,,,,,,,,
2016-09-15,769.690002,3034000,0.01129955,,,,,,,,,,,,,,,,,,,,,
2016-09-16,778.52002,5499200,0.011472174,,,,,,,,,,,,,,,,,,,,,
2016-09-19,775.099976,2297200,-0.004393007,,,,,,,,,,,,,,,,,,,,,
2016-09-20,780.219971,1937200,0.006605593,,,,,,,,,,,,,,,,,,,,,
2016-09-21,789.73999,2718600,0.012201712,,,,,,,,,,,,,,,,,,,,,
2016-09-22,804.700012,4078900,0.018942971,,,,,,,,,,,,,,,,,,,,,
2016-09-23,805.75,2353500,0.001304819,,,,,,,,,,,,,,,,,,,,,
2016-09-26,799.159973,2651400,-0.008178749,,,,,,,,,,,,,,,,,,,,,
2016-09-27,816.109985,3819600,0.021209786,,,,,,,,,,,,,,,,,,,,,
2016-09-28,828.719971,4422100,0.015451332,,,,,,,,,,,,,,,,,,,,,
2016-09-29,829.049988,4922200,0.000398225,,,,,,,,,,,,,,,,,,,,,
2016-09-30,837.309998,4430600,0.009963223,,,,,,,,,,,,,,,,,,,,,
2016-10-03,836.73999,2769400,-0.000680761,,,,,,,,,,,,,,,,,,,,,
2016-10-04,834.030029,2950300,-0.003238713,,,,,,,,,,,,,,,,,,,,,
2016-10-05,844.359985,3469100,0.012385592,,,,,,,,,,,,,,,,,,,,,
2016-10-06,841.659973,2684000,-0.003197702,,,,,,,,,,,,,,,,,,,,,
2016-10-07,839.429993,2426200,-0.002649502,,,,,,,,,,,,,,,,,,,,,
2016-10-10,841.710022,1827100,0.002716163,,,,,,,,,,,,,,,,,,,,,
2016-10-11,831,3588200,-0.012724123,,,,,,,,,,,,,,,,,,,,,
2016-10-12,834.090027,2380400,0.003718444,,,,,,,,,,,,,,,,,,,,,
2016-10-13,829.280029,3091400,-0.005766761,,,,,,,,,,,,,,,,,,,,,
2016-10-14,822.960022,2999800,-0.007621077,,,,,,,,,,,,,,,,,,,,,
2016-10-17,812.950012,3361500,-0.012163422,,,,,,,,,,,,,,,,,,,,,
2016-10-18,817.650024,2512500,0.005781428,,,,,,,,,,,,,,,,,,,,,
2016-10-19,817.690002,2090700,4.88938E-05,,,,,,,,,,,,,,,,,,,,,
2016-10-20,810.320007,3152000,-0.00901319,,,,,,,,,,,,,,,,,,,,,
2016-10-21,818.98999,2793000,0.010699456,,,,,,,,,,,,,,,,,,,,,
2016-10-24,838.090027,4060900,0.023321454,,,,,,,,,,,,,,,,,,,,,
2016-10-25,835.179993,3248400,-0.003472221,,,,,,,,,,,,,,,,,,,,,
2016-10-26,822.590027,3998100,-0.015074554,,,,,,,,,,,,,,,,,,,,,
2016-10-27,818.359985,7406400,-0.005142345,,,,,,,,,,,,,,,,,,,,,
2016-10-28,776.320007,10841100,-0.051371009,,,,,,,,,,,,,,,,,,,,,
2016-10-31,789.820007,5413300,0.017389736,,,,,,,,,,,,,,,,,,,,,
2016-11-01,785.409973,5305400,-0.005583594,,,,,,,,,,,,,,,,,,,,,
2016-11-02,765.559998,5026500,-0.025273393,,,,,,,,,,,,,,,,,,,,,
2016-11-03,767.030029,3872500,0.001920204,,,,,,,,,,,,,,,,,,,,,
2016-11-04,755.049988,5122100,-0.015618738,,,,,,,,,,,,,,,,,,,,,
2016-11-07,784.929993,5984400,0.039573545,,,,,,,,,,,,,,,,,,,,,
2016-11-08,787.75,3412600,0.003592686,,,,,,,,,,,,,,,,,,,,,
2016-11-09,771.880005,8562900,-0.020145979,,,,,,,,,,,,,,,,,,,,,
2016-11-10,742.380005,12747000,-0.038218376,,,,,,,,,,,,,,,,,,,,,
2016-11-11,739.01001,6622800,-0.004539447,,,,,,,,,,,,,,,,,,,,,
2016-11-14,719.070007,7321300,-0.026982047,,,,,,,,,,,,,,,,,,,,,
2016-11-15,743.23999,6755800,0.033612837,,,,,,,,,,,,,,,,,,,,,
2016-11-16,746.48999,3648800,0.004372746,,,,,,,,,,,,,,,,,,,,,
2016-11-17,756.400024,3690100,0.013275508,,,,,,,,,,,,,,,,,,,,,
2016-11-18,760.159973,4373400,0.004970847,,,,,,,,,,,,,,,,,,,,,
2016-11-21,780,4614600,0.026099805,,,,,,,,,,,,,,,,,,,,,
2016-11-22,785.330017,5311300,0.006833355,,,,,,,,,,,,,,,,,,,,,
2016-11-23,780.119995,3540300,-0.006634182,,,,,,,,,,,,,,,,,,,,,
2016-11-25,780.369995,1837100,0.000320464,,,,,,,,,,,,,,,,,,,,,
2016-11-28,766.77002,4438800,-0.017427599,,,,,,,,,,,,,,,,,,,,,
2016-11-29,762.52002,3272300,-0.005542731,,,,,,,,,,,,,,,,,,,,,
2016-11-30,750.570007,4625900,-0.015671737,,,,,,,,,,,,,,,,,,,,,
2016-12-01,743.650024,4666000,-0.009219637,,,,,,,,,,,,,,,,,,,,,
2016-12-02,740.340027,3561300,-0.004451014,,,,,,,,,,,,,,,,,,,,,
2016-12-05,759.359985,4314700,0.025690841,,,,,,,,,,,,,,,,,,,,,
2016-12-06,764.719971,3794700,0.007058557,,,,,,,,,,,,,,,,,,,,,
2016-12-07,770.419983,3684900,0.007453725,,,,,,,,,,,,,,,,,,,,,
2016-12-08,767.330017,3189600,-0.004010755,,,,,,,,,,,,,,,,,,,,,
2016-12-09,768.659973,2470900,0.001733226,,,,,,,,,,,,,,,,,,,,,
2016-12-12,760.119995,2963900,-0.011110216,,,,,,,,,,,,,,,,,,,,,
2016-12-13,774.340027,5285300,0.018707615,,,,,,,,,,,,,,,,,,,,,
2016-12-14,768.820007,5454800,-0.007128677,,,,,,,,,,,,,,,,,,,,,
2016-12-15,761,3801900,-0.010171441,,,,,,,,,,,,,,,,,,,,,
2016-12-16,757.77002,4848200,-0.004244389,,,,,,,,,,,,,,,,,,,,,
2016-12-19,766,3113200,0.010860789,,,,,,,,,,,,,,,,,,,,,
2016-12-20,771.219971,2703600,0.006814584,,,,,,,,,,,,,,,,,,,,,
2016-12-21,770.599976,2044600,-0.000803915,,,,,,,,,,,,,,,,,,,,,
2016-12-22,766.340027,2543600,-0.005528094,,,,,,,,,,,,,,,,,,,,,
2016-12-23,760.590027,1981600,-0.007503197,,,,,,,,,,,,,,,,,,,,,
2016-12-27,771.400024,2638700,0.014212646,,,,,,,,,,,,,,,,,,,,,
2016-12-28,772.130005,3301000,0.000946307,,,,,,,,,,,,,,,,,,,,,
2016-12-29,765.150024,3158300,-0.009039904,,,,,,,,,,,,,,,,,,,,,
2016-12-30,749.869995,4139400,-0.019969978,,,,,,,,,,,,,,,,,,,,,
2017-01-03,753.669983,3521100,0.005067529,,,,,,,,,,,,,,,,,,,,,
2017-01-04,757.179993,2510500,0.004657224,,,,,,,,,,,,,,,,,,,,,
2017-01-05,780.450012,5830100,0.03073248,,,,,,,,,,,,,,,,,,,,,
2017-01-06,795.98999,5986200,0.019911561,,,,,,,,,,,,,,,,,,,,,
2017-01-09,796.919983,3446100,0.001168348,,,,,,,,,,,,,,,,,,,,,
2017-01-10,795.900024,2558400,-0.001279876,,,,,,,,,,,,,,,,,,,,,
2017-01-11,799.02002,2992800,0.003920085,,,,,,,,,,,,,,,,,,,,,
2017-01-12,813.640015,4873900,0.018297408,,,,,,,,,,,,,,,,,,,,,
2017-01-13,817.140015,3791900,0.004301657,,,,,,,,,,,,,,,,,,,,,
2017-01-17,809.719971,3670500,-0.009080505,,,,,,,,,,,,,,,,,,,,,
2017-01-18,807.47998,2354200,-0.002766377,,,,,,,,,,,,,,,,,,,,,
2017-01-19,809.039978,2540800,0.001931934,,,,,,,,,,,,,,,,,,,,,
2017-01-20,808.330017,3376200,-0.000877535,,,,,,,,,,,,,,,,,,,,,
2017-01-23,817.880005,2797500,0.011814467,,,,,,,,,,,,,,,,,,,,,
2017-01-24,822.440002,2971700,0.005575386,,,,,,,,,,,,,,,,,,,,,
2017-01-25,836.52002,3922600,0.017119812,,,,,,,,,,,,,,,,,,,,,
2017-01-26,839.150024,3586300,0.003143982,,,,,,,,,,,,,,,,,,,,,
2017-01-27,835.77002,2998700,-0.00402789,,,,,,,,,,,,,,,,,,,,,
2017-01-30,830.380005,3747300,-0.00644916,,,,,,,,,,,,,,,,,,,,,
2017-01-31,823.47998,3137200,-0.008309479,,,,,,,,,,,,,,,,,,,,,
2017-02-01,832.349976,3850200,0.010771356,,,,,,,,,,,,,,,,,,,,,
2017-02-02,839.950012,7350500,0.009130818,,,,,,,,,,,,,,,,,,,,,
2017-02-03,810.200012,10868800,-0.035418774,,,,,,,,,,,,,,,,,,,,,
2017-02-06,807.640015,3897300,-0.00315971,,,,,,,,,,,,,,,,,,,,,
2017-02-07,812.5,3466100,0.006017514,,,,,,,,,,,,,,,,,,,,,
2017-02-08,819.710022,2858000,0.008873873,,,,,,,,,,,,,,,,,,,,,
2017-02-09,821.359985,2484900,0.002012862,,,,,,,,,,,,,,,,,,,,,
2017-02-10,827.460022,2429600,0.007426752,,,,,,,,,,,,,,,,,,,,,
2017-02-13,836.530029,4172600,0.010961263,,,,,,,,,,,,,,,,,,,,,
2017-02-14,836.390015,2792400,-0.000167375,,,,,,,,,,,,,,,,,,,,,
2017-02-15,842.700012,2968900,0.007544324,,,,,,,,,,,,,,,,,,,,,
2017-02-16,844.140015,2714700,0.001708797,,,,,,,,,,,,,,,,,,,,,
2017-02-17,845.070007,3112300,0.001101703,,,,,,,,,,,,,,,,,,,,,
2017-02-21,856.440002,3507700,0.013454501,,,,,,,,,,,,,,,,,,,,,
2017-02-22,855.609985,2617000,-0.000969148,,,,,,,,,,,,,,,,,,,,,
2017-02-23,852.190002,3462000,-0.003997128,,,,,,,,,,,,,,,,,,,,,
2017-02-24,845.23999,3688000,-0.008155472,,,,,,,,,,,,,,,,,,,,,
2017-02-27,848.640015,2713600,0.004022556,,,,,,,,,,,,,,,,,,,,,
2017-02-28,845.039978,2793700,-0.004242125,,,,,,,,,,,,,,,,,,,,,
2017-03-01,853.080017,2760100,0.009514389,,,,,,,,,,,,,,,,,,,,,
2017-03-02,848.909973,2132100,-0.004888221,,,,,,,,,,,,,,,,,,,,,
2017-03-03,849.880005,1941100,0.001142679,,,,,,,,,,,,,,,,,,,,,
2017-03-06,846.609985,2610400,-0.003847626,,,,,,,,,,,,,,,,,,,,,
2017-03-07,846.02002,2247600,-0.000696856,,,,,,,,,,,,,,,,,,,,,
2017-03-08,850.5,2286500,0.005295359,,,,,,,,,,,,,,,,,,,,,
2017-03-09,853,2048200,0.002939447,,,,,,,,,,,,,,,,,,,,,
2017-03-10,852.460022,2436400,-0.000633034,,,,,,,,,,,,,,,,,,,,,
2017-03-13,854.590027,1909700,0.002498657,,,,,,,,,,,,,,,,,,,,,
2017-03-14,852.530029,2130600,-0.00241051,,,,,,,,,,,,,,,,,,,,,
2017-03-15,852.969971,2562200,0.000516043,,,,,,,,,,,,,,,,,,,,,
2017-03-16,853.419983,1842300,0.000527582,,,,,,,,,,,,,,,,,,,,,
2017-03-17,852.309998,3384400,-0.001300632,,,,,,,,,,,,,,,,,,,,,
2017-03-20,856.969971,2282700,0.005467463,,,,,,,,,,,,,,,,,,,,,
2017-03-21,843.200012,4382900,-0.016068193,,,,,,,,,,,,,,,,,,,,,
2017-03-22,848.059998,2658700,0.00576374,,,,,,,,,,,,,,,,,,,,,
2017-03-23,847.380005,1953000,-0.000801822,,,,,,,,,,,,,,,,,,,,,
2017-03-24,845.609985,2138300,-0.002088815,,,,,,,,,,,,,,,,,,,,,
2017-03-27,846.820007,2755800,0.001430946,,,,,,,,,,,,,,,,,,,,,
2017-03-28,856,3041600,0.010840548,,,,,,,,,,,,,,,,,,,,,
2017-03-29,874.320007,4485800,0.021401877,,,,,,,,,,,,,,,,,,,,,
2017-03-30,876.340027,2762700,0.00231039,,,,,,,,,,,,,,,,,,,,,
2017-03-31,886.539978,3957600,0.011639262,,,,,,,,,,,,,,,,,,,,,
2017-04-03,891.51001,3422300,0.0056061,,,,,,,,,,,,,,,,,,,,,
2017-04-04,906.830017,4984700,0.017184335,,,,,,,,,,,,,,,,,,,,,
2017-04-05,909.280029,7508400,0.002701732,,,,,,,,,,,,,,,,,,,,,
2017-04-06,898.280029,6344100,-0.012097483,,,,,,,,,,,,,,,,,,,,,
2017-04-07,894.880005,3710900,-0.003785038,,,,,,,,,,,,,,,,,,,,,
2017-04-10,907.039978,3184300,0.013588384,,,,,,,,,,,,,,,,,,,,,
2017-04-11,902.359985,3012700,-0.005159633,,,,,,,,,,,,,,,,,,,,,
2017-04-12,896.22998,2456100,-0.006793303,,,,,,,,,,,,,,,,,,,,,
2017-04-13,884.669983,3174600,-0.012898472,,,,,,,,,,,,,,,,,,,,,
2017-04-17,901.98999,2854700,0.01957793,,,,,,,,,,,,,,,,,,,,,
2017-04-18,903.780029,2999200,0.001984544,,,,,,,,,,,,,,,,,,,,,
2017-04-19,899.200012,2870200,-0.005067624,,,,,,,,,,,,,,,,,,,,,
2017-04-20,902.059998,2814400,0.003180589,,,,,,,,,,,,,,,,,,,,,
2017-04-21,898.530029,2420500,-0.003913231,,,,,,,,,,,,,,,,,,,,,
2017-04-24,907.409973,3122900,0.009882746,,,,,,,,,,,,,,,,,,,,,
2017-04-25,907.619995,3380600,0.000231452,,,,,,,,,,,,,,,,,,,,,
2017-04-26,909.289978,2608900,0.001839958,,,,,,,,,,,,,,,,,,,,,
2017-04-27,918.380005,5305500,0.009996841,,,,,,,,,,,,,,,,,,,,,
2017-04-28,924.98999,7364700,0.00719744,,,,,,,,,,,,,,,,,,,,,
2017-05-01,948.22998,5466500,0.025124585,,,,,,,,,,,,,,,,,,,,,
2017-05-02,946.940002,3848800,-0.001360406,,,,,,,,,,,,,,,,,,,,,
2017-05-03,941.030029,3582700,-0.006241127,,,,,,,,,,,,,,,,,,,,,
2017-05-04,937.530029,2418400,-0.003719329,,,,,,,,,,,,,,,,,,,,,
2017-05-05,934.150024,2866400,-0.003605223,,,,,,,,,,,,,,,,,,,,,
2017-05-08,949.039978,3415700,0.015939575,,,,,,,,,,,,,,,,,,,,,
2017-05-09,952.820007,3262100,0.003983003,,,,,,,,,,,,,,,,,,,,,
2017-05-10,948.950012,2096500,-0.004061622,,,,,,,,,,,,,,,,,,,,,
2017-05-11,947.619995,2194100,-0.001401567,,,,,,,,,,,,,,,,,,,,,
2017-05-12,961.349976,3625900,0.01448891,,,,,,,,,,,,,,,,,,,,,
2017-05-15,957.969971,4270600,-0.003515894,,,,,,,,,,,,,,,,,,,,,
2017-05-16,966.070007,3126100,0.008455417,,,,,,,,,,,,,,,,,,,,,
2017-05-17,944.76001,5145600,-0.02205844,,,,,,,,,,,,,,,,,,,,,
2017-05-18,958.48999,3939300,0.01453277,,,,,,,,,,,,,,,,,,,,,
2017-05-19,959.840027,3972100,0.001408504,,,,,,,,,,,,,,,,,,,,,
2017-05-22,970.669983,2642200,0.011283084,,,,,,,,,,,,,,,,,,,,,
2017-05-23,971.539978,2415600,0.000896283,,,,,,,,,,,,,,,,,,,,,
2017-05-24,980.349976,2446000,0.009068076,,,,,,,,,,,,,,,,,,,,,
2017-05-25,993.380005,4822000,0.013291201,,,,,,,,,,,,,,,,,,,,,
2017-05-26,995.780029,3469200,0.002416018,,,,,,,,,,,,,,,,,,,,,
2017-05-30,996.700012,3263100,0.000923882,,,,,,,,,,,,,,,,,,,,,
2017-05-31,994.619995,3913100,-0.002086904,,,,,,,,,,,,,,,,,,,,,
2017-06-01,995.950012,2454800,0.001337211,,,,,,,,,,,,,,,,,,,,,
2017-06-02,1006.72998,3752300,0.010823804,,,,,,,,,,,,,,,,,,,,,
2017-06-05,1011.340027,2719900,0.004579229,,,,,,,,,,,,,,,,,,,,,
2017-06-06,1003,3346400,-0.008246511,,,,,,,,,,,,,,,,,,,,,
2017-06-07,1010.070007,2823000,0.00704886,,,,,,,,,,,,,,,,,,,,,
2017-06-08,1010.27002,2767900,0.000198019,,,,,,,,,,,,,,,,,,,,,
2017-06-09,978.309998,7647700,-0.031635129,,,,,,,,,,,,,,,,,,,,,
2017-06-12,964.909973,9447200,-0.013697115,,,,,,,,,,,,,,,,,,,,,
2017-06-13,980.789978,4580000,0.016457499,,,,,,,,,,,,,,,,,,,,,
2017-06-14,976.469971,3974900,-0.00440462,,,,,,,,,,,,,,,,,,,,,
2017-06-15,964.169983,5373900,-0.012596381,,,,,,,,,,,,,,,,,,,,,
2017-06-16,987.710022,11472700,0.024414823,,,,,,,,,,,,,,,,,,,,,
2017-06-19,995.169983,5043400,0.007552785,,,,,,,,,,,,,,,,,,,,,
2017-06-20,992.590027,4076800,-0.002592478,,,,,,,,,,,,,,,,,,,,,
2017-06-21,1002.22998,2922500,0.009711918,,,,,,,,,,,,,,,,,,,,,
2017-06-22,1001.299988,2253400,-0.000927923,,,,,,,,,,,,,,,,,,,,,
2017-06-23,1003.73999,2879100,0.002436834,,,,,,,,,,,,,,,,,,,,,
2017-06-26,993.97998,3386200,-0.009723644,,,,,,,,,,,,,,,,,,,,,
2017-06-27,976.780029,3782400,-0.017304122,,,,,,,,,,,,,,,,,,,,,
2017-06-28,990.330017,3737600,0.013872098,,,,,,,,,,,,,,,,,,,,,
2017-06-29,975.929993,4303000,-0.014540632,,,,,,,,,,,,,,,,,,,,,
2017-06-30,968,3390300,-0.008125576,,,,,,,,,,,,,,,,,,,,,
2017-07-03,953.659973,2909100,-0.014814077,,,,,,,,,,,,,,,,,,,,,
2017-07-05,971.400024,3653000,0.018602071,,,,,,,,,,,,,,,,,,,,,
2017-07-06,965.140015,3259600,-0.006444316,,,,,,,,,,,,,,,,,,,,,
2017-07-07,978.76001,2643400,0.014111937,,,,,,,,,,,,,,,,,,,,,
2017-07-10,996.469971,3546300,0.018094283,,,,,,,,,,,,,,,,,,,,,
2017-07-11,994.130005,2982700,-0.002348255,,,,,,,,,,,,,,,,,,,,,
2017-07-12,1006.51001,3608600,0.012453105,,,,,,,,,,,,,,,,,,,,,
2017-07-13,1000.630005,2880800,-0.005841974,,,,,,,,,,,,,,,,,,,,,
2017-07-14,1001.809998,2102500,0.00117925,,,,,,,,,,,,,,,,,,,,,
2017-07-17,1010.039978,3712600,0.008215111,,,,,,,,,,,,,,,,,,,,,
2017-07-18,1024.449951,4007600,0.014266735,,,,,,,,,,,,,,,,,,,,,
2017-07-19,1026.869995,2964000,0.002362286,,,,,,,,,,,,,,,,,,,,,
2017-07-20,1028.699951,3097500,0.001782072,,,,,,,,,,,,,,,,,,,,,
2017-07-21,1025.670044,2734600,-0.002945375,,,,,,,,,,,,,,,,,,,,,
2017-07-24,1038.949951,3288000,0.012947543,,,,,,,,,,,,,,,,,,,,,
2017-07-25,1039.869995,2447600,0.000885552,,,,,,,,,,,,,,,,,,,,,
2017-07-26,1052.800049,2921300,0.012434299,,,,,,,,,,,,,,,,,,,,,
2017-07-27,1046,10991700,-0.006459013,,,,,,,,,,,,,,,,,,,,,
2017-07-28,1020.039978,7709400,-0.024818377,,,,,,,,,,,,,,,,,,,,,
2017-07-31,987.780029,7352100,-0.031626161,,,,,,,,,,,,,,,,,,,,,
2017-08-01,996.190002,4572600,0.008514014,,,,,,,,,,,,,,,,,,,,,
2017-08-02,995.890015,4070000,-0.000301134,,,,,,,,,,,,,,,,,,,,,
2017-08-03,986.919983,3255800,-0.009007051,,,,,,,,,,,,,,,,,,,,,
2017-08-04,987.580017,2730300,0.000668782,,,,,,,,,,,,,,,,,,,,,
2017-08-07,992.27002,2676600,0.004748985,,,,,,,,,,,,,,,,,,,,,
2017-08-08,989.840027,2902800,-0.002448923,,,,,,,,,,,,,,,,,,,,,
2017-08-09,982.01001,3569700,-0.007910386,,,,,,,,,,,,,,,,,,,,,
2017-08-10,956.919983,5684100,-0.025549665,,,,,,,,,,,,,,,,,,,,,
2017-08-11,967.98999,3468000,0.011568373,,,,,,,,,,,,,,,,,,,,,
2017-08-14,983.299988,3172900,0.015816277,,,,,,,,,,,,,,,,,,,,,
2017-08-15,982.73999,2549300,-0.000569509,,,,,,,,,,,,,,,,,,,,,
2017-08-16,978.179993,3132100,-0.004640085,,,,,,,,,,,,,,,,,,,,,
2017-08-17,960.570007,3512400,-0.018002807,,,,,,,,,,,,,,,,,,,,,
2017-08-18,958.469971,3284800,-0.002186239,,,,,,,,,,,,,,,,,,,,,
2017-08-21,953.289978,3164500,-0.00540444,,,,,,,,,,,,,,,,,,,,,
2017-08-22,966.900024,2750000,0.014276921,,,,,,,,,,,,,,,,,,,,,
2017-08-23,958,2668300,-0.009204699,,,,,,,,,,,,,,,,,,,,,
2017-08-24,952.450012,5195700,-0.005793307,,,,,,,,,,,,,,,,,,,,,
2017-08-25,945.26001,3324800,-0.007548955,,,,,,,,,,,,,,,,,,,,,
2017-08-28,946.02002,2596700,0.000804022,,,,,,,,,,,,,,,,,,,,,
2017-08-29,954.059998,2874300,0.00849874,,,,,,,,,,,,,,,,,,,,,
2017-08-30,967.590027,2904600,0.014181528,,,,,,,,,,,,,,,,,,,,,
2017-08-31,980.599976,3331500,0.013445725,,,,,,,,,,,,,,,,,,,,,
2017-09-01,978.25,2535900,-0.002396468,,,,,,,,,,,,,,,,,,,,,
2017-09-05,965.27002,2883200,-0.013268571,,,,,,,,,,,,,,,,,,,,,
2017-09-06,967.799988,2129900,0.002620995,,,,,,,,,,,,,,,,,,,,,
2017-09-07,979.469971,2566800,0.012058259,,,,,,,,,,,,,,,,,,,,,
2017-09-08,965.900024,2605300,-0.013854378,,,,,,,,,,,,,,,,,,,,,
2017-09-11,977.960022,2186700,0.012485762,,,,,,,,,,,,,,,,,,,,,
2017-09-12,982.580017,2481100,0.004724114,,,,,,,,,,,,,,,,,,,,,
2017-09-13,999.599976,3374700,0.017321703,,,,,,,,,,,,,,,,,,,,,
2017-09-14,992.210022,3913300,-0.007392911,,,,,,,,,,,,,,,,,,,,,
2017-09-15,986.789978,3760200,-0.005462598,,,,,,,,,,,,,,,,,,,,,
2017-09-18,974.190002,3411300,-0.01276865,,,,,,,,,,,,,,,,,,,,,
2017-09-19,969.859985,2671100,-0.004444736,,,,,,,,,,,,,,,,,,,,,
2017-09-20,973.210022,2888800,0.003454145,,,,,,,,,,,,,,,,,,,,,
2017-09-21,964.650024,2337600,-0.008795633,,,,,,,,,,,,,,,,,,,,,
2017-09-22,955.099976,2641800,-0.009900013,,,,,,,,,,,,,,,,,,,,,
2017-09-25,939.789978,5124000,-0.016029733,,,,,,,,,,,,,,,,,,,,,
2017-09-26,938.599976,3564800,-0.001266242,,,,,,,,,,,,,,,,,,,,,
2017-09-27,950.869995,3148900,0.013072682,,,,,,,,,,,,,,,,,,,,,
2017-09-28,956.400024,2522600,0.005815757,,,,,,,,,,,,,,,,,,,,,
2017-09-29,961.349976,2543800,0.005175608,,,,,,,,,,,,,,,,,,,,,
2017-10-02,959.190002,2442900,-0.002246813,,,,,,,,,,,,,,,,,,,,,
2017-10-03,957.099976,2666600,-0.002178949,,,,,,,,,,,,,,,,,,,,,
2017-10-04,965.450012,2527400,0.008724309,,,,,,,,,,,,,,,,,,,,,
2017-10-05,980.849976,3229200,0.015951073,,,,,,,,,,,,,,,,,,,,,
2017-10-06,989.580017,3782100,0.008900486,,,,,,,,,,,,,,,,,,,,,
2017-10-09,990.98999,2938600,0.00142482,,,,,,,,,,,,,,,,,,,,,
2017-10-10,987.200012,3084900,-0.003824436,,,,,,,,,,,,,,,,,,,,,
2017-10-11,995,2337100,0.007901122,,,,,,,,,,,,,,,,,,,,,
2017-10-12,1000.929993,4067300,0.005959792,,,,,,,,,,,,,,,,,,,,,
2017-10-13,1002.940002,2431500,0.002008141,,,,,,,,,,,,,,,,,,,,,
2017-10-16,1006.340027,2008900,0.003390058,,,,,,,,,,,,,,,,,,,,,
2017-10-17,1009.130005,2319700,0.002772401,,,,,,,,,,,,,,,,,,,,,
2017-10-18,997,2499700,-0.01202026,,,,,,,,,,,,,,,,,,,,,
2017-10-19,986.609985,3108200,-0.010421279,,,,,,,,,,,,,,,,,,,,,
2017-10-20,982.909973,2365100,-0.003750228,,,,,,,,,,,,,,,,,,,,,
2017-10-23,966.299988,3494100,-0.016898786,,,,,,,,,,,,,,,,,,,,,
2017-10-24,975.900024,2723900,0.00993484,,,,,,,,,,,,,,,,,,,,,
2017-10-25,972.909973,3033100,-0.003063891,,,,,,,,,,,,,,,,,,,,,
2017-10-26,972.429993,5618700,-0.000493345,,,,,,,,,,,,,,,,,,,,,
2017-10-27,1100.949951,16565000,0.132163712,,,,,,,,,,,,,,,,,,,,,
2017-10-30,1110.849976,6613100,0.008992257,,,,,,,,,,,,,,,,,,,,,
2017-10-31,1105.280029,3477000,-0.005014131,,,,,,,,,,,,,,,,,,,,,
2017-11-01,1103.680054,3755500,-0.001447574,,,,,,,,,,,,,,,,,,,,,
2017-11-02,1094.219971,3684900,-0.0085714,,,,,,,,,,,,,,,,,,,,,
2017-11-03,1111.599976,3751500,0.015883465,,,,,,,,,,,,,,,,,,,,,
2017-11-06,1120.660034,3381100,0.008150466,,,,,,,,,,,,,,,,,,,,,
2017-11-07,1123.170044,2689000,0.00223976,,,,,,,,,,,,,,,,,,,,,
2017-11-08,1132.880005,2581500,0.008645139,,,,,,,,,,,,,,,,,,,,,
2017-11-09,1129.130005,3732700,-0.003310148,,,,,,,,,,,,,,,,,,,,,
2017-11-10,1125.349976,2179900,-0.003347736,,,,,,,,,,,,,,,,,,,,,
2017-11-13,1129.170044,2918400,0.00339456,,,,,,,,,,,,,,,,,,,,,
2017-11-14,1136.839966,3138400,0.006792531,,,,,,,,,,,,,,,,,,,,,
2017-11-15,1126.689941,3928700,-0.00892828,,,,,,,,,,,,,,,,,,,,,
2017-11-16,1137.290039,2213300,0.009408177,,,,,,,,,,,,,,,,,,,,,
2017-11-17,1129.880005,2413400,-0.006515518,,,,,,,,,,,,,,,,,,,,,
2017-11-20,1126.310059,2163900,-0.00315958,,,,,,,,,,,,,,,,,,,,,
2017-11-21,1139.48999,2479400,0.011701867,,,,,,,,,,,,,,,,,,,,,
2017-11-22,1156.160034,3555300,0.01462939,,,,,,,,,,,,,,,,,,,,,
2017-11-24,1186,3528000,0.025809546,,,,,,,,,,,,,,,,,,,,,
2017-11-27,1195.829956,6744000,0.008288327,,,,,,,,,,,,,,,,,,,,,
2017-11-28,1193.599976,4559400,-0.001864797,,,,,,,,,,,,,,,,,,,,,
2017-11-29,1161.27002,9257500,-0.02708609,,,,,,,,,,,,,,,,,,,,,
2017-11-30,1176.75,4509200,0.013330216,,,,,,,,,,,,,,,,,,,,,
2017-12-01,1162.349976,4107100,-0.012237114,,,,,,,,,,,,,,,,,,,,,
2017-12-04,1133.949951,5931900,-0.024433282,,,,,,,,,,,,,,,,,,,,,
2017-12-05,1141.569946,4079800,0.006719869,,,,,,,,,,,,,,,,,,,,,
2017-12-06,1152.349976,2853300,0.009443162,,,,,,,,,,,,,,,,,,,,,
2017-12-07,1159.790039,2511600,0.006456427,,,,,,,,,,,,,,,,,,,,,
2017-12-08,1162,3050100,0.001905484,,,,,,,,,,,,,,,,,,,,,
2017-12-11,1168.920044,2363500,0.005955287,,,,,,,,,,,,,,,,,,,,,
2017-12-12,1165.079956,2235900,-0.003285159,,,,,,,,,,,,,,,,,,,,,
2017-12-13,1164.130005,2616800,-0.000815353,,,,,,,,,,,,,,,,,,,,,
2017-12-14,1174.26001,3214300,0.008701782,,,,,,,,,,,,,,,,,,,,,
2017-12-15,1179.140015,4778600,0.004155813,,,,,,,,,,,,,,,,,,,,,
2017-12-18,1190.579956,2947600,0.009701936,,,,,,,,,,,,,,,,,,,,,
2017-12-19,1187.380005,2587800,-0.002687725,,,,,,,,,,,,,,,,,,,,,
2017-12-20,1177.619995,2371200,-0.008219786,,,,,,,,,,,,,,,,,,,,,
2017-12-21,1174.76001,2123100,-0.002428615,,,,,,,,,,,,,,,,,,,,,
2017-12-22,1168.359985,1585100,-0.005447943,,,,,,,,,,,,,,,,,,,,,
2017-12-26,1176.76001,2005200,0.007189586,,,,,,,,,,,,,,,,,,,,,
2017-12-27,1182.26001,1867200,0.00467385,,,,,,,,,,,,,,,,,,,,,
2017-12-28,1186.099976,1841700,0.003247988,,,,,,,,,,,,,,,,,,,,,
2017-12-29,1169.469971,2688400,-0.014020745,,,,,,,,,,,,,,,,,,,,,
2018-01-02,1189.01001,2694500,0.016708457,,,,,,,,,,,,,,,,,,,,,
2018-01-03,1204.199951,3108800,0.012775284,,,,,,,,,,,,,,,,,,,,,
2018-01-04,1209.589966,3022100,0.004476013,,,,,,,,,,,,,,,,,,,,,
2018-01-05,1229.140015,3544700,0.016162542,,,,,,,,,,,,,,,,,,,,,
2018-01-08,1246.869995,4279500,0.014424703,,,,,,,,,,,,,,,,,,,,,
2018-01-09,1252.699951,3661300,0.004675673,,,,,,,,,,,,,,,,,,,,,
2018-01-10,1254.329956,2686000,0.001301193,,,,,,,,,,,,,,,,,,,,,
2018-01-11,1276.680054,3125000,0.017818356,,,,,,,,,,,,,,,,,,,,,
2018-01-12,1305.199951,5443700,0.022339111,,,,,,,,,,,,,,,,,,,,,
2018-01-16,1304.859985,7220700,-0.00026047,,,,,,,,,,,,,,,,,,,,,
2018-01-17,1295,5253800,-0.007556355,,,,,,,,,,,,,,,,,,,,,
2018-01-18,1293.319946,4026900,-0.001297339,,,,,,,,,,,,,,,,,,,,,
2018-01-19,1294.579956,4578500,0.000974245,,,,,,,,,,,,,,,,,,,,,
2018-01-22,1327.310059,4140100,0.025282411,,,,,,,,,,,,,,,,,,,,,
2018-01-23,1362.540039,5169300,0.026542389,,,,,,,,,,,,,,,,,,,,,
2018-01-24,1357.51001,6807500,-0.003691656,,,,,,,,,,,,,,,,,,,,,
2018-01-25,1377.949951,4753000,0.015056936,,,,,,,,,,,,,,,,,,,,,
2018-01-26,1402.050049,4857300,0.017489821,,,,,,,,,,,,,,,,,,,,,
2018-01-29,1417.680054,5701900,0.011147965,,,,,,,,,,,,,,,,,,,,,
2018-01-30,1437.819946,5871900,0.014206232,,,,,,,,,,,,,,,,,,,,,
2018-01-31,1450.890015,6424700,0.009090199,,,,,,,,,,,,,,,,,,,,,
2018-02-01,1390,9113800,-0.041967354,,,,,,,,,,,,,,,,,,,,,
2018-02-02,1429.949951,11125700,0.028740972,,,,,,,,,,,,,,,,,,,,,
2018-02-05,1390,11495000,-0.027938006,,,,,,,,,,,,,,,,,,,,,
2018-02-06,1442.839966,11066800,0.038014364,,,,,,,,,,,,,,,,,,,,,
2018-02-07,1416.780029,7162700,-0.018061557,,,,,,,,,,,,,,,,,,,,,
2018-02-08,1350.5,8578600,-0.046782159,,,,,,,,,,,,,,,,,,,,,
2018-02-09,1339.599976,14141500,-0.008071103,,,,,,,,,,,,,,,,,,,,,
2018-02-12,1386.22998,6738900,0.034808902,,,,,,,,,,,,,,,,,,,,,
2018-02-13,1414.51001,5917900,0.020400677,,,,,,,,,,,,,,,,,,,,,
2018-02-14,1451.050049,5959200,0.025832294,,,,,,,,,,,,,,,,,,,,,
2018-02-15,1461.76001,5652700,0.007380835,,,,,,,,,,,,,,,,,,,,,
2018-02-16,1448.689941,4472600,-0.008941323,,,,,,,,,,,,,,,,,,,,,
2018-02-20,1468.349976,6499200,0.013570906,,,,,,,,,,,,,,,,,,,,,
2018-02-21,1482.920044,6304400,0.009922749,,,,,,,,,,,,,,,,,,,,,
2018-02-22,1485.339966,4858100,0.001631863,,,,,,,,,,,,,,,,,,,,,
2018-02-23,1500,4418100,0.009869817,,,,,,,,,,,,,,,,,,,,,
2018-02-26,1521.949951,4955000,0.014633301,,,,,,,,,,,,,,,,,,,,,
2018-02-27,1511.97998,4808800,-0.006550788,,,,,,,,,,,,,,,,,,,,,
2018-02-28,1512.449951,4515000,0.000310831,,,,,,,,,,,,,,,,,,,,,
2018-03-01,1493.449951,6835200,-0.012562399,,,,,,,,,,,,,,,,,,,,,
2018-03-02,1500.25,6587600,0.004553249,,,,,,,,,,,,,,,,,,,,,
2018-03-05,1523.609985,5233900,0.015570728,,,,,,,,,,,,,,,,,,,,,
2018-03-06,1537.640015,4561700,0.009208413,,,,,,,,,,,,,,,,,,,,,
2018-03-07,1545,4174100,0.004786546,,,,,,,,,,,,,,,,,,,,,
2018-03-08,1551.859985,3862600,0.00444012,,,,,,,,,,,,,,,,,,,,,
2018-03-09,1578.890015,4534300,0.017417828,,,,,,,,,,,,,,,,,,,,,
2018-03-12,1598.390015,5174200,0.012350449,,,,,,,,,,,,,,,,,,,,,
2018-03-13,1588.180054,6531900,-0.006387653,,,,,,,,,,,,,,,,,,,,,
2018-03-14,1591,4259400,0.001775583,,,,,,,,,,,,,,,,,,,,,
2018-03-15,1582.319946,4069700,-0.005455722,,,,,,,,,,,,,,,,,,,,,
2018-03-16,1571.680054,5425000,-0.006724236,,,,,,,,,,,,,,,,,,,,,
2018-03-19,1544.930054,6580800,-0.017020003,,,,,,,,,,,,,,,,,,,,,
2018-03-20,1586.51001,4581600,0.026913811,,,,,,,,,,,,,,,,,,,,,
2018-03-21,1581.859985,4750800,-0.002930977,,,,,,,,,,,,,,,,,,,,,
2018-03-22,1544.920044,6320600,-0.023352219,,,,,,,,,,,,,,,,,,,,,
2018-03-23,1495.560059,8006000,-0.031949864,,,,,,,,,,,,,,,,,,,,,
2018-03-26,1555.859985,5624700,0.040319294,,,,,,,,,,,,,,,,,,,,,
2018-03-27,1497.050049,6999600,-0.03779899,,,,,,,,,,,,,,,,,,,,,
2018-03-28,1431.420044,13705300,-0.043839553,,,,,,,,,,,,,,,,,,,,,
2018-03-29,1447.339966,12581100,0.011121768,,,,,,,,,,,,,,,,,,,,,
2018-04-02,1371.98999,10463600,-0.052061007,,,,,,,,,,,,,,,,,,,,,
2018-04-03,1392.050049,10231200,0.014621141,,,,,,,,,,,,,,,,,,,,,
2018-04-04,1410.569946,6982300,0.013304045,,,,,,,,,,,,,,,,,,,,,
2018-04-05,1451.75,6413500,0.029193911,,,,,,,,,,,,,,,,,,,,,
2018-04-06,1405.22998,5882300,-0.032044099,,,,,,,,,,,,,,,,,,,,,
2018-04-09,1406.079956,4208200,0.000604866,,,,,,,,,,,,,,,,,,,,,
2018-04-10,1436.219971,4254100,0.021435492,,,,,,,,,,,,,,,,,,,,,
2018-04-11,1427.050049,3582500,-0.006384762,,,,,,,,,,,,,,,,,,,,,
2018-04-12,1448.5,3135000,0.015030973,,,,,,,,,,,,,,,,,,,,,
2018-04-13,1430.790039,3685300,-0.012226414,,,,,,,,,,,,,,,,,,,,,
2018-04-16,1441.5,2808600,0.007485348,,,,,,,,,,,,,,,,,,,,,
2018-04-17,1503.829956,5114400,0.04323965,,,,,,,,,,,,,,,,,,,,,
2018-04-18,1527.839966,5227500,0.015965908,,,,,,,,,,,,,,,,,,,,,
2018-04-19,1556.910034,6523700,0.019026906,,,,,,,,,,,,,,,,,,,,,
2018-04-20,1527.48999,5541600,-0.018896432,,,,,,,,,,,,,,,,,,,,,
2018-04-23,1517.859985,4465400,-0.006304464,,,,,,,,,,,,,,,,,,,,,
2018-04-24,1460.089966,7494700,-0.038060177,,,,,,,,,,,,,,,,,,,,,
2018-04-25,1460.170044,6587300,5.48446E-05,,,,,,,,,,,,,,,,,,,,,
2018-04-26,1517.959961,8801100,0.039577525,,,,,,,,,,,,,,,,,,,,,
2018-04-27,1572.619995,13053200,0.036008877,,,,,,,,,,,,,,,,,,,,,
2018-04-30,1566.130005,5464100,-0.004126865,,,,,,,,,,,,,,,,,,,,,
2018-05-01,1582.26001,4572100,0.010299276,,,,,,,,,,,,,,,,,,,,,
2018-05-02,1569.680054,4360300,-0.007950625,,,,,,,,,,,,,,,,,,,,,
2018-05-03,1572.079956,4251900,0.001528912,,,,,,,,,,,,,,,,,,,,,
2018-05-04,1580.949951,3443600,0.005642203,,,,,,,,,,,,,,,,,,,,,
2018-05-07,1600.140015,3801900,0.012138312,,,,,,,,,,,,,,,,,,,,,
2018-05-08,1592.390015,3067900,-0.004843326,,,,,,,,,,,,,,,,,,,,,
2018-05-09,1608,3637300,0.009802865,,,,,,,,,,,,,,,,,,,,,
2018-05-10,1609.079956,2817500,0.000671614,,,,,,,,,,,,,,,,,,,,,
2018-05-11,1602.910034,2263900,-0.003834441,,,,,,,,,,,,,,,,,,,,,
2018-05-14,1601.540039,2509500,-0.000854692,,,,,,,,,,,,,,,,,,,,,
2018-05-15,1576.119995,5077500,-0.01587225,,,,,,,,,,,,,,,,,,,,,
2018-05-16,1587.280029,2570600,0.007080701,,,,,,,,,,,,,,,,,,,,,
2018-05-17,1581.76001,2147600,-0.003477659,,,,,,,,,,,,,,,,,,,,,
2018-05-18,1574.369995,2642600,-0.00467202,,,,,,,,,,,,,,,,,,,,,
2018-05-21,1585.459961,2925200,0.007044066,,,,,,,,,,,,,,,,,,,,,
2018-05-22,1581.400024,2115600,-0.002560731,,,,,,,,,,,,,,,,,,,,,
2018-05-23,1601.859985,3361900,0.012937878,,,,,,,,,,,,,,,,,,,,,
2018-05-24,1603.069946,3430000,0.000755348,,,,,,,,,,,,,,,,,,,,,
2018-05-25,1610.150024,2698400,0.004416575,,,,,,,,,,,,,,,,,,,,,
2018-05-29,1612.869995,3846500,0.001689266,,,,,,,,,,,,,,,,,,,,,
2018-05-30,1624.890015,2907400,0.007452566,,,,,,,,,,,,,,,,,,,,,
2018-05-31,1629.619995,3166300,0.002910954,,,,,,,,,,,,,,,,,,,,,
2018-06-01,1641.540039,3313400,0.007314616,,,,,,,,,,,,,,,,,,,,,
2018-06-04,1665.27002,3187700,0.014455926,,,,,,,,,,,,,,,,,,,,,
2018-06-05,1696.349976,4782200,0.018663613,,,,,,,,,,,,,,,,,,,,,
2018-06-06,1695.75,5473200,-0.000353686,,,,,,,,,,,,,,,,,,,,,
2018-06-07,1689.300049,3765700,-0.003803598,,,,,,,,,,,,,,,,,,,,,
2018-06-08,1683.98999,2955100,-0.003143349,,,,,,,,,,,,,,,,,,,,,
2018-06-11,1689.119995,2335500,0.003046339,,,,,,,,,,,,,,,,,,,,,
2018-06-12,1698.75,2259200,0.005701196,,,,,,,,,,,,,,,,,,,,,
2018-06-13,1704.859985,3327500,0.003596753,,,,,,,,,,,,,,,,,,,,,
2018-06-14,1723.859985,3174400,0.01114461,,,,,,,,,,,,,,,,,,,,,
2018-06-15,1715.969971,4777600,-0.004576946,,,,,,,,,,,,,,,,,,,,,
2018-06-18,1723.790039,3107700,0.004557229,,,,,,,,,,,,,,,,,,,,,
2018-06-19,1734.780029,4290100,0.006375481,,,,,,,,,,,,,,,,,,,,,
2018-06-20,1750.079956,4332600,0.00881952,,,,,,,,,,,,,,,,,,,,,
2018-06-21,1730.219971,4941100,-0.011348044,,,,,,,,,,,,,,,,,,,,,
2018-06-22,1715.670044,4075100,-0.008409293,,,,,,,,,,,,,,,,,,,,,
2018-06-25,1663.150024,7511200,-0.030611958,,,,,,,,,,,,,,,,,,,,,
2018-06-26,1691.089966,4386600,0.016799412,,,,,,,,,,,,,,,,,,,,,
2018-06-27,1660.51001,4872200,-0.018082986,,,,,,,,,,,,,,,,,,,,,
2018-06-28,1701.449951,4529700,0.02465504,,,,,,,,,,,,,,,,,,,,,
2018-06-29,1699.800049,4543500,-0.000969704,,,,,,,,,,,,,,,,,,,,,
2018-07-02,1713.780029,3185700,0.008224485,,,,,,,,,,,,,,,,,,,,,
2018-07-03,1693.959961,2177300,-0.011565118,,,,,,,,,,,,,,,,,,,,,
2018-07-05,1699.72998,2983100,0.003406231,,,,,,,,,,,,,,,,,,,,,
2018-07-06,1710.630005,2650300,0.006412798,,,,,,,,,,,,,,,,,,,,,
2018-07-09,1739.02002,3012000,0.016596234,,,,,,,,,,,,,,,,,,,,,
2018-07-10,1743.069946,3002900,0.002328855,,,,,,,,,,,,,,,,,,,,,
2018-07-11,1755,3209800,0.006844277,,,,,,,,,,,,,,,,,,,,,
2018-07-12,1796.619995,4532700,0.023715097,,,,,,,,,,,,,,,,,,,,,
2018-07-13,1813.030029,4383200,0.009133837,,,,,,,,,,,,,,,,,,,,,
2018-07-16,1822.48999,5466200,0.005217763,,,,,,,,,,,,,,,,,,,,,
2018-07-17,1843.930054,5682900,0.01176416,,,,,,,,,,,,,,,,,,,,,
2018-07-18,1842.920044,4861900,-0.000547749,,,,,,,,,,,,,,,,,,,,,
2018-07-19,1812.969971,4676900,-0.016251423,,,,,,,,,,,,,,,,,,,,,
2018-07-20,1813.699951,3884400,0.000402643,,,,,,,,,,,,,,,,,,,,,
2018-07-23,1802,3888500,-0.006450875,,,,,,,,,,,,,,,,,,,,,
2018-07-24,1829.23999,4278700,0.015116532,,,,,,,,,,,,,,,,,,,,,
2018-07-25,1863.609985,3738200,0.018789221,,,,,,,,,,,,,,,,,,,,,
2018-07-26,1808,9924400,-0.029839927,,,,,,,,,,,,,,,,,,,,,
2018-07-27,1817.27002,9681000,0.005127223,,,,,,,,,,,,,,,,,,,,,
2018-07-30,1779.219971,6562300,-0.020938027,,,,,,,,,,,,,,,,,,,,,
2018-07-31,1777.439941,5738700,-0.001000455,,,,,,,,,,,,,,,,,,,,,
2018-08-01,1797.170044,4153100,0.011100292,,,,,,,,,,,,,,,,,,,,,
2018-08-02,1834.329956,4354700,0.020676904,,,,,,,,,,,,,,,,,,,,,
2018-08-03,1823.290039,3460500,-0.006018501,,,,,,,,,,,,,,,,,,,,,
2018-08-06,1847.75,3391800,0.013415288,,,,,,,,,,,,,,,,,,,,,
2018-08-07,1862.47998,3377500,0.007971847,,,,,,,,,,,,,,,,,,,,,
2018-08-08,1886.52002,3963000,0.012907543,,,,,,,,,,,,,,,,,,,,,
2018-08-09,1898.52002,4860400,0.006360918,,,,,,,,,,,,,,,,,,,,,
2018-08-10,1886.300049,3639900,-0.006436577,,,,,,,,,,,,,,,,,,,,,
2018-08-13,1896.199951,5531500,0.005248318,,,,,,,,,,,,,,,,,,,,,
2018-08-14,1919.650024,3986100,0.012366878,,,,,,,,,,,,,,,,,,,,,
2018-08-15,1882.619995,7700700,-0.01928999,,,,,,,,,,,,,,,,,,,,,
2018-08-16,1886.52002,3957100,0.002071594,,,,,,,,,,,,,,,,,,,,,
2018-08-17,1882.219971,4104300,-0.002279355,,,,,,,,,,,,,,,,,,,,,
2018-08-20,1876.709961,2862000,-0.0029274,,,,,,,,,,,,,,,,,,,,,
2018-08-21,1883.420044,3105600,0.00357545,,,,,,,,,,,,,,,,,,,,,
2018-08-22,1904.900024,3080500,0.011404774,,,,,,,,,,,,,,,,,,,,,
2018-08-23,1902.900024,3563000,-0.001049924,,,,,,,,,,,,,,,,,,,,,
2018-08-24,1905.390015,2800900,0.001308524,,,,,,,,,,,,,,,,,,,,,
2018-08-27,1927.680054,3569000,0.011698413,,,,,,,,,,,,,,,,,,,,,
2018-08-28,1932.819946,3100700,0.002666362,,,,,,,,,,,,,,,,,,,,,
2018-08-29,1998.099976,6531800,0.033774501,,,,,,,,,,,,,,,,,,,,,
2018-08-30,2002.380005,7277300,0.002142049,,,,,,,,,,,,,,,,,,,,,
2018-08-31,2012.709961,4204400,0.005158839,,,,,,,,,,,,,,,,,,,,,
2018-09-04,2039.51001,5721100,0.013315405,,,,,,,,,,,,,,,,,,,,,
2018-09-05,1994.819946,8220600,-0.021912157,,,,,,,,,,,,,,,,,,,,,
2018-09-06,1958.310059,7488700,-0.018302347,,,,,,,,,,,,,,,,,,,,,
2018-09-07,1952.069946,4892600,-0.003186479,,,,,,,,,,,,,,,,,,,,,
2018-09-10,1939.01001,4544800,-0.006690301,,,,,,,,,,,,,,,,,,,,,
2018-09-11,1987.150024,5033600,0.02482711,,,,,,,,,,,,,,,,,,,,,
2018-09-12,1990,4414000,0.001434203,,,,,,,,,,,,,,,,,,,,,
2018-09-13,1989.869995,3621500,-6.53291E-05,,,,,,,,,,,,,,,,,,,,,
2018-09-14,1970.189941,3642000,-0.00989012,,,,,,,,,,,,,,,,,,,,,
2018-09-17,1908.030029,7050200,-0.031550213,,,,,,,,,,,,,,,,,,,,,
2018-09-18,1941.050049,4268700,0.017305818,,,,,,,,,,,,,,,,,,,,,
2018-09-19,1926.420044,4056800,-0.00753716,,,,,,,,,,,,,,,,,,,,,
2018-09-20,1944.300049,3154900,0.009281467,,,,,,,,,,,,,,,,,,,,,
2018-09-21,1915.01001,6855900,-0.015064567,,,,,,,,,,,,,,,,,,,,,
2018-09-24,1934.359985,4213700,0.010104373,,,,,,,,,,,,,,,,,,,,,
2018-09-25,1974.550049,4538400,0.020776931,,,,,,,,,,,,,,,,,,,,,
2018-09-26,1974.849976,4313500,0.000151896,,,,,,,,,,,,,,,,,,,,,
2018-09-27,2012.97998,4329400,0.019307798,,,,,,,,,,,,,,,,,,,,,
2018-09-28,2003,4085100,-0.004957814,,,,,,,,,,,,,,,,,,,,,
2018-10-01,2004.359985,3460500,0.000678974,,,,,,,,,,,,,,,,,,,,,
2018-10-02,1971.310059,5400700,-0.016489017,,,,,,,,,,,,,,,,,,,,,
2018-10-03,1952.76001,5253100,-0.009410011,,,,,,,,,,,,,,,,,,,,,
2018-10-04,1909.420044,7257000,-0.02219421,,,,,,,,,,,,,,,,,,,,,
2018-10-05,1889.650024,6822300,-0.01035394,,,,,,,,,,,,,,,,,,,,,
2018-10-08,1864.420044,7393200,-0.013351668,,,,,,,,,,,,,,,,,,,,,
2018-10-09,1870.319946,4772900,0.00316447,,,,,,,,,,,,,,,,,,,,,
2018-10-10,1755.25,10988900,-0.061524204,,,,,,,,,,,,,,,,,,,,,
2018-10-11,1719.359985,13935900,-0.020447238,,,,,,,,,,,,,,,,,,,,,
2018-10-12,1788.609985,9444600,0.040276615,,,,,,,,,,,,,,,,,,,,,
2018-10-15,1760.949951,6437200,-0.015464542,,,,,,,,,,,,,,,,,,,,,
2018-10-16,1819.959961,5859900,0.033510328,,,,,,,,,,,,,,,,,,,,,
2018-10-17,1831.72998,5295200,0.006467186,,,,,,,,,,,,,,,,,,,,,
2018-10-18,1770.719971,5874000,-0.033307316,,,,,,,,,,,,,,,,,,,,,
2018-10-19,1764.030029,5907200,-0.003778091,,,,,,,,,,,,,,,,,,,,,
2018-10-22,1789.300049,4500000,0.014325164,,,,,,,,,,,,,,,,,,,,,
2018-10-23,1768.699951,6723900,-0.011512937,,,,,,,,,,,,,,,,,,,,,
2018-10-24,1664.199951,6928400,-0.059082944,,,,,,,,,,,,,,,,,,,,,
2018-10-25,1782.170044,10285700,0.070886971,,,,,,,,,,,,,,,,,,,,,
2018-10-26,1642.810059,14963800,-0.078196795,,,,,,,,,,,,,,,,,,,,,
2018-10-29,1538.880005,13866100,-0.063263585,,,,,,,,,,,,,,,,,,,,,
2018-10-30,1530.420044,12460100,-0.005497479,,,,,,,,,,,,,,,,,,,,,
2018-10-31,1598.01001,9390200,0.044164324,,,,,,,,,,,,,,,,,,,,,
2018-11-01,1665.530029,8135500,0.042252563,,,,,,,,,,,,,,,,,,,,,
2018-11-02,1665.530029,6955500,0,,,,,,,,,,,,,,,,,,,,,
2018-11-05,1627.800049,5624700,-0.022653437,,,,,,,,,,,,,,,,,,,,,
2018-11-06,1642.810059,4257400,0.00922104,,,,,,,,,,,,,,,,,,,,,
2018-11-07,1755.48999,8192200,0.06858975,,,,,,,,,,,,,,,,,,,,,
2018-11-08,1754.910034,6534900,-0.000330367,,,,,,,,,,,,,,,,,,,,,
2018-11-09,1712.430054,5902200,-0.024206358,,,,,,,,,,,,,,,,,,,,,
2018-11-12,1636.849976,6806200,-0.044136155,,,,,,,,,,,,,,,,,,,,,
2018-11-13,1631.170044,5933300,-0.003470038,,,,,,,,,,,,,,,,,,,,,
2018-11-14,1599.01001,6486900,-0.01971593,,,,,,,,,,,,,,,,,,,,,
2018-11-15,1619.439941,8427300,0.012776612,,,,,,,,,,,,,,,,,,,,,
2018-11-16,1593.410034,6066100,-0.016073401,,,,,,,,,,,,,,,,,,,,,
2018-11-19,1512.290039,7790000,-0.05090968,,,,,,,,,,,,,,,,,,,,,
2018-11-20,1495.459961,10878800,-0.011128869,,,,,,,,,,,,,,,,,,,,,
2018-11-21,1516.72998,5716800,0.014223062,,,,,,,,,,,,,,,,,,,,,
2018-11-23,1502.060059,2707600,-0.009672072,,,,,,,,,,,,,,,,,,,,,
2018-11-26,1581.329956,6257700,0.052774119,,,,,,,,,,,,,,,,,,,,,
2018-11-27,1581.420044,5783200,5.69698E-05,,,,,,,,,,,,,,,,,,,,,
2018-11-28,1677.75,8458700,0.06091358,,,,,,,,,,,,,,,,,,,,,
2018-11-29,1673.569946,6613200,-0.002491464,,,,,,,,,,,,,,,,,,,,,
2018-11-30,1690.170044,5761800,0.009918975,,,,,,,,,,,,,,,,,,,,,
2018-12-03,1772.359985,6862300,0.048628208,,,,,,,,,,,,,,,,,,,,,
2018-12-04,1668.400024,8694500,-0.058656233,,,,,,,,,,,,,,,,,,,,,
2018-12-06,1699.189941,8789400,0.018454757,,,,,,,,,,,,,,,,,,,,,
2018-12-07,1629.130005,7576100,-0.041231374,,,,,,,,,,,,,,,,,,,,,
2018-12-10,1641.030029,7494800,0.007304527,,,,,,,,,,,,,,,,,,,,,
2018-12-11,1643.23999,6244700,0.001346691,,,,,,,,,,,,,,,,,,,,,
2018-12-12,1663.540039,6598000,0.012353673,,,,,,,,,,,,,,,,,,,,,
2018-12-13,1658.380005,5271300,-0.003101839,,,,,,,,,,,,,,,,,,,,,
2018-12-14,1591.910034,6367200,-0.040081267,,,,,,,,,,,,,,,,,,,,,
2018-12-17,1520.910034,8829800,-0.04460051,,,,,,,,,,,,,,,,,,,,,
2018-12-18,1551.47998,6523000,0.020099773,,,,,,,,,,,,,,,,,,,,,
2018-12-19,1495.079956,8792200,-0.036352402,,,,,,,,,,,,,,,,,,,,,
2018-12-20,1460.829956,9991800,-0.022908474,,,,,,,,,,,,,,,,,,,,,
2018-12-21,1377.449951,13640300,-0.057077146,,,,,,,,,,,,,,,,,,,,,
2018-12-24,1343.959961,7220000,-0.024313036,,,,,,,,,,,,,,,,,,,,,
2018-12-26,1470.900024,10411800,0.094452265,,,,,,,,,,,,,,,,,,,,,
2018-12-27,1461.640015,9722000,-0.006295471,,,,,,,,,,,,,,,,,,,,,
2018-12-28,1478.02002,8829000,0.011206593,,,,,,,,,,,,,,,,,,,,,
2018-12-31,1501.969971,6954500,0.016204078,,,,,,,,,,,,,,,,,,,,,
2019-01-02,1539.130005,7983100,0.024740863,,,,,,,,,,,,,,,,,,,,,
2019-01-03,1500.280029,6975600,-0.025241517,,,,,,,,,,,,,,,,,,,,,
2019-01-04,1575.390015,9182600,0.050063978,,,,,,,,,,,,,,,,,,,,,
2019-01-07,1629.51001,7993200,0.034353395,,,,,,,,,,,,,,,,,,,,,
2019-01-08,1656.579956,8881400,0.016612323,,,,,,,,,,,,,,,,,,,,,
2019-01-09,1659.420044,6348800,0.001714429,,,,,,,,,,,,,,,,,,,,,
2019-01-10,1656.219971,6507700,-0.001928429,,,,,,,,,,,,,,,,,,,,,
2019-01-11,1640.560059,4686200,-0.009455213,,,,,,,,,,,,,,,,,,,,,
2019-01-14,1617.209961,6005900,-0.014233004,,,,,,,,,,,,,,,,,,,,,
2019-01-15,1674.560059,5998500,0.03546237,,,,,,,,,,,,,,,,,,,,,
2019-01-16,1683.780029,6366900,0.005505906,,,,,,,,,,,,,,,,,,,,,
2019-01-17,1693.219971,4208900,0.005606399,,,,,,,,,,,,,,,,,,,,,
2019-01-18,1696.199951,6020500,0.001759949,,,,,,,,,,,,,,,,,,,,,
2019-01-22,1632.170044,6416800,-0.037749032,,,,,,,,,,,,,,,,,,,,,
2019-01-23,1640.02002,5225200,0.004809533,,,,,,,,,,,,,,,,,,,,,
2019-01-24,1654.930054,4089900,0.009091373,,,,,,,,,,,,,,,,,,,,,
2019-01-25,1670.569946,4945900,0.009450485,,,,,,,,,,,,,,,,,,,,,
2019-01-28,1637.890015,4837700,-0.019562145,,,,,,,,,,,,,,,,,,,,,
2019-01-29,1593.880005,4632800,-0.026869942,,,,,,,,,,,,,,,,,,,,,
2019-01-30,1670.430054,5783800,0.048027486,,,,,,,,,,,,,,,,,,,,,
2019-01-31,1718.72998,10910300,0.028914665,,,,,,,,,,,,,,,,,,,,,
2019-02-01,1626.22998,11506200,-0.053818809,,,,,,,,,,,,,,,,,,,,,
2019-02-04,1633.310059,4929100,0.004353676,,,,,,,,,,,,,,,,,,,,,
2019-02-05,1658.810059,4453100,0.015612467,,,,,,,,,,,,,,,,,,,,,
2019-02-06,1640.26001,3939900,-0.011182744,,,,,,,,,,,,,,,,,,,,,
2019-02-07,1614.369995,4626600,-0.015784092,,,,,,,,,,,,,,,,,,,,,
2019-02-08,1588.219971,5657500,-0.016198284,,,,,,,,,,,,,,,,,,,,,
2019-02-11,1591,3317300,0.001750406,,,,,,,,,,,,,,,,,,,,,
2019-02-12,1638.01001,4858600,0.029547461,,,,,,,,,,,,,,,,,,,,,
2019-02-13,1640,3560300,0.001214883,,,,,,,,,,,,,,,,,,,,,
2019-02-14,1622.650024,4120500,-0.010579254,,,,,,,,,,,,,,,,,,,,,
2019-02-15,1607.949951,4343900,-0.0090593,,,,,,,,,,,,,,,,,,,,,
2019-02-19,1627.579956,3681700,0.012208095,,,,,,,,,,,,,,,,,,,,,
2019-02-20,1622.099976,3337600,-0.00336695,,,,,,,,,,,,,,,,,,,,,
2019-02-21,1619.439941,3483400,-0.001639871,,,,,,,,,,,,,,,,,,,,,
2019-02-22,1631.560059,3096200,0.007484142,,,,,,,,,,,,,,,,,,,,,
2019-02-25,1633,3184500,0.000882555,,,,,,,,,,,,,,,,,,,,,
2019-02-26,1636.400024,2665800,0.002082072,,,,,,,,,,,,,,,,,,,,,
2019-02-27,1641.089966,3148800,0.002866012,,,,,,,,,,,,,,,,,,,,,
2019-02-28,1639.829956,3025900,-0.000767788,,,,,,,,,,,,,,,,,,,,,
2019-03-01,1671.72998,4974900,0.019453251,,,,,,,,,,,,,,,,,,,,,
2019-03-04,1696.170044,6167400,0.014619624,,,,,,,,,,,,,,,,,,,,,
2019-03-05,1692.430054,3681500,-0.002204962,,,,,,,,,,,,,,,,,,,,,
2019-03-06,1668.949951,3996000,-0.013873603,,,,,,,,,,,,,,,,,,,,,
2019-03-07,1625.949951,4957000,-0.025764703,,,,,,,,,,,,,,,,,,,,,
2019-03-08,1620.800049,4667000,-0.003167319,,,,,,,,,,,,,,,,,,,,,
2019-03-11,1670.619995,3876400,0.030737873,,,,,,,,,,,,,,,,,,,,,
2019-03-12,1673.099976,3614500,0.001484467,,,,,,,,,,,,,,,,,,,,,
2019-03-13,1690.810059,3552000,0.010585191,,,,,,,,,,,,,,,,,,,,,
2019-03-14,1686.219971,2946600,-0.002714727,,,,,,,,,,,,,,,,,,,,,
2019-03-15,1712.359985,7550900,0.015502138,,,,,,,,,,,,,,,,,,,,,
2019-03-18,1742.150024,5429100,0.017397066,,,,,,,,,,,,,,,,,,,,,
2019-03-19,1761.849976,6364200,0.011307839,,,,,,,,,,,,,,,,,,,,,
2019-03-20,1797.27002,6265600,0.020103893,,,,,,,,,,,,,,,,,,,,,
2019-03-21,1819.26001,5767800,0.012235218,,,,,,,,,,,,,,,,,,,,,
2019-03-22,1764.77002,6363000,-0.029951733,,,,,,,,,,,,,,,,,,,,,
2019-03-25,1774.26001,5103800,0.005377466,,,,,,,,,,,,,,,,,,,,,
2019-03-26,1783.76001,4865900,0.005354345,,,,,,,,,,,,,,,,,,,,,
2019-03-27,1765.699951,4324800,-0.010124713,,,,,,,,,,,,,,,,,,,,,
2019-03-28,1773.420044,3043000,0.004372256,,,,,,,,,,,,,,,,,,,,,
2019-03-29,1780.75,3320800,0.004133232,,,,,,,,,,,,,,,,,,,,,
2019-04-01,1814.189941,4238800,0.018778571,,,,,,,,,,,,,,,,,,,,,
2019-04-02,1813.97998,3448100,-0.000115733,,,,,,,,,,,,,,,,,,,,,
2019-04-03,1820.699951,3980600,0.003704545,,,,,,,,,,,,,,,,,,,,,
2019-04-04,1818.859985,3623900,-0.001010582,,,,,,,,,,,,,,,,,,,,,
2019-04-05,1837.280029,3640500,0.010127247,,,,,,,,,,,,,,,,,,,,,
2019-04-08,1849.859985,3752800,0.006847054,,,,,,,,,,,,,,,,,,,,,
2019-04-09,1835.839966,3714400,-0.007578962,,,,,,,,,,,,,,,,,,,,,
2019-04-10,1847.329956,2964000,0.00625871,,,,,,,,,,,,,,,,,,,,,
2019-04-11,1844.069946,2654800,-0.001764715,,,,,,,,,,,,,,,,,,,,,
2019-04-12,1843.060059,3114400,-0.00054764,,,,,,,,,,,,,,,,,,,,,
2019-04-15,1844.869995,3724400,0.000982028,,,,,,,,,,,,,,,,,,,,,
2019-04-16,1863.040039,3044600,0.009848956,,,,,,,,,,,,,,,,,,,,,
2019-04-17,1864.819946,2893500,0.000955378,,,,,,,,,,,,,,,,,,,,,
2019-04-18,1861.689941,2749900,-0.001678449,,,,,,,,,,,,,,,,,,,,,
2019-04-22,1887.310059,3373800,0.013761753,,,,,,,,,,,,,,,,,,,,,
2019-04-23,1923.77002,4640400,0.01931848,,,,,,,,,,,,,,,,,,,,,
2019-04-24,1901.75,3675800,-0.011446285,,,,,,,,,,,,,,,,,,,,,
2019-04-25,1902.25,6099100,0.000262916,,,,,,,,,,,,,,,,,,,,,
2019-04-26,1950.630005,8432600,0.025433042,,,,,,,,,,,,,,,,,,,,,
2019-04-29,1938.430054,4021300,-0.006254364,,,,,,,,,,,,,,,,,,,,,
2019-04-30,1926.52002,3506000,-0.006144165,,,,,,,,,,,,,,,,,,,,,
2019-05-01,1911.52002,3117000,-0.00778606,,,,,,,,,,,,,,,,,,,,,
2019-05-02,1900.819946,3962900,-0.005597678,,,,,,,,,,,,,,,,,,,,,
2019-05-03,1962.459961,6381600,0.032428119,,,,,,,,,,,,,,,,,,,,,
2019-05-06,1950.550049,5417800,-0.006068869,,,,,,,,,,,,,,,,,,,,,
2019-05-07,1921,5902100,-0.015149598,,,,,,,,,,,,,,,,,,,,,
2019-05-08,1917.77002,4078600,-0.001681406,,,,,,,,,,,,,,,,,,,,,
2019-05-09,1899.869995,5308300,-0.00933377,,,,,,,,,,,,,,,,,,,,,
2019-05-10,1889.97998,5718000,-0.005205627,,,,,,,,,,,,,,,,,,,,,
2019-05-13,1822.680054,5783400,-0.035608804,,,,,,,,,,,,,,,,,,,,,
2019-05-14,1840.119995,4629100,0.009568295,,,,,,,,,,,,,,,,,,,,,
2019-05-15,1871.150024,4692600,0.016863046,,,,,,,,,,,,,,,,,,,,,
2019-05-16,1907.569946,4707800,0.019463924,,,,,,,,,,,,,,,,,,,,,
2019-05-17,1869,4736600,-0.020219414,,,,,,,,,,,,,,,,,,,,,
2019-05-20,1858.969971,3798200,-0.005366522,,,,,,,,,,,,,,,,,,,,,
2019-05-21,1857.52002,4005100,-0.000779975,,,,,,,,,,,,,,,,,,,,,
2019-05-22,1859.680054,2936600,0.001162859,,,,,,,,,,,,,,,,,,,,,
2019-05-23,1815.47998,4424300,-0.023767569,,,,,,,,,,,,,,,,,,,,,
2019-05-24,1823.280029,3369700,0.004296411,,,,,,,,,,,,,,,,,,,,,
2019-05-28,1836.430054,3200000,0.00721229,,,,,,,,,,,,,,,,,,,,,
2019-05-29,1819.189941,4279000,-0.009387841,,,,,,,,,,,,,,,,,,,,,
2019-05-30,1816.319946,3146900,-0.001577623,,,,,,,,,,,,,,,,,,,,,
2019-05-31,1775.069946,4618800,-0.022710756,,,,,,,,,,,,,,,,,,,,,
2019-06-03,1692.689941,9098700,-0.046409442,,,,,,,,,,,,,,,,,,,,,
2019-06-04,1729.560059,5679100,0.021781968,,,,,,,,,,,,,,,,,,,,,
2019-06-05,1738.5,4239800,0.00516891,,,,,,,,,,,,,,,,,,,,,
2019-06-06,1754.359985,3689300,0.009122798,,,,,,,,,,,,,,,,,,,,,
2019-06-07,1804.030029,4808200,0.028312344,,,,,,,,,,,,,,,,,,,,,
2019-06-10,1860.630005,5371000,0.031374187,,,,,,,,,,,,,,,,,,,,,
2019-06-11,1863.699951,4042700,0.00164995,,,,,,,,,,,,,,,,,,,,,
2019-06-12,1855.319946,2674500,-0.004496435,,,,,,,,,,,,,,,,,,,,,
2019-06-13,1870.300049,2795800,0.008074135,,,,,,,,,,,,,,,,,,,,,
2019-06-14,1869.670044,2851200,-0.000336847,,,,,,,,,,,,,,,,,,,,,
2019-06-17,1886.030029,2634300,0.008750199,,,,,,,,,,,,,,,,,,,,,
2019-06-18,1901.369995,3895700,0.008133469,,,,,,,,,,,,,,,,,,,,,
2019-06-19,1908.790039,2895300,0.003902472,,,,,,,,,,,,,,,,,,,,,
2019-06-20,1918.189941,3217200,0.004924534,,,,,,,,,,,,,,,,,,,,,
2019-06-21,1911.300049,3933600,-0.003591872,,,,,,,,,,,,,,,,,,,,,
2019-06-24,1913.900024,2283000,0.001360318,,,,,,,,,,,,,,,,,,,,,
2019-06-25,1878.27002,3012300,-0.018616439,,,,,,,,,,,,,,,,,,,,,
2019-06-26,1897.829956,2441900,0.010413804,,,,,,,,,,,,,,,,,,,,,
2019-06-27,1904.280029,2141700,0.003398657,,,,,,,,,,,,,,,,,,,,,
2019-06-28,1893.630005,3037400,-0.005592677,,,,,,,,,,,,,,,,,,,,,
2019-07-01,1922.189941,3203300,0.01508211,,,,,,,,,,,,,,,,,,,,,
2019-07-02,1934.310059,2645900,0.00630537,,,,,,,,,,,,,,,,,,,,,
2019-07-03,1939,1690300,0.002424607,,,,,,,,,,,,,,,,,,,,,
2019-07-05,1942.910034,2628400,0.002016521,,,,,,,,,,,,,,,,,,,,,
2019-07-08,1952.319946,2883400,0.004843205,,,,,,,,,,,,,,,,,,,,,
2019-07-09,1988.300049,4345700,0.018429409,,,,,,,,,,,,,,,,,,,,,
2019-07-10,2017.410034,4931900,0.01464064,,,,,,,,,,,,,,,,,,,,,
2019-07-11,2001.069946,4317800,-0.008099537,,,,,,,,,,,,,,,,,,,,,
2019-07-12,2011,2509300,0.004962372,,,,,,,,,,,,,,,,,,,,,
2019-07-15,2020.98999,2981300,0.004967673,,,,,,,,,,,,,,,,,,,,,
2019-07-16,2009.900024,2618200,-0.005487393,,,,,,,,,,,,,,,,,,,,,
2019-07-17,1992.030029,2558800,-0.008890987,,,,,,,,,,,,,,,,,,,,,
2019-07-18,1977.900024,3504300,-0.007093269,,,,,,,,,,,,,,,,,,,,,
2019-07-19,1964.52002,3185600,-0.006764752,,,,,,,,,,,,,,,,,,,,,
2019-07-22,1985.630005,2900000,0.01074562,,,,,,,,,,,,,,,,,,,,,
2019-07-23,1994.48999,2703500,0.004462052,,,,,,,,,,,,,,,,,,,,,
2019-07-24,2000.810059,2631300,0.003168764,,,,,,,,,,,,,,,,,,,,,
2019-07-25,1973.819946,4136500,-0.013489593,,,,,,,,,,,,,,,,,,,,,
2019-07-26,1943.050049,4927100,-0.015589009,,,,,,,,,,,,,,,,,,,,,
2019-07-29,1912.449951,4493200,-0.015748487,,,,,,,,,,,,,,,,,,,,,
2019-07-30,1898.530029,2910900,-0.007278581,,,,,,,,,,,,,,,,,,,,,
2019-07-31,1866.780029,4470700,-0.016723465,,,,,,,,,,,,,,,,,,,,,
2019-08-01,1855.319946,4713300,-0.006138957,,,,,,,,,,,,,,,,,,,,,
2019-08-02,1823.23999,4956200,-0.017290795,,,,,,,,,,,,,,,,,,,,,
2019-08-05,1765.130005,6058200,-0.031871825,,,,,,,,,,,,,,,,,,,,,
2019-08-06,1787.829956,5070300,0.012860215,,,,,,,,,,,,,,,,,,,,,
2019-08-07,1793.400024,4526900,0.003115547,,,,,,,,,,,,,,,,,,,,,
2019-08-08,1832.890015,3701200,0.022019622,,,,,,,,,,,,,,,,,,,,,
2019-08-09,1807.579956,2879800,-0.013808826,,,,,,,,,,,,,,,,,,,,,
2019-08-12,1784.920044,2905500,-0.01253605,,,,,,,,,,,,,,,,,,,,,
2019-08-13,1824.339966,3994000,0.022084979,,,,,,,,,,,,,,,,,,,,,
2019-08-14,1762.959961,4893600,-0.033645048,,,,,,,,,,,,,,,,,,,,,
2019-08-15,1776.119995,3759100,0.007464738,,,,,,,,,,,,,,,,,,,,,
2019-08-16,1792.569946,3018000,0.009261734,,,,,,,,,,,,,,,,,,,,,
2019-08-19,1816.119995,2816300,0.01313759,,,,,,,,,,,,,,,,,,,,,
2019-08-20,1801.380005,1929500,-0.008116198,,,,,,,,,,,,,,,,,,,,,
2019-08-21,1823.540039,2031800,0.012301699,,,,,,,,,,,,,,,,,,,,,
2019-08-22,1804.660034,2653500,-0.010353491,,,,,,,,,,,,,,,,,,,,,
2019-08-23,1749.619995,5270800,-0.030498841,,,,,,,,,,,,,,,,,,,,,
2019-08-26,1768.869995,3080000,0.011002389,,,,,,,,,,,,,,,,,,,,,
2019-08-27,1761.829956,3019700,-0.003979964,,,,,,,,,,,,,,,,,,,,,
2019-08-28,1764.25,2419700,0.001373597,,,,,,,,,,,,,,,,,,,,,
2019-08-29,1786.400024,3015100,0.012554924,,,,,,,,,,,,,,,,,,,,,
2019-08-30,1776.290039,3058700,-0.005659418,,,,,,,,,,,,,,,,,,,,,
2019-09-03,1789.839966,3543000,0.007628218,,,,,,,,,,,,,,,,,,,,,
2019-09-04,1800.619995,2324100,0.006022901,,,,,,,,,,,,,,,,,,,,,
2019-09-05,1840.719971,3310800,0.022270094,,,,,,,,,,,,,,,,,,,,,
2019-09-06,1833.51001,2496900,-0.003916924,,,,,,,,,,,,,,,,,,,,,
2019-09-09,1831.349976,2999500,-0.001178087,,,,,,,,,,,,,,,,,,,,,
2019-09-10,1820.550049,2613900,-0.005897249,,,,,,,,,,,,,,,,,,,,,
2019-09-11,1822.98999,2432800,0.001340222,,,,,,,,,,,,,,,,,,,,,
2019-09-12,1843.550049,2823500,0.011278207,,,,,,,,,,,,,,,,,,,,,
2019-09-13,1839.339966,1971300,-0.002283683,,,,,,,,,,,,,,,,,,,,,
2019-09-16,1807.839966,3675500,-0.017125708,,,,,,,,,,,,,,,,,,,,,
2019-09-17,1822.550049,1982400,0.008136828,,,,,,,,,,,,,,,,,,,,,
2019-09-18,1817.459961,2505600,-0.002792839,,,,,,,,,,,,,,,,,,,,,
2019-09-19,1821.5,2031500,0.002222904,,,,,,,,,,,,,,,,,,,,,
2019-09-20,1794.160034,5341900,-0.015009589,,,,,,,,,,,,,,,,,,,,,
2019-09-23,1785.300049,2922300,-0.004938236,,,,,,,,,,,,,,,,,,,,,
2019-09-24,1741.609985,4616000,-0.024472113,,,,,,,,,,,,,,,,,,,,,
2019-09-25,1768.329956,3493200,0.015342109,,,,,,,,,,,,,,,,,,,,,
2019-09-26,1739.839966,3536800,-0.016111241,,,,,,,,,,,,,,,,,,,,,
2019-09-27,1725.449951,3907200,-0.008270884,,,,,,,,,,,,,,,,,,,,,
2019-09-30,1735.910034,2644700,0.006062235,,,,,,,,,,,,,,,,,,,,,
2019-10-01,1735.650024,3084500,-0.000149783,,,,,,,,,,,,,,,,,,,,,
2019-10-02,1713.22998,3301100,-0.012917376,,,,,,,,,,,,,,,,,,,,,
2019-10-03,1724.420044,3468200,0.00653156,,,,,,,,,,,,,,,,,,,,,
2019-10-04,1739.650024,2471900,0.008831943,,,,,,,,,,,,,,,,,,,,,
2019-10-07,1732.660034,2154700,-0.004018044,,,,,,,,,,,,,,,,,,,,,
2019-10-08,1705.51001,2542000,-0.015669562,,,,,,,,,,,,,,,,,,,,,
2019-10-09,1721.98999,2043500,0.009662787,,,,,,,,,,,,,,,,,,,,,
2019-10-10,1720.26001,2575200,-0.00100464,,,,,,,,,,,,,,,,,,,,,
2019-10-11,1731.920044,3255000,0.006778065,,,,,,,,,,,,,,,,,,,,,
2019-10-14,1736.430054,1910200,0.002604052,,,,,,,,,,,,,,,,,,,,,
2019-10-15,1767.380005,3111700,0.017823897,,,,,,,,,,,,,,,,,,,,,
2019-10-16,1777.430054,2763400,0.005686411,,,,,,,,,,,,,,,,,,,,,
2019-10-17,1787.47998,2647400,0.005654189,,,,,,,,,,,,,,,,,,,,,
2019-10-18,1757.51001,3362500,-0.016766605,,,,,,,,,,,,,,,,,,,,,
2019-10-21,1785.660034,2130400,0.016016992,,,,,,,,,,,,,,,,,,,,,
2019-10-22,1765.72998,2111700,-0.011161169,,,,,,,,,,,,,,,,,,,,,
2019-10-23,1762.170044,2138200,-0.002016127,,,,,,,,,,,,,,,,,,,,,
2019-10-24,1780.780029,4446100,0.010560834,,,,,,,,,,,,,,,,,,,,,
2019-10-25,1761.329956,9626400,-0.010922221,,,,,,,,,,,,,,,,,,,,,
2019-10-28,1777.079956,3708900,0.008942106,,,,,,,,,,,,,,,,,,,,,
2019-10-29,1762.709961,2276900,-0.008086296,,,,,,,,,,,,,,,,,,,,,
2019-10-30,1779.98999,2449400,0.009803104,,,,,,,,,,,,,,,,,,,,,
2019-10-31,1776.660034,2781200,-0.001870772,,,,,,,,,,,,,,,,,,,,,
2019-11-01,1791.439941,2790400,0.008318928,,,,,,,,,,,,,,,,,,,,,
2019-11-04,1804.660034,2771900,0.00737959,,,,,,,,,,,,,,,,,,,,,
2019-11-05,1801.709961,1885500,-0.001634697,,,,,,,,,,,,,,,,,,,,,
2019-11-06,1795.77002,2029800,-0.003296835,,,,,,,,,,,,,,,,,,,,,
2019-11-07,1788.199951,2651100,-0.0042155,,,,,,,,,,,,,,,,,,,,,
2019-11-08,1785.880005,2123300,-0.001297364,,,,,,,,,,,,,,,,,,,,,
2019-11-11,1771.650024,1946000,-0.00796805,,,,,,,,,,,,,,,,,,,,,
2019-11-12,1778,2037600,0.003584216,,,,,,,,,,,,,,,,,,,,,
2019-11-13,1753.109985,2989500,-0.013998884,,,,,,,,,,,,,,,,,,,,,
2019-11-14,1754.599976,2264800,0.000849913,,,,,,,,,,,,,,,,,,,,,
2019-11-15,1739.48999,3927600,-0.008611642,,,,,,,,,,,,,,,,,,,,,
2019-11-18,1752.530029,2839500,0.007496473,,,,,,,,,,,,,,,,,,,,,
2019-11-19,1752.790039,2270800,0.000148363,,,,,,,,,,,,,,,,,,,,,
2019-11-20,1745.530029,2790000,-0.004141974,,,,,,,,,,,,,,,,,,,,,
2019-11-21,1734.709961,2662900,-0.006198729,,,,,,,,,,,,,,,,,,,,,
2019-11-22,1745.719971,2479100,0.006346888,,,,,,,,,,,,,,,,,,,,,
2019-11-25,1773.839966,3486200,0.016107964,,,,,,,,,,,,,,,,,,,,,
2019-11-26,1796.939941,3181200,0.013022581,,,,,,,,,,,,,,,,,,,,,
2019-11-27,1818.51001,3025600,0.012003778,,,,,,,,,,,,,,,,,,,,,
2019-11-29,1800.800049,1923400,-0.009738721,,,,,,,,,,,,,,,,,,,,,
2019-12-02,1781.599976,3925600,-0.010661968,,,,,,,,,,,,,,,,,,,,,
2019-12-03,1769.959961,3380900,-0.006533462,,,,,,,,,,,,,,,,,,,,,
2019-12-04,1760.689941,2670100,-0.005237418,,,,,,,,,,,,,,,,,,,,,
2019-12-05,1740.47998,2823800,-0.011478433,,,,,,,,,,,,,,,,,,,,,
2019-12-06,1751.599976,3117400,0.00638904,,,,,,,,,,,,,,,,,,,,,
2019-12-09,1749.51001,2442800,-0.001193175,,,,,,,,,,,,,,,,,,,,,
2019-12-10,1739.209961,2514300,-0.005887391,,,,,,,,,,,,,,,,,,,,,
2019-12-11,1748.719971,2097600,0.005468006,,,,,,,,,,,,,,,,,,,,,
2019-12-12,1760.329956,3095900,0.006639133,,,,,,,,,,,,,,,,,,,,,
2019-12-13,1760.939941,2745700,0.000346517,,,,,,,,,,,,,,,,,,,,,
2019-12-16,1769.209961,3145200,0.004696367,,,,,,,,,,,,,,,,,,,,,
2019-12-17,1790.660034,3644400,0.012124097,,,,,,,,,,,,,,,,,,,,,
2019-12-18,1784.030029,3351400,-0.003702548,,,,,,,,,,,,,,,,,,,,,
2019-12-19,1792.280029,2652800,0.004624362,,,,,,,,,,,,,,,,,,,,,
2019-12-20,1786.5,5150800,-0.003224959,,,,,,,,,,,,,,,,,,,,,
2019-12-23,1793,2136400,0.003638399,,,,,,,,,,,,,,,,,,,,,
2019-12-24,1789.209961,881300,-0.002113798,,,,,,,,,,,,,2019,0.003638399,-0.003224959,0.004624362,-0.003702548,0.012124097,2506501,-0.002113798,DOWN
2019-12-26,1868.77002,6005400,0.044466586,,,,,,,,,,,,,2019,-0.002113798,0.003638399,-0.003224959,0.004624362,-0.003702548,2506502,0.044466586,UP
2019-12-27,1869.800049,6186600,0.00055118,,,,,,,,,,,,,2019,0.044466586,-0.002113798,0.003638399,-0.003224959,0.004624362,2506503,0.00055118,UP
2019-12-30,1846.890015,3674700,-0.012252665,,,,,,,,,,,,,2019,0.00055118,0.044466586,-0.002113798,0.003638399,-0.003224959,2506504,-0.012252665,DOWN
2019-12-31,1847.839966,2506500,0.000514352,,,,,,,,,,,,,2019,-0.012252665,0.00055118,0.044466586,-0.002113798,0.003638399,2506505,0.000514352,UP