Date,Close,SMA,RSI,ROC,CCI,Weeks,MTM
1999/12/3,15840.41,14540.82,82.79,14.32,97.93,1,2977.33 
1999/12/10,16380.21,15061.37,85.87,21.47,112.02,2,3123.26 
1999/12/17,15986.35,15457.38,74.25,22.67,74.69,3,2376.08 
1999/12/24,16833.28,15897.98,80.91,32.2,98.8,4,2643.61 
1999/12/30,16962.1,16212.81,81.77,29.36,116.72,5,1889.00 
2000/1/7,15405.63,16234.66,49.45,25.26,-62.57,6,131.10 
2000/1/14,15542.23,16184.97,51.47,20.83,-101.56,7,-298.18 
2000/1/21,15108.41,15973,44.67,13.97,-116.85,8,-1271.80 
2000/1/28,16185.94,16006.27,60.31,18.92,-29.2,9,199.59 
2000/2/18,16599.16,16130.69,58.1,8.67,100.61,10,1193.53 
2000/2/25,17200.98,16407.15,64.11,8.59,53.01,11,1658.75 
2000/3/3,17285.24,16769.96,64.95,5.53,76.92,12,2176.83 
2000/3/10,17831.86,17044.28,70.37,11.54,136.59,13,1645.92 
2000/3/17,17082.99,17230.09,56.1,1.48,-23,14,1114.87 
2000/3/24,17784.57,17297.47,64.25,4.85,57.69,15,404.27 
2000/3/31,17406.54,17432.03,57.37,12.99,67.76,16,807.38 
2000/4/7,16941.68,17388.81,49.53,9,-106.13,17,-259.30 
2000/4/14,16142.76,17198.4,38.65,6.85,-128.2,18,-1142.48 
2000/4/21,15367.14,16787.61,30.77,-5.06,-159.44,19,-2464.72 
2000/4/28,15519.3,16527,33.94,-2.81,-87.72,20,-1563.69 
2000/5/12,15111.94,15725.24,29.3,-8.96,-83.64,21,-2294.60 
2000/5/19,14478.26,15314.67,22.81,-15.83,-114.89,22,-2463.42 
2000/5/26,13722.7,14911.33,17.32,-20.61,-157.99,23,-2420.06 
2000/6/2,15284.1,14897.49,48.22,-14.29,-15.86,24,-83.04 
2000/6/9,16120.26,14997.65,58.25,-5.64,133.14,25,600.96 
2000/6/16,16434.38,15191.94,61.6,-7.59,110.19,26,1165.74 
2000/6/23,15738.08,15296.3,50.76,-9.59,61.2,27,626.14 
2000/6/30,16155.78,15575.88,56.29,-4.64,54.4,28,1677.52 
2000/7/7,16829.96,16093.76,64.11,4.26,105.27,29,3107.26 
2000/7/14,17586.16,16477.44,71.07,14.44,174.29,30,2302.06 
2000/7/21,17920.86,16777.54,73.78,15.47,117.12,31,1800.60 
2000/7/28,17183.93,16902.46,59.17,12.54,50.64,32,749.55 
2000/8/4,17425.7,17183.73,62.12,15.31,18.08,33,1687.62 
2000/8/11,17214.42,17360.17,57.75,18.9,2.97,34,1058.64 
2000/8/18,17440,17461.85,61.24,27.09,-22.14,35,610.04 
2000/8/25,17236.74,17403.61,56.21,12.78,-29.96,36,-349.42 
2000/9/1,17333.61,17305.73,58.18,7.53,-104.11,37,-587.25 
2000/9/8,17275.45,17320.99,56.35,5.12,103.74,38,91.52 
2000/9/15,16249.53,17124.96,33.88,3.25,-200,39,-1176.17 
2000/9/22,14612.88,16691.37,19.22,-9.55,-172.26,40,-2601.54 
2000/9/29,15648.98,16392.87,39.21,-7.02,-84.78,41,-1791.02 
2000/10/13,14680.5,15775.34,32.65,-18.08,-76.95,42,-2653.11 
2000/10/20,15044.53,15403.52,38.21,-12.45,-86.58,43,-2230.92 
2000/10/27,14902.46,15179.01,36.79,-14.48,-53.49,44,-1347.07 
2000/11/3,15594.12,15342.55,48.07,-9.41,15.49,45,981.24 
2000/11/10,15389.39,15299.28,45.21,-11.76,57.01,46,-259.59 
2000/11/17,15180.85,15131.98,42.14,-11.93,-0.24,47,-1003.83 
2000/11/24,14376.9,15081.38,32.06,-17.06,-101.77,48,-303.60 
2000/12/1,14441.43,14980.86,33.59,-16.4,-126.77,49,-603.10 
2000/12/8,15189.33,15028.67,49.43,-6.52,-9.3,50,286.87 
2000/12/15,14975.53,14925.57,45.69,2.48,40.5,51,-618.59 
2000/12/22,14738.21,14817.04,41.51,-5.82,-13.05,52,-651.18 
2000/12/29,15095.53,14802.82,49.81,-6.73,51.54,53,-85.32 
2001/1/5,15447.61,14981.27,57.02,5.23,74.76,54,1070.71 
2001/1/12,15295.42,15123.61,53.06,1.67,109.28,55,853.99 
2001/1/19,15933.55,15247.64,65.2,6.92,161.27,56,744.22 
2001/2/9,15873.28,15777.56,59.72,4.56,44.95,57,777.75 
2001/2/16,15630.31,15808.01,51.09,8.72,-16.5,58,182.70 
2001/2/23,15280.56,15805.53,40.88,5.81,-150.15,59,-14.86 
2001/3/2,13966.43,15477.68,21.5,-8.05,-163.27,60,-1967.12 
2001/3/9,14194.35,15169.37,28.55,-5.22,-111.78,61,-1849.86 
2001/3/16,13522.04,14744.5,21.67,-8.25,-111.17,62,-2549.25 
2001/3/23,12583.36,14196.18,15.43,-16.64,-119.53,63,-3289.92 
2001/3/30,12760.64,13717.9,20.61,-17.39,-88.05,64,-2869.67 
2001/4/6,12386.61,13235.57,17.84,-19.02,-92.19,65,-2893.95 
2001/4/13,12989.47,13072.75,34.77,-18.48,-49.69,66,-976.96 
2001/4/20,13448.13,12948.38,45.1,-16.18,70.94,67,-746.22 
2001/4/27,13386.04,12925.71,43.97,-16.71,112.37,68,-136.00 
2001/4/30,13386.04,12925.71,43.97,-16.71,112.37,69,-136.00 
2001/5/11,13636.61,13206.31,51.08,-12.76,81.37,70,875.97 
2001/5/18,13459.18,13385.07,46.09,-11.92,46.67,71,1072.57 
2001/5/25,13753.99,13512.49,54.87,-1.52,124.14,72,764.52 
2001/6/1,13141.38,13461.37,39.02,-7.42,-87.11,73,-306.75 
2001/6/8,13808.89,13531.84,55.74,2.12,47.84,74,422.85 
2001/6/15,13102.5,13483.76,41.35,4.13,-97.24,75,-288.49 
2001/6/22,13174.02,13406.66,43.13,3.24,-118.72,76,-462.59 
2001/6/29,13042.53,13337.22,40.42,5.3,-108.09,77,-416.65 
2001/7/6,12999.48,13211.47,39.44,0.08,-60.27,78,-754.51 
2001/7/13,12612.79,13123.37,31.31,-6.21,-144.37,79,-528.59 
2001/7/20,12301.68,12872.17,26.11,-8.1,-129.17,80,-1507.21 
2001/7/27,12182.17,12718.78,24.25,-9.03,-115.4,81,-920.33 
2001/8/3,12269.08,12567.96,28.68,-10.03,-66.32,82,-904.94 
2001/8/10,11765.81,12355.17,20.4,-12.58,-115.47,83,-1276.72 
2001/8/17,11754.81,12147.72,20.24,-14.54,-95.67,84,-1244.67 
2001/8/24,11110.3,11897.31,13.24,-15.46,-157.15,85,-1502.49 
2001/8/31,11090.48,11695.44,13.08,-19.69,-107.94,86,-1211.20 
2001/9/7,10384.2,11395.78,8.5,-20.75,-117.16,87,-1797.97 
2001/9/14,9655.45,10960.18,5.93,-26.71,-149.62,88,-2613.63 
2001/9/21,8934.2,10488.24,4.36,-31.5,-125.57,89,-2831.61 
2001/9/28,9950.7,10187.56,33.9,-23.45,-56.1,90,-1804.11 
2001/10/12,10274.13,9912.68,40.89,-16.48,53.52,91,-816.35 
2001/10/19,9825.84,9819.62,33.79,-19.34,34.39,92,-558.36 
2001/10/26,10404.74,9944.5,47.82,-15.2,60.76,93,749.29 
2001/11/2,10186.06,10153.14,43.63,-13.43,38.32,94,1251.86 
2001/11/9,10609.25,10262.9,53.17,-9.75,166.85,95,658.55 
2001/11/16,11287.37,10431.23,64.66,1.59,167.58,96,1009.99 
2001/11/23,11322.36,10605.94,65.19,2.09,120.65,97,1048.23 
2001/11/30,11279.25,10848.17,63.78,8.62,72.21,98,1453.41 
2001/12/7,11832.18,11086.08,72.83,22.54,98.17,99,1427.44 
2001/12/14,11466.11,11299.42,60.77,28.34,80.07,100,1280.05 
2001/12/21,11158.1,11390.9,52.06,12.13,-16.61,101,548.85 
2001/12/28,11431.59,11414.93,58.41,11.23,-25.1,102,144.22 
2002/1/4,11702.15,11478.23,64.06,13.9,56.82,103,379.79 
2002/1/11,11166.46,11459.43,48.43,13.64,-44.27,104,-112.79 
2002/1/18,10972.96,11316.23,43.79,5.46,-169.63,105,-859.22 
2002/1/25,10772.96,11200.7,39.15,5.76,-123.6,106,-693.15 
2002/2/1,10691.25,11122.9,37.21,0.77,-86.42,107,-466.85 
2002/2/8,10518.99,10970.8,33.08,-6.81,-102.28,108,-912.60 
2002/3/1,10425.31,10672.56,35.72,-11.89,-113.64,109,-547.65 
2002/3/8,11233.23,10749.27,59.14,-2.03,125.92,110,460.27 
2002/3/15,11210.25,10835.77,58.41,0.47,123.19,111,519.00 
2002/3/22,10863.07,10893.11,47.77,-4.97,31.68,112,344.08 
2002/3/29,11032.92,10904.95,52.82,-5.72,8.63,113,71.04 
2002/4/5,10831.37,10932.69,46.43,-3,-25.2,114,166.43 
2002/4/12,10710.48,10980.22,42.72,-2.39,-132.81,115,285.17 
2002/4/19,11252.18,10983.38,59.95,4.45,50.67,116,18.95 
2002/4/26,11385.08,11012.52,63.21,6.49,155.06,117,174.83 
2002/4/30,11497.58,11118.27,66.02,9.3,113.57,118,634.51 
2002/5/10,11645.9,11270.37,65.1,6.24,100.46,119,612.98 
2002/5/17,11974.61,11460.91,71.9,12.28,91.05,120,1143.24 
2002/5/24,11626.78,11613.63,57.63,11.52,47.57,121,916.30 
2002/5/31,11301.94,11621.92,47.15,0.61,-85.71,122,49.76 
2002/6/7,11284.71,11605.19,46.61,0.66,-113.37,123,-100.37 
2002/6/14,10955.52,11464.91,36.92,0.85,-114.7,124,-841.70 
2002/6/21,10591.86,11289.24,28.94,-4,-134.15,125,-1054.04 
2002/6/28,10598.55,11059.89,29.28,-2.15,-112.38,126,-1376.06 
2002/7/5,10806.16,10923.12,39.9,0.89,-57.55,127,-820.62 
2002/7/12,10648.3,10814.18,35.09,-5.37,-40.46,128,-653.64 
2002/7/19,10325.46,10654.31,27.08,-9.31,-133.55,129,-959.25 
2002/7/26,9773.12,10457.24,18.44,-17.16,-167.29,130,-1182.40 
2002/8/2,9991.72,10357.22,29.17,-14.2,-84.24,131,-600.14 
2002/8/9,10014.06,10259.8,30.3,-16.37,-74.85,132,-584.49 
2002/8/16,10265.04,10169.62,42.59,-11.71,-11.19,133,-541.12 
2002/8/23,10245.69,10102.52,41.91,-9.35,76.29,134,-402.61 
2002/8/30,10043.87,10055.58,34.9,-11,14.97,135,-281.59 
2002/9/6,9720.86,10046.87,26.41,-11.27,-133.9,136,-52.26 
2002/9/13,9650.97,9990.08,24.84,-8.88,-98.05,137,-340.75 
2002/9/20,9328.22,9875.78,18.69,-11.99,-124.61,138,-685.84 
2002/9/27,9294.46,9714.01,18.13,-13.99,-119.12,139,-970.58 
2002/10/11,8965.73,9335.27,13.22,-13.17,-102.8,140,-1078.14 
2002/10/18,9613.07,9317.3,49.81,-1.64,51.11,141,-107.79 
2002/10/25,9722.54,9329.23,53.76,-2.69,108.69,142,71.57 
2002/11/1,9407.68,9342.48,42.27,-6.06,60.39,143,79.46 
2002/11/8,9770.68,9421.85,55.45,-4.82,79.16,144,476.22 
2002/11/15,9865.65,9557.56,58.43,-3.71,73.7,145,814.28 
2002/11/22,10065.32,9740.82,64.43,0.21,156.83,146,1099.59 
2002/11/29,10069.87,9816.96,64.57,3.59,108.24,147,456.80 
2002/12/6,9973.75,9858.83,58.71,3.34,68.07,148,251.21 
2002/12/13,9728.43,9912.28,45.96,4.29,-46.75,149,320.75 
2002/12/20,9628.69,9888.62,41.55,3.6,-111.43,150,-141.99 
2002/12/27,9445.26,9818.55,34.3,4.35,-116.35,151,-420.39 
2003/1/3,9583.85,9738.31,43.28,6.89,-86.59,152,-481.47 
2003/1/10,9721.5,9680.25,51.22,1.13,-0.92,153,-348.37 
2003/1/17,9614.59,9620.39,45.31,-1.11,45.74,154,-359.16 
2003/1/24,9460.6,9575.75,37.77,0.56,-63.4,155,-267.83 
2003/1/29,9240.79,9511.1,29.39,-5.42,-148.1,156,-387.90 
2003/2/14,9201.76,9401.39,31,-8.58,-66.6,157,-382.09 
2003/2/21,9250.86,9322.95,35.64,-8.13,-20.35,158,-470.64 
2003/2/28,9122.66,9240.96,29.44,-8.53,-87.9,159,-491.93 
2003/3/7,8907.1,9148.71,21.78,-8.44,-153.83,160,-553.50 
2003/3/14,8956.17,9098.25,26.97,-6.98,-137.95,161,-302.78 
2003/3/21,9179.19,9102.96,46.37,-2.82,-19.91,162,28.24 
2003/3/28,8863.36,9046.56,31.95,-7.52,-61.51,163,-338.40 
2003/4/4,8822.45,8975.16,30.47,-9.25,-156.29,164,-428.41 
2003/4/11,8645.65,8895.65,24.59,-10.08,-95.97,165,-477.01 
2003/4/18,8579.14,8840.99,22.62,-9.32,-102.15,166,-327.96 
2003/4/25,8409.01,8749.8,18.16,-9.18,-107.98,167,-547.16 
2003/4/30,8717.22,8672.81,42.73,-4.74,-35.19,168,-461.97 
2003/5/16,9093.18,8769.89,59.78,-1.7,119.96,169,270.73 
2003/5/23,9303.73,8879.57,67.8,1.98,89.35,170,658.08 
2003/5/30,9487.38,9030.94,73.36,6.51,118.27,171,908.24 
2003/6/6,9694.63,9245.21,78.41,8.25,122.6,172,1285.62 
2003/6/13,9855.64,9419.79,81.65,7.37,98.41,173,1047.46 
2003/6/20,9930.31,9560.81,83.06,12.04,101.62,174,846.15 
2003/6/27,9657.21,9654.82,62.06,9.46,25.48,175,564.03 
2003/7/4,9636.81,9710.33,60.69,11.46,-53.78,176,333.08 
2003/7/11,9911.5,9781.02,71.05,15.53,74.56,177,424.12 
2003/7/18,10140.84,9855.39,77.1,20.59,134.26,178,446.21 
2003/7/25,9939.2,9869.31,63.17,12.84,58.11,179,83.56 
2003/8/1,10248.6,9922.36,72.37,12.82,97.93,180,318.29 
2003/8/8,9945.22,9970.36,55.94,9.37,33.37,181,288.01 
2003/8/15,10424.56,10101.65,69.2,12.05,117.24,182,787.75 
2003/8/22,10760.73,10243.19,75.42,13.42,174.62,183,849.23 
2003/8/29,10908.99,10371.22,77.8,12.53,121.42,184,768.15 
2003/9/5,11170.61,10576.45,81.57,13.34,111.89,185,1231.41 
2003/9/12,10883.52,10682.27,66.66,9.6,67.28,186,634.92 
2003/9/19,10968.42,10852.81,68.69,13.58,62.96,187,1023.20 
2003/9/26,11290.15,10997.07,75.48,17.16,107.56,188,865.59 
2003/9/30,11229.87,11075.26,71.97,13.3,99.92,189,469.14 
2003/10/10,11935.83,11309.54,84.43,17.7,149.22,190,1026.84 
2003/10/17,12044.49,11455.19,85.59,21.18,110.13,191,873.88 
2003/10/24,11736.37,11597.33,68.31,14.52,59.79,192,852.85 
2003/10/31,12190.1,11800.94,76.64,22.57,78.86,193,1221.68 
2003/11/7,12215.17,11955.11,77.04,17.18,122.86,194,925.02 
2003/11/14,12203.53,12054.25,76.31,13.41,50.64,195,594.81 
2003/11/21,11839.8,12038.24,56.33,8.53,-94.99,196,-96.03 
2003/11/28,12317.47,12083.74,69.09,10.27,50.48,197,272.98 
2003/12/5,12314.73,12180.13,68.95,13.15,120.43,198,578.36 
2003/12/12,12594.42,12247.52,75.08,14.82,106.76,199,404.32 
2003/12/19,12371.75,12273.62,63.17,9.58,65.25,200,156.58 
2003/12/26,12456.7,12315.81,65.66,7.3,65.15,201,253.17 
2004/1/2,12801.48,12476.09,74.18,7.25,140.87,202,961.68 
2004/1/9,13385.8,12654.15,82.83,11.14,181.38,203,1068.33 
2004/1/16,13167.76,12796.32,72.02,12.2,106.85,204,853.03 
2004/1/30,13289.37,13141.95,62.71,8.79,62.45,205,917.62 
2004/2/6,13309.6,13284.1,63.13,9.06,-10.84,206,852.90 
2004/2/13,13739.8,13440.49,71.43,16.05,110.56,207,938.32 
2004/2/20,13868.37,13520.91,73.57,12.59,125.08,208,482.57 
2004/2/27,13907.03,13644.13,74.26,12.93,78.74,209,739.27 
2004/3/5,13454.76,13594.82,54.26,6.83,17.75,210,-295.82 
2004/3/12,12932.23,13535.3,39.51,4.53,-107.05,211,-357.14 
2004/3/19,12790.58,13448.8,36.3,2.68,-125.38,212,-519.02 
2004/3/26,12483.24,13239.37,29.96,-2.49,-109.9,213,-1256.56 
2004/4/2,12731.76,13049.93,40.11,-4.89,-73.69,214,-1136.61 
2004/4/9,12909.37,12883.66,46.73,-1.96,-9.46,215,-997.66 
2004/4/16,12458.38,12717.59,34.96,-9.4,-50.67,216,-996.38 
2004/4/23,12383.94,12626.21,33.29,-6.81,-138.93,217,-548.29 
2004/4/30,11942.96,12484.94,24.89,-10.27,-144.29,218,-847.62 
2004/5/14,11276.86,12147.05,16.11,-18.69,-130.56,219,-1454.90 
2004/5/21,11576.01,11924.82,29.6,-16.76,-103.81,220,-1333.36 
2004/5/28,12116.87,11867.9,47.81,-9.94,23.61,221,-341.51 
2004/6/4,12022.64,11807.68,45.36,-7.03,60.25,222,-361.30 
2004/6/11,12396.39,11883.26,56.08,-3.08,111.44,223,453.43 
2004/6/18,11855.55,11874.05,41.83,-5.03,41.02,224,-55.21 
2004/6/25,12185.52,12025.5,50.95,-4.29,26.9,225,908.66 
2004/7/2,12220.13,12132.85,51.9,-5.34,49.8,226,644.12 
2004/7/9,12202.26,12147.08,51.29,-2.06,41.24,227,85.39 
2004/7/16,12059.2,12153.18,46.04,-2.62,-65.07,228,36.56 
2004/7/23,12352.99,12145.94,56.9,3.43,95.57,229,-43.40 
2004/7/30,12238.03,12209.69,51.99,2.75,55.95,230,382.48 
2004/8/6,12478.68,12258.55,60.55,10.66,153.36,231,293.16 
2004/8/13,12359.83,12281.83,54.76,6.77,103.25,232,139.70 
2004/8/20,12376.9,12310.94,55.5,2.15,34.21,233,174.64 
2004/8/27,12818.42,12437.48,70.39,6.62,194.8,234,759.22 
2004/9/3,12948.1,12536.66,73.51,4.45,137.29,235,595.11 
2004/9/10,13003.99,12664.32,74.88,9.69,99.74,236,765.96 
2004/9/17,13224.93,12788.7,79.83,8.53,94.46,237,746.25 
2004/9/24,13066.84,12906.53,68.28,6.93,72.12,238,707.01 
2004/9/30,13120.03,13030.39,70.03,7.52,25.92,239,743.13 
2004/10/8,13241.46,13100.89,73.97,9.8,122.18,240,423.04 
2004/10/15,13059.43,13119.45,59.83,5.72,-9.98,241,111.33 
2004/10/22,13015.2,13121.32,56.67,6.35,-100.75,242,11.21 
2004/10/29,13054.66,13092.94,58.99,4.62,-103.42,243,-170.27 
2004/11/5,13494.95,13164.29,76.1,9.18,119.29,244,428.11 
2004/11/12,13784.46,13275.03,82.02,11.37,153.02,245,664.43 
2004/11/19,13787.68,13366.06,82.08,7.56,113.97,246,546.22 
2004/11/26,13895.03,13505.33,84.17,7.31,82.01,247,835.60 
2004/12/3,14211.84,13704.77,88.79,9.29,107.1,248,1196.64 
2004/12/10,13901.81,13845.96,66.12,5.12,69.16,249,847.15 
2004/12/17,13992.44,13928.88,68.9,7.08,20.78,250,497.49 
2004/12/24,14194.9,13997.28,74.52,8.19,83.08,251,410.44 
2004/12/31,14230.14,14071.03,75.45,7.47,95.23,252,442.46 
2005/1/7,13574.86,14017.67,41.66,3.95,-151.62,253,-320.17 
2005/1/14,13494.78,13898.16,39.09,3.68,-140.32,254,-717.06 
2005/1/21,13481.02,13828.02,38.6,3.27,-81.52,255,-420.79 
2005/1/28,13650.06,13770.96,48.18,1.15,-54.1,256,-342.38 
2005/2/4,13585.17,13669.34,44.95,-1.45,-33.34,257,-609.73 
2005/2/18,14087.87,13690.76,67.31,1.39,141.97,258,513.01 
2005/2/25,14157.09,13801.14,69.54,-0.39,103.16,259,662.31 
2005/3/4,13730.78,13842.77,46.19,-1.23,24.88,260,249.76 
2005/3/11,13890.93,13882.91,53.26,-0.73,-5.9,261,240.87 
2005/3/18,13828.37,13923.45,50.17,-2.58,-82.57,262,243.20 
2005/3/25,13597.1,13882.02,39.9,-4.45,-134.13,263,-248.53 
2005/4/1,13491.35,13782.6,35.87,-0.62,-143.53,264,-596.52 
2005/4/8,13666.72,13700.88,46.6,1.27,-57.87,265,-490.37 
2005/4/15,13638.75,13685.54,45.15,1.17,-3.79,266,-92.03 
2005/4/22,13693.55,13652.64,48.89,0.32,-37.96,267,-197.38 
2005/4/29,13908.97,13666.07,61.3,2.38,156.43,268,80.60 
2005/5/13,13866.81,13801.46,54.3,-1.57,68.71,269,375.46 
2005/5/20,13717.42,13809.91,45.17,-3.11,-36.57,270,50.70 
2005/5/27,13714.78,13822.58,45.01,-0.12,-63.33,271,76.03 
2005/6/3,13818.45,13843.4,52.89,-0.52,-12.62,272,124.90 
2005/6/10,13934.76,13847.7,60.52,0.77,30.47,273,25.79 
2005/6/17,13912.03,13827.38,58.3,2.32,61.53,274,-121.93 
2005/6/24,14230.29,13887.96,74.17,5.48,150.6,275,363.48 
2005/7/1,14201.06,13968.56,71.18,3.91,124.63,276,483.64 
2005/7/8,13964.47,14010.18,51.18,2.39,15.71,277,249.69 
2005/7/15,14504.29,14124.48,72.41,5.92,122.96,278,685.84 
2005/7/22,14786.46,14266.43,78.32,6.31,150.31,279,851.70 
2005/7/29,14880.98,14427.93,80.04,6.04,119.42,280,968.95 
2005/8/5,15051.32,14564.76,82.96,8.54,103.23,281,821.03 
2005/8/12,15450.95,14773.08,87.94,12.64,115.13,282,1249.89 
2005/8/19,15038.61,14952.1,64.59,9.65,67.94,283,1074.14 
2005/8/26,14982.89,15031.87,61.93,8.43,2.26,284,478.60 
2005/9/2,15221.89,15104.44,68.6,9.24,-4.99,285,435.43 
2005/9/9,15165.77,15151.91,65.37,9.01,27.99,286,284.79 
2005/9/16,14983.2,15140.55,55.23,5.29,-56.86,287,-68.12 
2005/9/23,15143.97,15089.39,61.53,6.64,19.45,288,-306.98 
2005/9/30,15428.52,15154.37,70.39,10.48,168.25,289,389.91 
2005/10/14,14485.88,15009.19,35.45,-2.03,-193.91,290,-736.01 
2005/10/21,14487.85,14896.2,35.54,-2.64,-117.43,291,-677.92 
2005/10/28,14215.83,14768.31,28.9,-5.55,-95.73,292,-767.37 
2005/11/4,14585.79,14675.28,45.51,-5.6,-45.54,293,-558.18 
2005/11/11,14740.6,14560.62,51.23,-1.98,9.22,294,-687.92 
2005/11/18,14883.32,14566.55,56.3,-0.66,124.9,295,35.53 
2005/11/25,15081.47,14665.81,62.76,-0.92,140.81,296,595.59 
2005/12/2,15200.38,14784.57,66.34,0.23,106.03,297,712.53 
2005/12/9,14910.51,14900.35,51.78,-0.49,53.81,298,694.68 
2005/12/16,15029.81,14974.35,56.49,-0.75,35.89,299,444.02 
2005/12/23,15183.58,15048.18,62.21,-1.59,126.25,300,442.98 
2005/12/30,14876.43,15047.03,47.31,0.19,-81.64,301,-6.89 
2006/1/6,15344.44,15090.86,63.36,5.93,94.62,302,262.97 
2006/1/13,15787.97,15188.79,72.78,8.97,190.63,303,587.59 
2006/1/20,15662.08,15314.05,66.92,10.17,90.4,304,751.57 
2006/1/25,15520.39,15395.82,60.35,6.41,39.4,305,490.58 
2006/2/10,15425.95,15567.22,53.87,3.65,-39.81,306,549.52 
2006/2/17,15475.69,15589.09,55.98,2.61,-107.11,307,131.25 
2006/2/24,15856.05,15600.44,69.03,4.31,119.25,308,68.08 
2006/3/3,15802,15623.76,65.71,5.98,116.16,309,139.92 
2006/3/10,15445.05,15572.41,47.57,2.76,-22.31,310,-308.09 
2006/3/17,15801.66,15634.4,60.61,4.07,37.12,311,371.93 
2006/3/24,15716.46,15682.82,56.57,5.65,49.56,312,290.51 
2006/3/31,15805.04,15737.71,59.9,3,68.21,313,329.35 
2006/4/7,16471.78,15840.33,76.31,4.33,189.89,314,615.73 
2006/4/14,16429.45,15944.91,74,4.9,113.05,315,627.45 
2006/4/21,16912.15,16189.42,81.61,7.36,122.17,316,1467.10 
2006/4/28,16661.3,16332.7,69.01,7.98,75.23,317,859.64 
2006/5/12,16901.85,16731.74,69.91,9.22,93.6,318,1096.81 
2006/5/19,16313.36,16705.34,47.88,2.88,-98.55,319,-158.42 
2006/5/26,15895.1,16616.28,37.74,0.59,-146.7,320,-534.35 
2006/6/2,15912.71,16449.71,38.4,3.03,-100.99,321,-999.44 
2006/6/9,15628.69,16277.61,31.87,-1.09,-84.57,322,-1032.61 
2006/6/16,15842.65,16082.39,40.95,0.8,-73.69,323,-1171.28 
2006/6/23,15808.81,15900.22,39.94,0.02,-46.42,324,-1093.04 
2006/6/30,16267.62,15892.6,57.14,-1.24,122.27,325,-45.74 
2006/7/7,16459.78,15986.71,62.53,0.18,148.68,326,564.68 
2006/7/14,16135.71,16023.88,49.84,-4.59,76.81,327,223.00 
2006/7/21,16464.18,16163.13,59.77,-1.18,63.72,328,835.49 
2006/7/28,16955.04,16348.52,70.31,-0.35,149.56,329,1112.39 
2006/8/4,16887.8,16528.36,67.41,-0.08,121.08,330,1078.99 
2006/8/11,17249.95,16692.08,74.27,5.74,103.42,331,982.33 
2006/8/18,17330.7,16837.23,75.65,9.03,105.31,332,870.92 
2006/8/25,16955.45,16973.85,58.3,6.55,31.47,333,819.74 
2006/9/1,17423.72,17133.78,68.96,11.49,77.35,334,959.54 
2006/9/8,17145.76,17165.56,58.34,8.23,39.75,335,190.72 
2006/9/15,17237.65,17223.87,60.74,9.04,-36.61,336,349.85 
2006/9/22,17600.65,17282.32,69.16,8.19,136.58,337,350.70 
2006/9/29,17543.05,17317.71,66.44,6.58,101.54,338,212.35 
2006/10/13,17988.86,17569.89,75.65,9.26,119.83,339,565.14 
2006/10/20,18113.55,17731.19,78,6.83,103.37,340,967.79 
2006/10/27,18297.55,17907.84,81.2,8.35,126.47,341,1059.90 
2006/11/3,18749.69,18099.35,86.85,8.69,129.47,342,1149.04 
2006/11/10,18891.14,18324.03,88.18,9,130.49,343,1348.09 
2006/11/17,19182.71,18537.25,90.55,13.14,102.02,344,1279.32 
2006/11/24,19260.3,18749.16,91.12,10.54,91.85,345,1271.44 
2006/12/1,18690.82,18845.37,59.56,9.01,16.99,346,577.27 
2006/12/8,18739.99,18919.11,60.96,8.72,-36.79,347,442.44 
2006/12/15,19110.65,18979.27,70.28,8.58,-9.77,348,360.96 
2006/12/22,19320.52,19050.83,74.42,10.13,87.47,349,429.38 
2006/12/29,19964.72,19181.17,83.1,11.51,177.48,350,782.01 
2007/1/5,20211.28,19339.66,85.38,12.35,123.75,351,950.98 
2007/1/12,19613.41,19493.43,61.32,8.28,38.21,352,922.59 
2007/1/19,20327.72,19758.05,72.45,11.1,78.5,353,1587.73 
2007/1/26,20281.13,19953.13,70.85,8.17,109.36,354,1170.48 
2007/2/2,20563.68,20160.32,74.88,8.85,83.99,355,1243.16 
2007/2/9,20677.66,20279.15,76.46,7.79,90.8,356,712.94 
2007/2/16,20567.91,20338.59,71.29,6.79,42.8,357,356.63 
2007/3/2,19442.01,20374.01,36.71,3.75,-200,358,-885.71 
2007/3/9,19134.88,20182.97,32.02,0.13,-150.79,359,-1146.25 
2007/3/16,18953.5,19914.6,29.36,-1.9,-90.64,360,-1610.18 
2007/3/23,19692.64,19750.43,49.75,-1.36,-30.86,361,-985.02 
2007/3/30,19800.93,19622.6,52.18,-2.03,13.02,362,-766.98 
2007/4/6,20209.71,19538.95,60.76,3.04,104.46,363,-501.94 
2007/4/13,20340.97,19688.77,63.3,0.07,118.15,364,898.96 
2007/4/20,20566.59,19927.39,67.62,1.41,102.17,365,1431.71 
2007/4/27,20526.5,20189.56,65.97,-0.18,79.38,366,1573.00 
2007/4/30,20318.98,20293.95,57.26,-1.73,16.96,367,626.34 
2007/5/11,20468.21,20492.18,57.12,-0.48,70.34,368,667.28 
2007/5/18,20904.84,20608.03,66.91,0.93,174.6,369,695.13 
2007/5/25,20520.66,20637.98,53.91,5.55,12.46,370,179.69 
2007/6/1,20602.87,20644.03,56.1,7.67,-95.77,371,36.28 
2007/6/8,20509.15,20641.14,52.68,8.21,-32.97,372,-17.35 
2007/6/15,21017.05,20670.46,66.12,6.73,83.02,373,175.97 
2007/6/22,21999.91,20925.75,79.59,11.11,194.94,374,1531.70 
2007/6/29,21772.73,21070.4,71.68,7.73,102.5,375,867.89 
2007/7/6,22531.74,21405.58,79.75,10.77,105.13,376,2011.08 
2007/7/13,23099.29,21821.65,83.87,12.31,124.86,377,2496.42 
2007/7/20,23291.9,22285.44,85.1,13.47,97.95,378,2782.75 
2007/7/27,22570.41,22544.33,63.32,8.3,50.25,379,1553.36 
2007/8/3,22538.44,22634.09,62.47,10.11,1.13,380,538.53 
2007/8/10,21792.71,22637.42,45.4,4.25,-124.4,381,19.98 
2007/8/17,20387.13,22279.98,28.06,-0.65,-171.87,382,-2144.61 
2007/8/24,22921.89,22250.41,60.61,11.26,3.43,383,-177.40 
2007/8/31,23984.14,22365.79,67.92,16.94,121.62,384,692.24 
2007/9/7,23982.61,22601.15,67.89,14.11,110.36,385,1412.20 
2007/9/14,24898.11,22994.43,73.9,13.17,93.58,386,2359.67 
2007/9/21,25843.78,23669.61,78.81,18.7,102.62,387,4051.07 
2007/9/28,27142.47,24795.5,83.82,20.46,139.92,388,6755.34 
2007/10/12,28838.37,26422.81,88.57,23.81,100.57,389,4854.23 
2007/10/19,29465.05,27336.55,89.97,30.55,101.49,390,5482.44 
2007/10/26,30405.22,28254.4,91.78,34.9,96.91,391,5507.11 
2007/11/2,30468.34,29025.16,91.9,39.81,120.01,392,4624.56 
2007/11/9,28783.41,29298.65,62.97,41.18,-6.08,393,1640.94 
2007/11/16,27614.43,29262.47,49.9,20.47,-120.82,394,-217.09 
2007/11/23,26541.09,28879.59,40.61,10.66,-136.26,395,-2297.28 
2007/11/30,28643.61,28742.68,58.69,19.43,-41.39,396,-821.44 
2007/12/7,28842.47,28482.23,60.07,15.84,28.17,397,-1562.75 
2007/12/14,27563.64,27998.11,47.76,6.65,-16.03,398,-2904.70 
2007/12/21,27626.92,27805.36,48.39,1.78,-78.67,399,-1156.49 
2007/12/28,27370.6,27764.72,45.72,-1.66,-12.69,400,-243.83 
2008/1/4,27519.69,27927.82,47.73,-4.57,-65.57,401,978.60 
2008/1/11,26867.01,27631.72,39.94,-8.82,-80.41,402,-1776.60 
2008/1/18,25201.87,27024.96,26.64,-17.11,-193.81,403,-3640.60 
2008/1/25,25122.37,26618.08,26.14,-17.55,-140.79,404,-2441.27 
2008/2/1,24123.58,26034.19,20.39,-16.19,-89.86,405,-3503.34 
2008/2/5,24808.7,25607.2,32.6,-10.16,-36.23,406,-2561.90 
2008/2/15,24148.43,24822.12,30.2,-9.01,-66.28,407,-3371.26 
2008/2/22,23305.04,24228.46,24.53,-18.64,-75.93,408,-3561.97 
2008/2/29,24331.67,24083.42,40.78,-15.64,87.05,409,-870.20 
2008/3/7,22501.33,23646.59,27.92,-18.37,-162.92,410,-2621.04 
2008/3/14,22237.11,23332.17,26.47,-19.51,-121.3,411,-1886.47 
2008/3/21,21108.22,22938.63,20.92,-22.88,-158.49,412,-2361.24 
2008/3/28,23285.95,22794.89,46.77,-15.38,-13.56,413,-862.48 
2008/4/3,24264.63,22954.82,54.75,-9.69,81.65,414,959.59 
2008/4/11,24667.79,23010.84,57.87,-2.12,129.21,415,336.12 
2008/4/18,24197.78,23293.58,52.78,-3.68,66.29,416,1696.45 
2008/4/25,25516.78,23840.19,63.58,5.78,105.99,417,3279.67 
2008/4/30,25755.35,24614.71,65.3,9.74,119.05,418,4647.13 
2008/5/9,25063.17,24991.86,54.44,3.79,54.34,419,1777.22 
2008/5/16,25618.86,25217.57,59.14,9.93,39.14,420,1354.23 
2008/5/23,24714.07,25225.28,49.21,1.57,-24.14,421,46.28 
2008/5/30,24533.12,25281.17,47.3,9.03,-157.82,422,335.34 
2008/6/6,24402.18,25095.4,45.76,9.74,-92.71,423,-1114.60 
2008/6/13,22592.3,24487.28,29.72,7.03,-159.32,424,-3648.72 
2008/6/20,22745.6,24101.02,32.14,-2.32,-99.38,425,-2317.57 
2008/6/27,22042.35,23504.94,27.02,-9.16,-100.08,426,-3576.51 
2008/7/4,21423.82,22956.56,23.13,-13.15,-115.12,427,-3290.25 
2008/7/11,22184.55,22565.13,36.6,-8.32,-72.51,428,-2348.57 
2008/7/18,21874.19,22143.8,33.71,-14.28,-65.03,429,-2527.99 
2008/7/25,22740.71,22168.54,47.58,-13.34,85.38,430,148.41 
2008/8/1,22862.6,22188.04,49.37,-8.78,72.88,431,117.00 
2008/8/8,21885.21,22161.85,37.17,-14.57,-4.12,432,-157.14 
2008/8/15,21160.58,22117.97,30.47,-14.38,-98.65,433,-263.24 
2008/8/22,20392.06,21819.23,24.78,-16.88,-136.91,434,-1792.49 
2008/8/29,21261.89,21717.18,39.99,-12.87,-59.48,435,-612.30 
2008/9/5,19933.28,21249.27,29.18,-11.77,-110.61,436,-2807.43 
2008/9/12,19352.9,20664.32,25.55,-14.92,-109.56,437,-3509.70 
2008/9/19,19327.73,20238.07,25.39,-12.32,-157.39,438,-2557.48 
2008/9/26,18682.09,19824.99,21.2,-12.8,-68.35,439,-2478.49 
2008/10/10,14796.87,18295.88,8.95,-32.35,-163.84,440,-6465.02 
2008/10/17,14554.21,17399.37,8.56,-36,-101.41,441,-5379.07 
2008/10/24,12618.38,16276.95,6.06,-44.81,-112.94,442,-6734.52 
2008/10/31,13968.67,15383.77,24.56,-36.17,-99.94,443,-5359.06 
2008/11/7,14243.43,14643.99,28.02,-32.69,-33.47,444,-4438.66 
2008/11/14,13542.66,13954.04,24.57,-33.59,-33.03,445,-4139.74 
2008/11/21,12659.2,13597.76,20.71,-40.46,-100.57,446,-2137.67 
2008/11/28,13888.24,13486.76,37.18,-30.33,-17.41,447,-665.97 
2008/12/5,13846.09,13691.38,36.86,-28.45,42.37,448,1227.71 
2008/12/12,14758.39,13823,48.25,-23.64,139.16,449,789.72 
2008/12/19,15127.51,13970.35,52.42,-19.03,110.27,450,884.08 
2008/12/26,14184.14,14077.26,42.04,-19.78,30.1,451,641.48 
2008/12/31,14387.48,14365.31,44.86,-2.77,-5.1,452,1728.28 
2009/1/9,14377.44,14556.06,44.92,-1.21,32.71,453,489.20 
2009/1/16,13255.51,14457.63,34.9,5.05,-173.83,454,-590.58 
2009/1/23,12578.6,14094.33,30.04,-9.95,-130.16,455,-2179.79 
2009/2/6,13655.04,13697.93,45.52,0.83,-38.57,456,-529.10 
2009/2/13,13554.67,13449.91,44.29,7.07,2.57,457,-1488.14 
2009/2/20,12699.17,13170.2,34.7,-8.56,-80.51,458,-1678.27 
2009/2/27,12811.57,13096.21,36.86,-7.47,-71.45,459,-443.94 
2009/3/6,11921.52,12986.7,28.06,-19.22,-153.58,460,-657.08 
2009/3/13,12525.8,12861.3,39.77,-17.2,-110.23,461,-752.41 
2009/3/20,12833.51,12724.37,45.22,-9.52,17.88,462,-821.53 
2009/3/27,14119.5,12818.51,62.32,-6.14,155.14,463,564.83 
2009/4/3,14545.69,13126.27,66.48,1.17,121.06,464,1846.52 
2009/4/10,14901.41,13474.57,69.82,12.42,104.55,465,2089.84 
2009/4/17,15601.27,14087.86,75.56,24.03,117.15,466,3679.75 
2009/4/24,15258.85,14543.37,67.97,14.92,74.95,467,2733.05 
2009/4/30,15520.99,14991.29,70.68,13.66,46.03,468,2687.48 
2009/5/8,17389.87,15536.35,82.98,28.29,172.85,469,3270.37 
2009/5/15,16790.7,15910.51,71.45,32.22,103.07,470,2245.01 
2009/5/22,17062.52,16270.7,73.46,33.18,70.66,471,2161.11 
2009/5/27,17885.27,16651.37,78.86,50.03,86.4,472,2284.00 
2009/6/5,18679.53,17269.1,82.69,49.13,139.07,473,3420.68 
2009/6/12,18889.68,17830.55,83.69,47.19,95.08,474,3368.69 
2009/6/19,17920.93,17919.06,63.43,26.92,34.55,475,531.06 
2009/6/26,18600.26,18220.65,69.62,27.87,25.81,476,1809.56 
2009/7/3,18203.4,18410.8,62.24,22.16,17.28,477,1140.88 
2009/7/10,17708.42,18333.7,53.71,13.51,-141.17,478,-462.58 
2009/7/17,18805.66,18354.73,66.07,23.24,20.32,479,126.13 
2009/7/24,19982.79,18536.91,74.75,28.75,200,480,1093.11 
2009/7/31,20573.33,18978.98,78.12,18.31,127.91,481,2652.40 
2009/8/7,20375.37,19274.83,74.14,21.35,93.05,482,1775.11 
2009/8/14,20893.33,19723.15,77.71,22.45,78.26,483,2689.93 
2009/8/21,20199.02,20138.25,63.6,11.16,17.97,484,2490.60 
2009/8/28,20098.62,20353.74,61.66,7.6,-14.34,485,1292.96 
2009/9/4,20318.62,20409.71,64.51,7.56,-95.48,486,335.83 
2009/9/11,21161.42,20507.73,73.55,18.08,102.74,487,588.09 
2009/9/18,21623.45,20715.74,77.34,16.25,121.59,488,1248.08 
2009/9/25,21024.4,20737.59,63.23,15.5,63.32,489,131.07 
2009/9/30,20955.25,20863.63,61.67,18.34,9.96,490,756.23 
2009/10/9,21499.44,21000.47,65.04,14.32,39.75,491,1400.82 
2009/10/16,21929.9,21269.02,69.09,9.74,140.11,492,1611.28 
2009/10/23,22589.73,21507.07,74.52,9.8,134.7,493,1428.31 
2009/10/30,21752.87,21528.64,58.8,6.76,35.34,494,129.42 
2009/11/6,21829.72,21662.86,59.74,4.48,14.12,495,805.32 
2009/11/13,22553.63,22025.88,67.96,11.66,107.32,496,2178.14 
2009/11/20,22455.84,22185.28,65.78,11.73,100.76,497,956.40 
2009/11/27,21134.5,22052.72,43.28,4.02,-69.57,498,-795.40 
2009/12/4,22498.15,22037.45,60.16,6.32,36.26,499,-91.58 
2009/12/11,21902.11,22062.33,52.04,1.29,-22.15,500,149.24 
2009/12/18,21175.88,21953.35,43.46,0.72,-106.13,501,-653.84 
2009/12/25,21517,21780.58,48.27,5.6,-91.67,502,-1036.63 
2009/12/31,21872.5,21683.36,53.24,1.74,-11.63,503,-583.34 
2010/1/8,22296.75,21877.07,58.9,1.67,74.78,504,1162.25 
2010/1/15,21654.16,21736.4,48.28,-4.14,48.16,505,-843.99 
2010/1/22,20726.18,21540.41,36.79,-4.72,-134.07,506,-1175.93 
2010/1/29,20121.99,21364.76,31.02,-7.82,-137.31,507,-1053.89 
2010/2/5,19665.08,21056.11,27.16,-12.81,-96.1,508,-1851.92 
2010/2/12,20268.69,20788.81,39.17,-9.74,-71.49,509,-1603.81 
2010/2/26,20608.7,20214.11,47.92,-8.4,46.79,510,-1045.46 
2010/3/5,20787.97,20224.41,50.88,-5.09,146.01,511,61.79 
2010/3/12,21209.74,20405.7,57.68,0.16,132.31,512,1087.75 
2010/3/19,21370.82,20689.99,60.2,-0.68,92.86,513,1705.74 
2010/3/26,21053.11,20820.73,52.76,-3.75,32.58,514,784.42 
2010/4/2,21537,21094.56,61.47,-3.41,95.63,515,1642.98 
2010/4/9,22208.5,21361.19,70.52,2.56,173.79,516,1599.80 
2010/4/16,21865.26,21540.74,61.64,5.5,95.12,517,1077.29 
2010/4/23,21244.49,21546.53,48.41,5.58,-23.41,518,34.75 
2010/4/30,21108.59,21502.82,45.82,7.34,-63.27,519,-262.23 
2010/5/7,19920.29,21314.02,29.37,-1.72,-169.1,520,-1132.82 
2010/5/14,20145.43,21082.09,34.7,1.26,-99.05,521,-1391.57 
2010/5/21,19545.83,20638.31,27.96,-5.16,-101.96,522,-2662.67 
2010/5/28,19766.71,20288.56,33.66,-4.91,-87.63,523,-2098.55 
2010/6/4,19780.07,20044.49,34.04,-6.74,-57.96,524,-1464.42 
2010/6/11,19872.38,19838.45,37.02,-7.01,-34.02,525,-1236.21 
2010/6/18,20286.71,19899.52,49.35,-3.64,96.94,526,366.42 
2010/6/25,20690.79,19990.42,58.79,-3.93,149.19,527,545.36 
2010/7/2,19905.32,20050.33,40.97,-10.37,33.55,528,359.49 
2010/7/9,20378.66,20152.32,51.58,-6.8,18.41,529,611.95 
2010/7/16,20250.16,20230.67,48.73,-4.68,45.95,530,470.09 
2010/7/23,20815.33,20387.83,60.32,-1.39,66.04,531,942.95 
2010/7/30,21029.81,20511.68,64.02,5.57,130.51,532,743.10 
2010/8/6,21678.8,20676.35,73.12,7.61,141.33,533,988.01 
2010/8/13,21071.57,20870.72,56.94,7.81,65.55,534,1166.25 
2010/8/20,20981.82,20971.25,54.79,6.15,16.03,535,603.16 
2010/8/27,20597.35,21029.11,45.89,4.13,-78.97,536,347.19 
2010/9/3,20971.5,21055.14,54.52,5.53,-80.05,537,156.17 
2010/9/10,21257.39,21093.07,60.32,4.78,39.91,538,227.58 
2010/9/17,21970.86,21141.75,71.3,6.19,146.53,539,292.06 
2010/9/21,22002.59,21296.92,71.71,10.54,117.03,540,931.02 
2010/9/30,22358.17,21545.78,76.13,9.71,95.44,541,1376.35 
2010/10/8,22944.18,21936.92,82,13.3,118.77,542,2346.83 
2010/10/15,23757.63,22401.28,87.23,14.14,139.28,543,2786.13 
2010/10/22,23517.54,22777.97,79.09,11.83,90.02,544,2260.15 
2010/10/29,23096.32,22965.54,66.1,6.54,41.94,545,1125.46 
2010/11/5,24876.82,23425.11,81.51,18.06,140.23,546,2757.39 
2010/11/12,24222.58,23735.85,67.9,15.45,104.92,547,1864.41 
2010/11/19,23605.71,23846.1,57.11,14.61,-15.37,548,661.53 
2010/11/26,22877.25,23699.37,46.62,9.09,-95.78,549,-880.38 
2010/12/3,23320.52,23666.53,52.93,9.71,-60.44,550,-197.02 
2010/12/10,23162.91,23677.63,50.39,5.43,-59.11,551,66.59 
2010/12/17,22714.85,23317.3,43.29,2.69,-82.46,552,-2161.97 
2010/12/24,22833.8,23085.84,45.73,2.13,-104.22,553,-1388.78 
2010/12/31,23035.45,22990.8,50.09,0.4,-55.7,554,-570.26 
2011/1/7,23686.63,23125.69,61.94,-0.3,122.29,555,809.38 
2011/1/14,24283.23,23286.15,69.82,3.26,144.45,556,962.71 
2011/1/21,23876.86,23405.14,59.71,3.38,89.07,557,713.95 
2011/1/28,23617.02,23555.5,53.75,-5.06,34.31,558,902.17 
2011/2/1,23482.95,23663.69,50.61,-3.05,-36.34,559,649.15 
2011/2/11,22828.92,23700.27,38.79,-3.29,-159.73,560,-206.53 
2011/2/18,23595.24,23685.04,52.69,3.14,-71.73,561,-91.39 
2011/2/25,23012.37,23473.23,43.64,-1.32,-87.16,562,-1270.86 
2011/3/4,23408.86,23395.23,50.57,1.06,-27.69,563,-468.00 
2011/3/11,23249.78,23334.02,47.75,2.36,43.43,564,-367.24 
2011/3/18,22300.23,23065.9,34.1,-2.34,-165.31,565,-1608.73 
2011/3/25,23158.67,23120.86,49.7,0.53,-50.94,566,329.75 
2011/4/1,23801.9,23155.3,58.53,0.49,95.25,567,206.66 
2011/4/8,24396.07,23385.92,65.28,0.46,151.8,568,1383.70 
2011/4/15,24008.07,23485.79,57.89,0.55,85.73,569,599.21 
2011/4/22,24138.31,23633.88,59.73,2.21,46.07,570,888.53 
2011/4/29,23720.81,23870.64,51.15,-0.79,18.95,571,1420.58 
2011/5/6,23159.14,23870.72,41.52,1.45,-121.33,572,0.47 
2011/5/13,23276.27,23783.11,44.15,-1.35,-113.17,573,-525.63 
2011/5/20,23199.39,23583.67,42.64,0.81,-92.51,574,-1196.68 
2011/5/27,23118.07,23435.33,40.87,-1.24,-92.9,575,-890.00 
2011/6/3,22949.56,23237.21,37.03,-1.29,-23.14,576,-1188.75 
2011/6/10,22420.37,23020.47,27.36,0.54,-160.3,577,-1300.44 
2011/6/17,21695.26,22776.49,19.14,-6.32,-150.23,578,-1463.88 
2011/6/24,22171.95,22592.43,34.63,-6.85,-97.65,579,-1104.32 
2011/7/1,22398.1,22458.89,41.06,-8.19,-36.75,580,-801.29 
2011/7/8,22726.43,22393.61,49.68,-5.34,44.95,581,-391.64 
2011/7/15,21875.38,22214.58,34.15,-9.37,-54.41,582,-1074.18 
2011/7/22,22444.8,22218.65,47.36,-5.38,-4.77,583,24.43 
2011/7/29,22440.25,22342.82,47.27,-3.1,57.48,584,744.99 
2011/8/5,20946.14,22138.52,26.91,-10.01,-167.07,585,-1225.81 
2011/8/12,19620.01,21675.5,18.44,-15.43,-175.98,586,-2778.09 
2011/8/19,19399.92,21121.08,17.36,-16.08,-98.29,587,-3326.51 
2011/8/26,19582.88,20739,21.95,-14.67,-74.02,588,-2292.50 
2011/9/2,20212.91,20367.02,36.52,-9.85,-14.96,589,-2231.89 
2011/9/9,19866.63,19938.08,32.51,-8.43,-38.44,590,-2573.62 
2011/9/16,19455.31,19689.61,28.12,-12.25,-135.82,591,-1490.83 
2011/9/23,17668.83,19364.41,16.5,-21.11,-173.98,592,-1951.18 
2011/9/30,17592.41,19063.16,16.16,-22.59,-120.82,593,-1807.51 
2011/10/14,18501.79,18465.33,37.82,-17.57,-10.89,594,-1711.12 
2011/10/21,18025.72,18158.51,32.44,-19.67,19.32,595,-1840.91 
2011/10/28,20019.24,18252.5,60.6,-4.43,180.16,596,563.93 
2011/11/4,19842.79,18614.83,58.03,1.14,104.09,597,2173.96 
2011/11/11,19137.17,18872.29,48.22,-1.35,55.6,598,1544.76 
2011/11/18,18491.23,19002.99,40.67,-5.57,-18.33,599,784.22 
2011/11/25,17689.48,18867.61,32.98,-12.48,-113.88,600,-812.31 
2011/12/2,19040.39,19036.72,51.52,-4.16,-40.49,601,1014.67 
2011/12/9,18586.23,18797.88,46.35,-4.47,-15.18,602,-1433.01 
2011/12/16,18285.39,18538.32,42.92,3.49,-55.23,603,-1557.40 
2011/12/23,18629.17,18453.65,48.17,5.89,-29.46,604,-508.00 
2011/12/30,18434.39,18444.18,45.34,4.11,8.72,605,-56.84 
2012/1/6,18593.06,18594.77,48.31,0.49,55.15,606,903.58 
2012/1/13,19204.42,18622.11,58.7,6.54,107.9,607,164.03 
2012/1/20,20110.37,18876.13,69.58,0.46,171.49,608,1524.14 
2012/2/3,20756.98,19600.15,75.53,8.46,92.51,609,2127.81 
2012/2/10,20783.86,19991.73,75.8,12.4,84.96,610,2349.47 
2012/2/17,21491.62,20474.82,81.93,21.49,98.55,611,2898.56 
2012/2/24,21406.86,20841.89,79.05,12.43,108.75,612,2202.44 
2012/3/2,21562.26,21083.88,80.56,16.01,78.47,613,1451.89 
2012/3/9,21086,21181.26,63.73,15.32,-9.04,614,584.33 
2012/3/16,21317.85,21274.74,67.68,14.43,25.67,615,560.87 
2012/3/23,20668.8,21255.57,49.57,12.12,-130.97,616,-115.06 
2012/3/30,20555.58,21099.56,46.94,10.56,-120.86,617,-936.04 
2012/4/6,20593,20963.92,48.04,7.23,-96.24,618,-813.86 
2012/4/13,20701.04,20820.38,51.5,2.94,-93.03,619,-861.22 
2012/4/20,21010.64,20807.82,60.54,2.48,9.36,620,-75.36 
2012/4/27,20741.45,20711.75,50.68,-0.07,23.55,621,-576.40 
2012/5/4,21086,20781.29,60.55,1.45,160.86,622,417.20 
2012/5/11,19964.63,20682.79,33.99,-7.11,-134.87,623,-590.95 
2012/5/18,18951.85,20409.27,23.04,-11.47,-166.28,624,-1641.15 
2012/5/25,18713.41,20078,21.12,-13.21,-116.81,625,-1987.63 
2012/6/1,18558.34,19669.28,19.83,-11.99,-84.12,626,-2452.30 
2012/6/8,18502.34,19296.1,19.32,-13.21,-76.04,627,-2239.11 
2012/6/15,19233.94,18987.42,42.56,-6.94,-0.43,628,-1852.06 
2012/6/21,19265.07,18870.83,43.39,-6.28,103.36,629,-699.56 
2012/6/29,19441.46,18907.44,49.68,-5.59,91.14,630,489.61 
2012/7/6,19800.64,19088.64,57.32,-4.35,136.8,631,1087.23 
2012/7/13,19092.63,19177.69,42.18,-9.13,26.69,632,534.29 
2012/7/20,19640.8,19367.43,53.57,-5.31,44.41,633,1138.46 
2012/7/27,19274.96,19374.27,46.27,-8.59,-89.05,634,41.02 
2012/8/3,19666.18,19486.11,54.27,-1.49,81.92,635,671.05 
2012/8/10,20136.12,19601.89,62.35,6.25,131.75,636,694.66 
2012/8/17,20116.07,19654.46,61.79,7.5,93.3,637,315.43 
2012/8/24,19880.03,19785.69,54.84,7.12,43.75,638,787.40 
2012/8/31,19482.57,19759.32,44.69,5.3,-31.79,639,-158.23 
2012/9/7,19802.16,19847.19,53.07,2.95,-82.55,640,527.20 
2012/9/14,20629.78,20007.79,68.1,8.61,102.03,641,963.60 
2012/9/21,20734.94,20107.59,69.58,6.65,135.79,642,598.82 
2012/9/28,20840.38,20228.31,71.19,5.25,88.51,643,724.31 
2012/10/12,21136.43,20692.68,75.87,7.61,79.38,644,1653.86 
2012/10/19,21551.76,20984.28,81.47,11.81,135.18,645,1749.60 
2012/10/26,21545.57,21136.91,81.13,9.56,122.87,646,915.79 
2012/11/2,22111.33,21366.31,87.02,9.81,110.76,647,1376.39 
2012/11/9,21384.38,21456.98,58.75,6.31,47.93,648,544.00 
2012/11/16,21159.01,21481.41,52.42,6.43,-64.62,649,146.63 
2012/11/23,21913.98,21611.01,66.81,12.48,37.68,650,777.55 
2012/11/30,22030.39,21690.78,68.56,11.25,109.01,651,478.63 
2012/12/7,22191.17,21798.38,71.1,7.57,104.5,652,645.60 
2012/12/14,22605.98,21880.82,76.88,9.02,133.09,653,494.65 
2012/12/21,22506.29,22067.8,72.69,7.99,95.63,654,1121.91 
2012/12/28,22666.59,22319.07,75.29,7.87,81.54,655,1507.58 
2013/1/4,23331.09,22555.25,83.23,10.38,139.37,656,1417.11 
2013/1/11,23264.07,22760.87,80.11,7.95,117.9,657,1233.68 
2013/1/18,23601.78,22995.97,83.78,9.54,100.83,658,1410.61 
2013/1/25,23580.43,23158.38,82.63,6.64,94.37,659,974.45 
2013/2/1,23721.84,23360.97,84.35,10.93,97.28,660,1215.55 
2013/2/8,23215.16,23452.4,59.18,9.72,-5.04,661,548.57 
2013/2/22,22782.44,23391.04,43.74,3.41,-181.77,662,-481.63 
2013/3/1,22880.22,23270.78,46.81,3.11,-122.04,663,-721.56 
2013/3/8,23091.95,23189.36,53.42,2.15,-60.35,664,-488.48 
2013/3/15,22533.11,22991.24,38.34,0.12,-89.31,665,-1188.73 
2013/3/22,22115.3,22807.93,30.59,-2.43,-159.93,666,-1099.86 
2013/3/29,22299.63,22617.11,37.3,-4.42,-82.74,667,-1144.93 
2013/4/3,22337.49,22542.95,38.76,-3.98,-46.35,668,-444.95 
2013/4/12,22089.05,22309.32,39.56,-6.41,-76.88,669,-791.17 
2013/4/19,22013.57,22129.59,37.98,-6.64,-98.88,670,-1078.38 
2013/4/26,22547.71,22132.03,53.75,-4.95,91.21,671,14.60 
2013/5/3,22689.96,22227.8,57.23,-2.26,131.15,672,574.66 
2013/5/10,23321.22,22398.07,69.46,-0.53,140.56,673,1021.59 
2013/5/17,23082.68,22624.03,61.49,1.32,79.64,674,1355.78 
2013/5/24,22618.67,22712.3,48.5,-1.14,35.79,675,529.62 
2013/5/31,22392.16,22775.4,43.15,-3.03,-60.96,676,378.59 
2013/6/7,21575.26,22613.33,29.22,-4.25,-164.35,677,-972.45 
2013/6/14,20969.14,22326.52,22.7,-5.18,-140.63,678,-1720.82 
2013/6/21,20263.31,21816.87,17.3,-9.13,-120.05,679,-3057.91 
2013/6/28,20803.29,21436.97,32.12,-4.25,-89.67,680,-2279.39 
2013/7/5,20854.67,21142.97,33.48,-5.59,-49.71,681,-1764.00 
2013/7/12,21277.28,20957.16,44.47,-3.34,15.05,682,-1114.88 
2013/7/19,21362.42,20921.69,46.6,-5.26,104.47,683,-212.84 
2013/7/26,21968.95,21088.32,59.8,-3.18,126.32,684,999.81 
2013/8/2,22190.97,21409.6,63.74,-4.85,110.95,685,1927.66 
2013/8/9,21807.56,21576.98,52.98,-5.52,63.15,686,1004.27 
2013/8/16,22517.81,21854.17,65.81,-0.45,105.26,687,1663.14 
2013/8/23,21863.51,21951.87,50.56,-2.36,25.85,688,586.23 
2013/8/30,21731.37,22013.36,47.87,0.72,-81.18,689,368.95 
2013/9/6,22621.22,22122.07,63.54,7.88,117.94,690,652.27 
2013/9/13,22915.28,22242.79,67.42,13.09,137.9,691,724.31 
2013/9/18,23117.45,22461.11,70.05,11.12,120.67,692,1309.89 
2013/9/27,23207.04,22640.16,65.95,11.28,74.39,693,689.23 
2013/9/30,22859.86,22806.21,57.14,7.44,19.07,694,996.35 
2013/10/11,23218.32,23100.49,65.43,8.69,22.25,695,1486.95 
2013/10/18,23340.1,23220.3,67.77,6.24,55.48,696,718.88 
2013/10/25,22698.34,23184.14,47.46,2.29,-112.07,697,-216.94 
2013/11/1,23249.79,23142.02,59.86,6.61,-10.1,698,-252.72 
2013/11/8,22744.39,23064.91,47.52,1.01,-112.09,699,-462.65 
2013/11/15,23032.15,23047.18,54,5.35,-91.6,700,-106.39 
2013/11/22,23696.28,23126.84,65.72,9.04,156.62,701,477.96 
2013/11/29,23881.29,23217.04,68.41,5.57,119.28,702,541.19 
2013/12/6,23743.1,23391.17,63.91,3.61,73.1,703,1044.76 
2013/12/13,23245.96,23390.53,49.79,-1.09,-1.46,704,-3.83 
2013/12/20,22812.18,23401.83,40.43,-1.7,-88.28,705,67.79 
2013/12/27,23243.24,23437.01,51.34,0.45,-76.25,706,211.09 
2014/1/3,22817.28,23290.51,42.18,-1.73,-70.84,707,-879.00 
2014/1/10,22846.25,23118,43.01,-2.12,-90.48,708,-1035.04 
2014/1/17,23133.35,23016.38,51.32,1.92,-24.23,709,-609.75 
2014/1/24,22450.06,22883.73,36.23,-3.44,-137.65,710,-795.90 
2014/1/30,22035.42,22754.27,29.85,-3.12,-176.83,711,-776.76 
2014/2/7,21636.85,22486.54,24.8,-6.06,-132.57,712,-1606.39 
2014/2/14,22298.41,22400.06,43.74,-5.9,-37.24,713,-518.87 
2014/2/21,22568.24,22353.72,49.91,-5.5,35.54,714,-278.01 
2014/2/28,22836.96,22304.32,55.72,-3.82,76.87,715,-296.39 
2014/3/7,22660.49,22339.4,51.06,-2.52,72.13,716,210.43 
2014/3/14,21539.49,22256.74,31.17,-5.58,-66.55,717,-495.93 
2014/3/21,21436.7,22223.38,29.89,-7.77,-121.75,718,-200.15 
2014/3/28,22065.53,22184.57,46.14,-3.29,-34.24,719,-232.88 
2014/4/4,22510.08,22174.88,54.99,-1.47,41.26,720,-58.16 
2014/4/11,23003.64,22202.66,63.07,-0.56,95.83,721,166.68 
2014/4/18,22760.24,22219.28,57.01,1.38,83.49,722,99.75 
2014/4/25,22223.53,22333.29,45.46,0.85,18.63,723,684.04 
2014/4/30,22133.97,22449.5,43.68,2.3,-55.4,724,697.27 
2014/5/9,21862.99,22436.86,38.23,-1.95,-135.91,725,-202.54 
2014/5/16,22712.91,22470.66,57.39,0.64,-6.95,726,202.83 
2014/5/23,22965.86,22464.37,61.64,0.56,104.22,727,-37.78 
2014/5/30,23081.65,22517.94,63.64,1.86,121.9,728,321.41 
2014/6/6,22951,22639.18,59.45,6.55,80.07,729,727.47 
2014/6/13,23319.17,22815.6,66.83,8.78,83.3,730,1058.50 
2014/6/20,23194.06,23037.44,62.21,5.11,69.61,731,1331.07 
2014/6/27,23221.52,23122.21,62.89,3.16,24.26,732,508.61 
2014/7/4,23546.36,23218.96,70.39,2.36,130.99,733,580.50 
2014/7/11,23233.45,23244.26,57.06,2.08,66.85,734,151.80 
2014/7/18,23454.79,23328.23,63.01,5.54,108.14,735,503.79 
2014/7/25,24216.01,23477.7,76.46,8.78,192.15,736,896.84 
2014/8/1,24532.43,23700.76,80.08,12.21,149.41,737,1338.37 
2014/8/8,24331.41,23885.74,71.68,7.13,80.94,738,1109.89 
2014/8/15,24954.94,24120.51,79.63,8.66,95.45,739,1408.58 
2014/8/22,25112.23,24433.64,81.23,8.8,97.58,740,1878.78 
2014/8/29,24742.06,24648.18,66.52,7.8,59.21,741,1287.27 
2014/9/5,25240.15,24818.87,74.09,8.24,87.71,742,1024.14 
2014/9/12,24595.32,24829.35,54.82,6.04,-15.59,743,62.89 
2014/9/19,24306.16,24825.14,48.09,4.67,-193.15,744,-25.25 
2014/9/26,23678.41,24612.39,36.44,0.56,-143.25,745,-1276.53 
2014/9/30,22932.98,24249.18,27.09,-1.29,-138.65,746,-2179.25 
2014/10/10,23088.54,23995.52,29.11,-1.56,-77.71,747,-1653.52 
2014/10/17,23023.21,23626.03,28.16,-4.93,-67.75,748,-2216.94 
2014/10/24,23302.2,23410.51,38.42,-5.01,-33.22,749,-1293.12 
2014/10/31,23998.06,23359.16,56.85,-1.37,88.93,750,-308.10 
2014/11/7,23550.24,23337.8,46.18,-5.63,102.56,751,-128.17 
2014/11/14,24087.38,23508.27,57.63,-4.08,107.06,752,1022.82 
2014/11/21,23437.12,23566.37,44.02,-5.27,27.25,753,348.58 
2014/11/28,23987.45,23727.08,54.85,-4.96,106.91,754,964.24 
2014/12/5,24002.64,23843.82,55.14,-2.41,7.31,755,700.44 
2014/12/12,23249.2,23719.01,39.99,-4.35,-111.81,756,-748.86 
2014/12/19,23116.63,23646.74,37.79,-2.37,-170.93,757,-433.61 
2014/12/26,23349.34,23523.73,44.23,1.23,-45.75,758,-738.04 
2014/12/31,23605.04,23551.72,50.93,2.24,21.2,759,167.92 
2015/1/9,23919.95,23582.6,57.47,3.89,71.36,760,-67.50 
2015/1/16,24103.52,23599.41,61.61,3.44,120.7,761,100.88 
2015/1/23,24850.45,23866.29,73.96,3.55,121.77,762,1601.25 
2015/1/30,24507.05,24098.02,62.81,4.06,108.45,763,1390.42 
2015/2/6,24679.39,24319.7,65.91,2.46,83.66,764,1330.05 
2015/2/13,24682.54,24457.15,65.97,5.31,39.72,765,824.72 
2015/2/17,24784.88,24601.31,68.23,3.32,92.44,766,864.93 
2015/2/27,24823.29,24729.13,68.71,3.42,115.57,767,719.77 
2015/3/6,24164,24614.73,43.13,3.93,-127.97,768,-686.45 
2015/3/13,23823.21,24500.75,35.04,3.06,-171.65,769,-683.84 
2015/3/20,24375.24,24450.06,52.4,4.39,-60.53,770,-304.15 
2015/3/27,24486.2,24417.34,55.28,2.63,5.93,771,-196.34 
2015/4/3,25275.64,24491.26,70.52,5.67,124.23,772,443.56 
2015/4/10,27272.39,24899.45,85.51,13.15,178.09,773,2449.10 
2015/4/17,27653.12,25480.97,87.02,11.28,118.66,774,3489.12 
2015/4/24,28060.98,26187.26,88.55,14.5,80.36,775,4237.77 
2015/4/30,28133,26813.56,88.83,13.99,80.97,776,3757.76 
2015/5/8,27577.34,27328.75,72.45,11.73,39.28,777,3091.14 
2015/5/15,27822.28,27753.19,74.9,12.04,-3.02,778,2546.64 
2015/5/22,27992.83,27873.26,76.63,12.77,3.1,779,720.44 
2015/5/29,27424.19,27835.1,60.03,13.49,-39.02,780,-228.93 
2015/6/5,27260.16,27701.63,55.84,14.43,-131.88,781,-800.82 
2015/6/12,27280.54,27559.56,56.3,11.92,-148.72,782,-852.46 
2015/6/19,26760.53,27423.42,42.8,9.29,-128.38,783,-816.81 
2015/6/26,26663.87,27230.35,40.63,5.49,-75.24,784,-1158.41 
2015/7/3,26064.11,26908.9,29.49,-4.43,-148.76,785,-1928.72 
2015/7/10,24901.28,26488.42,18,-9.95,-164.81,786,-2522.91 
2015/7/17,25415.27,26180.93,32.04,-9.43,-78.17,787,-1844.89 
2015/7/24,25128.51,25822.26,28.75,-10.68,-46.33,788,-2152.03 
2015/7/31,24636.28,25468.22,23.72,-10.66,-83.36,789,-2124.25 
2015/8/7,24552.47,25116.32,22.9,-11.75,-80.71,790,-2111.40 
2015/8/14,23991.03,24770.81,17.93,-14.3,-99.31,791,-2073.08 
2015/8/21,22409.62,24355.53,10.34,-18.29,-178.38,792,-2491.66 
2015/8/28,21612.39,23721.72,8.24,-20.72,-138.9,793,-3802.88 
2015/9/2,20934.94,23022.79,6.82,-23.26,-104.71,794,-4193.57 
2015/9/11,21504.37,22485.08,22.06,-19.64,-65.08,795,-3131.91 
2015/9/18,21920.83,22046.48,30.67,-17.79,-25.1,796,-2631.64 
2015/9/25,21186.32,21579.02,24.86,-18.71,-46.63,797,-2804.71 
2015/9/30,20846.3,21318.47,22.49,-16.28,-145.11,798,-1563.32 
2015/10/9,22458.8,21569.5,48.29,-11.63,144.52,799,846.41 
2015/10/16,23067.37,21940.63,56.42,-8.2,134.5,800,2226.76 
2015/10/23,23151.94,22215.23,57.54,-6.03,96.97,801,1647.57 
2015/10/30,22640.04,22335.09,48.52,-7.79,61.15,802,719.21 
2015/11/6,22867.33,22615.26,52.49,-4.68,42.02,803,1681.01 
2015/11/13,22396.14,22763.6,44.05,-0.06,-61.68,804,890.05 
2015/11/20,22754.72,22812.92,51.21,5.29,-112.78,805,295.92 
2015/11/27,22068.32,22646.42,39.57,5.89,-109.7,806,-999.05 
2015/12/4,22235.89,22493.74,43.35,3.4,-102.33,807,-916.05 
2015/12/11,21464.05,22297.74,32.23,-2.08,-152.2,808,-1175.99 
2015/12/18,21755.56,22112.45,39.29,2.69,-116.62,809,-1111.77 
2015/12/25,22138.13,22069.45,47.84,2.94,-15.35,810,-258.01 
2015/12/31,21914.4,21929.39,43.54,-2.42,-0.04,811,-840.32 
2016/1/8,20453.71,21660.29,25.53,-11.33,-171.66,812,-1614.61 
2016/1/15,19520.77,21207.77,19.39,-15.68,-154.38,813,-2715.12 
2016/1/22,19080.51,20810.51,17.06,-15.72,-121.97,814,-2383.54 
2016/1/29,19683.11,20465.11,30.71,-13.92,-67.4,815,-2072.45 
2016/2/5,19288.17,19990.11,27.19,-13.88,-57.68,816,-2849.96 
2016/2/19,19285.5,19196.27,38.8,-12.61,-10.11,817,-1168.21 
2016/2/26,19364.15,19170.17,40.16,-12.91,46.39,818,-156.62 
2016/3/4,20176.7,19352.87,53.05,-6,134.68,819,1096.19 
2016/3/11,20199.6,19438.95,53.39,-7.15,124.26,820,516.49 
2016/3/18,20671.63,19669.53,60.47,-6.62,106.61,821,1383.46 
2016/3/25,20345.61,20007.2,53.71,-7.16,80.41,822,2026.03 
2016/4/1,20498.92,20209.44,56.46,0.22,72.84,823,1213.42 
2016/4/8,20370.4,20377.14,53.28,4.35,-6.47,824,1006.25 
2016/4/15,21316.47,20567.11,68.8,11.72,174.42,825,1139.77 
2016/4/22,21467.04,20778.35,70.66,9.06,134.46,826,1267.44 
2016/4/29,21067.05,20844.25,59.37,9.22,72.6,827,395.42 
2016/5/6,20109.87,20804.96,40.7,9.77,-65.7,828,-235.74 
2016/5/13,19719.29,20675.02,35.26,2.25,-105.54,829,-779.63 
2016/5/20,19852.2,20588.65,38.61,2.52,-87.61,830,-518.20 
2016/5/27,20576.77,20465.37,54.12,1.98,-26.8,831,-739.70 
2016/6/3,20947.24,20378.74,60.28,3.7,64.97,832,-519.80 
2016/6/8,21297.88,20417.21,65.53,3.03,129.47,833,230.83 
2016/6/17,20169.98,20384.69,43.04,-0.86,-18.32,834,60.11 
2016/6/24,20259.13,20474.66,45.09,-1.17,-24.79,835,539.84 
2016/7/1,20794.37,20631.69,56.39,2.08,-10.5,836,942.17 
2016/7/8,20564.17,20629.59,50.98,-3.53,17.93,837,-12.60 
2016/7/15,21659.25,20748.26,68.33,0.9,131.2,838,712.01 
2016/7/22,21964.27,20901.86,71.68,4.26,130.02,839,921.63 
2016/7/29,21891.37,21188.76,69.57,8.86,91.26,840,1721.39 
2016/8/5,22146.09,21503.25,72.91,12.31,73.93,841,1886.96 
2016/8/12,22766.91,21832.01,79.5,14.68,114.82,842,1972.54 
2016/8/19,22937.22,22227.52,81.02,11.47,127.72,843,2373.05 
2016/8/26,22909.54,22435.9,79.87,9.37,76.51,844,1250.29 
2016/9/2,23266.7,22652.97,83.51,10.57,87.73,845,1302.43 
2016/9/9,24099.7,23021.03,89.05,19.48,167.62,846,2208.33 
2016/9/14,23190.64,23195.12,61.84,14.47,35.37,847,1044.55 
2016/9/23,23686.48,23372.54,69.54,13.91,69.63,848,919.57 
2016/9/30,23297.15,23432.53,59.31,13.29,6.99,849,359.93 
2016/10/14,23233.31,23584.01,53.19,5.78,-63.08,850,-33.39 
2016/10/21,23374.4,23463.13,55.75,6.77,-93.44,851,-725.30 
2016/10/28,22954.81,23399.66,46.63,3.65,-116.13,852,-380.78 
2016/11/4,22642.62,23225.69,40.69,-0.55,-138.69,853,-1043.86 
2016/11/11,22531.09,23098.01,38.58,-1.77,-129.71,854,-766.06 
2016/11/18,22344.21,22846.74,34.94,-2.47,-109.51,855,-1507.61 
2016/11/25,22723.45,22761.76,47.09,-2.33,-42.19,856,-509.86 
2016/12/2,22564.82,22626.83,43.06,-6.37,8.71,857,-809.58 
2016/12/9,22760.98,22594.53,49.48,-2.46,55.91,858,-193.83 
2016/12/16,22020.75,22490.88,32.75,-7.03,-105.06,859,-621.87 
2016/12/23,21574.76,22331.5,26.31,-7.39,-161.79,860,-956.33 
2016/12/30,22000.56,22274.22,39.85,-7.76,-81.74,861,-343.65 
2017/1/6,22503.01,22237.48,52.27,-3.14,13.09,862,-220.44 
2017/1/13,22937.38,22299.57,60.69,-1.87,100.13,863,372.56 
2017/1/20,22885.91,22320.4,59.21,-0.3,107.07,864,124.93 
2017/1/26,23374.17,22545.97,68.09,3.23,98.27,865,1353.42 
2017/2/3,23129.21,22802.81,60.37,2.65,76.85,866,1554.45 
2017/2/10,23574.98,23065.21,68.45,5.51,107.5,867,1574.42 
2017/2/17,24033.74,23320.33,74.8,5.77,149.75,868,1530.73 
2017/2/24,23965.7,23491.72,72.21,6.21,106.48,869,1028.32 
2017/3/3,23552.72,23602.86,57.69,3.48,27.03,870,666.81 
2017/3/10,23568.67,23637.5,58.08,7.03,-14.81,871,207.89 
2017/3/17,24309.93,23834.29,72.33,12.68,88.92,872,1180.72 
2017/3/24,24358.27,23964.84,73.05,10.72,139.99,873,783.29 
2017/3/31,24111.59,23977.81,63.04,7.15,61.52,874,77.85 
2017/4/7,24267.3,24028.08,66.52,5.8,45.17,875,301.60 
2017/4/14,24261.66,24146.24,66.25,6.01,30.35,876,708.94 
2017/4/21,24042.02,24225.13,55.66,2.92,-125.73,877,473.35 
2017/4/28,24615.13,24276,70.45,6.42,106.85,878,305.20 
2017/5/5,24476.35,24295.68,64.22,3.82,125.22,879,118.08 
2017/5/12,25156.34,24469.8,76.45,4.67,150.84,880,1044.75 
2017/5/19,25174.87,24621.06,76.71,5.05,124.72,881,907.57 
2017/5/26,25639.27,24850.66,82.52,8.86,110.77,882,1377.61 
2017/6/2,25924.05,25164.34,85.23,9.99,113.42,883,1882.03 
2017/6/9,26030.29,25400.2,86.19,7.08,97.12,884,1415.16 
2017/6/16,25626.49,25591.89,66.5,5.21,39.74,885,1150.14 
2017/6/23,25670.05,25677.5,67.46,6.46,31.55,886,513.71 
2017/6/30,25764.58,25775.79,69.73,6.17,14.55,887,589.71 
2017/7/7,25340.85,25726.05,50.73,4.45,-176.27,888,-298.42 
2017/7/14,26389.23,25803.58,72.76,9.76,116.34,889,465.18 
2017/7/21,26706.09,25916.22,76.56,8.49,165.86,890,675.80 
2017/7/28,26979.39,26141.7,79.52,10.23,123.84,891,1352.90 
2017/8/4,27562.68,26457.14,84.52,9.57,114.86,892,1892.63 
2017/8/11,26883.51,26643.63,63.02,6.79,67.54,893,1118.93 
2017/8/18,27047.57,26928.08,65.56,5.49,51.01,894,1706.72 
2017/8/25,27848.16,27171.23,75.44,7.42,110.24,895,1458.93 
2017/9/1,27953.16,27379.08,76.5,7.39,129.52,896,1247.07 
2017/9/8,27668.47,27493.93,67.07,7.97,46.75,897,689.08 
2017/9/15,27807.59,27534.74,69.29,8.33,65.74,898,244.91 
2017/9/22,27880.53,27700.91,70.54,8.21,96.97,899,997.02 
2017/9/29,27554.3,27785.37,57.9,8.73,-85.96,900,506.73 
2017/10/13,28476.43,27974.23,73.85,6.63,117.24,901,523.27 
2017/10/20,28487.24,28110.69,74.02,5.59,80.68,902,818.77 
2017/10/27,28438.85,28215.9,71.59,3.18,44.28,903,631.26 
2017/11/3,28603.61,28336.41,74.95,6.4,61.65,904,723.08 
2017/11/10,29120.92,28597.52,82.68,7.67,197.31,905,1566.62 
2017/11/17,29199.04,28721.02,83.6,4.85,141.41,906,741.00 
2017/11/24,29866.32,28952.66,89.37,6.84,149.47,907,1389.89 
2017/12/1,29074.24,29050.5,59.53,5.08,55.53,908,587.00 
2017/12/8,28639.85,29084,48.81,2.99,-60.63,909,201.00 
2017/12/15,28848.11,29124.75,53.62,3.47,-37.35,910,244.50 
2017/12/22,29578.01,29200.93,66.75,7.34,33.82,911,457.09 
2017/12/29,29919.15,29320.95,71.3,5.13,106.12,912,720.11 
2018/1/5,30814.64,29479,79.96,8.21,151.73,913,948.32 
2018/1/12,31412.54,29868.72,83.86,10.27,123.99,914,2338.30 
2018/1/19,32254.89,30471.22,87.85,13.42,116.14,915,3615.04 
2018/1/26,33154.12,31188.89,90.78,15.91,120.57,916,4306.01 
2018/2/2,32601.78,31692.85,77.1,11.95,86.19,917,3023.77 
2018/2/9,29507.42,31624.23,38.3,1.06,-93.3,918,-411.73 
2018/2/14,30515.6,31574.39,48.44,2.17,-92.44,919,-299.04 
2018/2/23,31267.17,31650.14,54.27,7.54,-32.67,920,-145.37 
2018/3/2,30583.45,31371.56,47.51,6.79,-36.03,921,-1671.44 
2018/3/9,30996.21,31011.91,51.85,7.45,-50.49,922,-2157.91 
2018/3/16,31501.97,30828.61,57.08,6.5,118.9,923,-1099.81 
2018/3/23,30309.29,30962.25,43.67,1.3,-42.75,924,801.87 
2018/3/30,30093.38,30791.91,41.55,-2.34,-119.89,925,-1022.05 
2018/4/4,29518.69,30500.5,35.97,-6.03,-140.15,926,-1748.48 
2018/4/13,30808.38,30592.36,52.75,-4.48,0.79,927,224.93 
2018/4/20,30418.33,30496.05,47.53,-8.25,-27.77,928,-577.88 
2018/4/27,30280.67,30292.5,45.61,-7.12,-30.74,929,-1221.30 
2018/5/4,29926.5,30228.7,40.57,1.42,-30.21,930,-382.79 
2018/5/11,31122.06,30400.15,58.95,0.02,109.68,931,1028.68 
2018/5/18,31047.91,30600.64,57.63,-0.7,148.34,932,1202.97 
2018/5/25,30588.04,30563.92,49.36,0.02,54.73,933,-220.34 
2018/6/1,30492.91,30576.35,47.66,-1.62,-38.98,934,74.58 
2018/6/8,30958.21,30689.27,56.45,-1.73,77.26,935,677.54 
2018/6/15,30309.49,30753.1,44.07,0,-62.12,936,382.99 
2018/6/22,29338.7,30455.88,31.62,-2.51,-173.89,937,-1783.36 
2018/6/29,28955.11,30107.08,27.88,-2.98,-130.24,938,-2092.80 
2018/7/6,28315.62,29728.34,22.55,-8.09,-110.03,939,-2272.42 
2018/7/13,28525.44,29400.43,27.97,-6.22,-68.86,940,-1967.47 
2018/7/20,28224.48,28944.81,24.96,-6.79,-72.34,941,-2733.73 
2018/7/27,28804.28,28693.94,39.9,-3.75,-0.59,942,-1505.21 
2018/8/3,27676.32,28416.88,27.24,-11.07,-104.53,943,-1662.38 
2018/8/10,28366.62,28318.79,40.99,-8.64,-20.03,944,-588.49 
2018/8/17,27213.41,28135.09,29.73,-11.03,-168.16,945,-1102.21 
2018/8/24,27671.87,27992.83,37.87,-9.25,-75.12,946,-853.57 
2018/8/31,27888.55,27936.84,41.7,-9.92,10.61,947,-335.93 
2018/9/7,26973.47,27631.71,31.77,-11.01,-105.28,948,-1830.81 
2018/9/14,27286.41,27566.72,37.85,-7,-105.11,949,-389.91 
2018/9/21,27953.58,27497.88,49.38,-3.46,14.24,950,-413.04 
2018/9/28,27788.52,27593.73,46.8,-1.86,50.87,951,575.11 
2018/10/12,25801.49,27062.67,25.82,-8.58,-166.71,952,-2087.06 
2018/10/19,25561.4,26827.33,24.08,-11.26,-119.47,953,-1412.07 
2018/10/26,24717.63,26399.2,18.74,-10.69,-90,954,-2568.78 
2018/11/2,26486.35,26154.66,47.82,-6.63,-28.58,955,-1467.23 
2018/11/9,25601.92,25790.23,39.37,-5.92,2.93,956,-2186.60 
2018/11/16,26183.53,25725.39,46.79,-5.38,41.84,957,-389.04 
2018/11/23,25927.68,25746.42,43.95,-7.03,69.82,958,126.19 
2018/11/30,26506.75,25903.98,51.88,-1.73,173.55,959,945.35 
2018/12/7,26063.76,26128.33,45.92,-4.48,94.92,960,1346.13 
2018/12/14,26094.79,26063.07,46.44,-6.65,-7.2,961,-391.56 
2018/12/21,25753.42,26088.32,41.23,-7.32,-89.2,962,151.50 
2018/12/28,25504.2,25975.1,37.54,-4.02,-102.77,963,-679.33 
2019/1/4,25626.03,25924.83,40.65,-0.68,-91.56,964,-301.65 
2019/1/11,26667.27,25951.58,60.74,4.33,77.76,965,160.52 
2019/1/18,27090.81,26122.75,66.3,9.6,132.01,966,1027.05 
2019/1/25,27569.19,26368.49,71.74,4.09,122.09,967,1474.40 
2019/2/1,27930.74,26731.37,75.34,9.1,111.12,968,2177.32 
2019/2/15,27900.84,27517.53,73.81,7.61,88.74,969,2274.81 
2019/2/22,28816.3,27875.7,83.01,8.71,126.37,970,2149.03 
2019/3/1,28812.17,28162.59,82.86,10.54,114.19,971,1721.36 
2019/3/8,28228.42,28272.47,62.67,8.18,49.18,972,659.23 
2019/3/15,29012.26,28452.72,73.19,12.65,75.29,973,1081.52 
2019/3/22,29113.36,28647.23,74.31,14.15,126.65,974,1167.04 
2019/3/29,29051.36,28838.98,72.1,13.37,29.24,975,1150.52 
2019/4/4,29936.32,29025.65,81.54,12.26,167.73,976,1120.02 
2019/4/12,29909.76,29208.58,80.55,10.41,111.18,977,1097.59 
2019/4/19,29963.26,29497.72,81.1,8.68,76.25,978,1734.84 
2019/4/26,29605.01,29596.51,66.09,5.99,28.92,979,592.75 
2019/4/30,29699.11,29694.14,67.96,6.27,17.35,980,585.75 
2019/5/10,28550.24,29674.36,39.28,2.33,-200,981,-501.12 
2019/5/17,27946.46,29342.71,32.16,-3.02,-132.85,982,-1989.86 
2019/5/24,27353.93,28916.74,26.5,-5.06,-112.78,983,-2555.83 
2019/5/31,26901.09,28406.38,22.82,-4.7,-100.34,984,-3062.17 
2019/6/6,26965.28,27966.43,24.6,-7.06,-85.68,985,-2639.73 
2019/6/14,27118.35,27472.56,29.27,-6.85,-41.01,986,-2963.20 
2019/6/21,28473.71,27459.8,57.35,-1.99,97.66,987,-76.53 
2019/6/28,28542.62,27559.16,58.36,-4.66,121.74,988,596.16 
2019/7/5,28774.83,27795.98,62,-3.79,106.02,989,1420.90 
2019/7/12,28471.62,28057.74,54.54,-4.98,45.79,990,1570.53 
2019/7/19,28765.4,28357.76,60.12,-2.84,51.76,991,1800.12 
2019/7/26,28397.74,28570.99,50.76,-5.6,13.39,992,1279.39 
2019/8/2,26918.58,28311.8,28.98,-5.72,-200,993,-1555.13 
2019/8/9,25939.3,27877.91,21.62,-7.18,-155.67,994,-2603.32 
2019/8/16,25734.22,27371.14,20.32,-5.92,-110.96,995,-3040.61 
2019/8/23,26179.33,26989.1,31.09,-2.68,-50.75,996,-2292.29 
2019/8/30,25724.73,26482.32,26.67,-4.6,-62.31,997,-3040.67 
2019/9/6,26690.76,26197.82,46.18,-1.58,23.1,998,-1706.98 
2019/9/12,27087.63,26226,52.43,-4.87,153.65,999,169.05 
2019/9/20,26435.67,26352.9,43.01,-7.38,62.3,1000,496.37 
2019/9/27,25954.81,26389.67,37.58,-9.8,-44.08,1001,220.59 
2019/9/30,26092.27,26375.16,40.17,-8.36,-51.18,1002,-87.06 
2019/10/11,26308.44,26427.23,45.67,-8.54,-53.35,1003,583.71 
2019/10/18,26719.58,26432.04,52.85,-5.91,45.38,1004,28.82 
2019/10/25,26667.39,26317.82,51.8,-0.93,64.33,1005,-685.30 
2019/11/1,27100.76,26428.67,59.72,4.48,96.55,1006,665.09 
2019/11/8,27651.14,26711.39,67.78,7.45,145.25,1007,1696.33 
2019/11/15,26326.66,26795.66,42.95,0.56,-27.62,1008,505.63 
2019/11/22,26595.08,26843.44,47.62,3.38,-50.04,1009,286.64 
2019/11/29,26346.49,26781.25,43.65,-1.29,-54.83,1010,-373.09 
2019/12/6,26498.37,26753.08,46.89,-3.12,-97.97,1011,-169.02 
2019/12/13,27687.76,26850.92,65.54,4.74,67.63,1012,587.00 
2019/12/20,27871.35,26887.62,67.65,7.38,142.03,1013,220.21 
2019/12/27,28225.42,27204.08,71.65,9.31,110.79,1014,1898.76 
2020/1/3,28451.5,27513.48,74.11,8.15,102.8,1015,1856.42 
2020/1/10,28638.2,27895.43,76.16,7.18,72.15,1016,2291.71 
2020/1/17,29056.42,28321.78,80.34,8.96,116.22,1017,2558.05 
2020/1/23,27909.12,28358.67,50.94,2.98,-13.77,1018,221.36 
2020/2/7,27404.27,27968.78,47.79,4.09,-81.82,1019,-821.15 
2020/2/14,27815.6,27862.79,52.84,4.59,-19.7,1020,-635.90 
2020/2/21,27308.81,27641.23,46.23,3.65,-14.5,1021,-1329.39 
2020/2/28,26129.93,27153.48,34.26,-1.39,-102.15,1022,-2926.49 
2020/3/6,26146.67,26852.99,34.54,-5.57,-85.36,1023,-1802.97 
2020/3/13,24032.91,26473.03,20.74,-13.77,-181.07,1024,-2279.72 
2020/3/20,22805.07,25706.5,16.22,-19.2,-130.88,1025,-4599.20 
